month,customer_state,category,revenue
2016-09,SP,health_beauty,134.97
2016-10,AL,auto,49.99
2016-10,BA,fashion_bags_accessories,54.9
2016-10,BA,housewares,169.99
2016-10,BA,telephony,19.99
2016-10,CE,auto,499.99
2016-10,CE,consoles_games,629.9
2016-10,CE,furniture_decor,119.99
2016-10,CE,health_beauty,90.0
2016-10,CE,perfumery,309.8
2016-10,DF,computers_accessories,35.0
2016-10,DF,furniture_decor,98.0
2016-10,DF,health_beauty,119.8
2016-10,DF,perfumery,39.9
2016-10,DF,toys,101.9
2016-10,DF,watches_gifts,649.17
2016-10,ES,cool_stuff,69.9
2016-10,ES,health_beauty,99.9
2016-10,ES,office_furniture,689.99
2016-10,GO,furniture_decor,49.0
2016-10,GO,health_beauty,49.9
2016-10,GO,perfumery,589.8
2016-10,GO,sports_leisure,44.9
2016-10,GO,toys,170.89
2016-10,MA,housewares,19.9
2016-10,MA,market_place,467.4
2016-10,MA,office_furniture,176.97
2016-10,MA,sports_leisure,39.99
2016-10,MG,air_conditioning,299.99
2016-10,MG,auto,51.5
2016-10,MG,baby,199.99
2016-10,MG,bed_bath_table,169.9
2016-10,MG,computers_accessories,144.89
2016-10,MG,cool_stuff,49.0
2016-10,MG,fashio_female_clothing,54.9
2016-10,MG,fashion_bags_accessories,79.9
2016-10,MG,furniture_decor,435.19
2016-10,MG,garden_tools,380.0
2016-10,MG,health_beauty,633.65
2016-10,MG,housewares,44.99
2016-10,MG,market_place,58.0
2016-10,MG,office_furniture,129.97
2016-10,MG,perfumery,384.7
2016-10,MG,sports_leisure,149.99
2016-10,MG,telephony,99.7
2016-10,MG,toys,908.69
2016-10,MT,furniture_decor,47.8
2016-10,PA,cool_stuff,89.0
2016-10,PA,furniture_decor,368.7
2016-10,PA,toys,629.9
2016-10,PB,toys,49.9
2016-10,PE,computers_accessories,75.0
2016-10,PE,furniture_decor,49.9
2016-10,PE,health_beauty,75.9
2016-10,PE,perfumery,249.9
2016-10,PE,sports_leisure,798.9
2016-10,PI,health_beauty,210.0
2016-10,PR,baby,79.8
2016-10,PR,bed_bath_table,219.29
2016-10,PR,computers_accessories,43.89
2016-10,PR,fashion_bags_accessories,49.8
2016-10,PR,furniture_decor,1030.29
2016-10,PR,garden_tools,139.99
2016-10,PR,health_beauty,327.66
2016-10,PR,market_place,94.99
2016-10,PR,sports_leisure,18.9
2016-10,RJ,audio,132.0
2016-10,RJ,auto,10.0
2016-10,RJ,baby,619.88
2016-10,RJ,bed_bath_table,59.9
2016-10,RJ,computers_accessories,19.0
2016-10,RJ,consoles_games,998.99
2016-10,RJ,cool_stuff,226.8
2016-10,RJ,diapers_and_hygiene,134.9
2016-10,RJ,fixed_telephony,6.0
2016-10,RJ,furniture_decor,367.48
2016-10,RJ,garden_tools,590.0
2016-10,RJ,health_beauty,698.69
2016-10,RJ,housewares,32.99
2016-10,RJ,perfumery,1434.2
2016-10,RJ,pet_shop,109.9
2016-10,RJ,sports_leisure,461.9
2016-10,RJ,toys,899.75
2016-10,RJ,unknown,15.9
2016-10,RJ,watches_gifts,1399.0
2016-10,RN,auto,161.99
2016-10,RN,computers_accessories,18.9
2016-10,RN,furniture_decor,148.0
2016-10,RN,housewares,399.8
2016-10,RR,health_beauty,39.7
2016-10,RS,computers_accessories,35.0
2016-10,RS,consoles_games,949.99
2016-10,RS,cool_stuff,399.0
2016-10,RS,fashion_bags_accessories,24.9
2016-10,RS,furniture_decor,337.98
2016-10,RS,industry_commerce_and_business,179.8
2016-10,RS,pet_shop,99.9
2016-10,RS,sports_leisure,238.09
2016-10,RS,toys,258.89
2016-10,SC,air_conditioning,599.6
2016-10,SC,fixed_telephony,199.0
2016-10,SC,furniture_decor,799.88
2016-10,SC,health_beauty,339.68
2016-10,SC,perfumery,299.9
2016-10,SE,computers_accessories,161.55
2016-10,SE,consoles_games,58.0
2016-10,SE,furniture_decor,65.9
2016-10,SP,air_conditioning,449.7
2016-10,SP,audio,24.99
2016-10,SP,auto,354.79
2016-10,SP,baby,471.5
2016-10,SP,bed_bath_table,29.9
2016-10,SP,computers_accessories,135.79
2016-10,SP,consoles_games,982.48
2016-10,SP,cool_stuff,212.4
2016-10,SP,electronics,107.99
2016-10,SP,fashion_bags_accessories,163.8
2016-10,SP,fashion_male_clothing,24.9
2016-10,SP,fashion_shoes,29.99
2016-10,SP,fixed_telephony,499.88
2016-10,SP,food,79.9
2016-10,SP,furniture_decor,1772.41
2016-10,SP,garden_tools,249.89
2016-10,SP,health_beauty,754.37
2016-10,SP,housewares,619.4
2016-10,SP,industry_commerce_and_business,179.8
2016-10,SP,market_place,294.9
2016-10,SP,office_furniture,303.95
2016-10,SP,perfumery,1520.9
2016-10,SP,pet_shop,479.88
2016-10,SP,sports_leisure,259.48
2016-10,SP,telephony,108.6
2016-10,SP,toys,1086.58
2016-10,SP,unknown,49.99
2016-10,SP,watches_gifts,662.9
2016-12,PR,fashion_bags_accessories,10.9
2017-01,AC,bed_bath_table,419.7
2017-01,AC,furniture_decor,169.9
2017-01,AL,garden_tools,129.99
2017-01,AL,telephony,263.98
2017-01,BA,auto,92.1
2017-01,BA,computers_accessories,30.0
2017-01,BA,fashion_bags_accessories,139.0
2017-01,BA,furniture_decor,305.59
2017-01,BA,garden_tools,194.99
2017-01,BA,health_beauty,1558.8
2017-01,BA,housewares,99.96
2017-01,BA,kitchen_dining_laundry_garden_furniture,110.0
2017-01,BA,office_furniture,119.6
2017-01,BA,perfumery,549.7
2017-01,BA,pet_shop,213.5
2017-01,BA,sports_leisure,159.9
2017-01,BA,toys,214.88
2017-01,CE,bed_bath_table,69.9
2017-01,CE,cool_stuff,219.99
2017-01,CE,fashion_bags_accessories,33.9
2017-01,CE,furniture_decor,126.9
2017-01,CE,health_beauty,129.9
2017-01,CE,telephony,34.9
2017-01,CE,watches_gifts,279.0
2017-01,DF,cool_stuff,907.9
2017-01,DF,fashion_bags_accessories,52.9
2017-01,DF,fashion_underwear_beach,86.25
2017-01,DF,furniture_decor,227.9
2017-01,DF,health_beauty,283.89
2017-01,DF,sports_leisure,260.89
2017-01,DF,telephony,6.9
2017-01,ES,computers_accessories,20.9
2017-01,ES,consoles_games,14.9
2017-01,ES,cool_stuff,177.0
2017-01,ES,furniture_decor,116.8
2017-01,ES,health_beauty,380.87
2017-01,ES,pet_shop,70.83
2017-01,ES,toys,34.9
2017-01,GO,auto,117.3
2017-01,GO,baby,35.0
2017-01,GO,computers_accessories,343.0
2017-01,GO,cool_stuff,389.88
2017-01,GO,fixed_telephony,124.9
2017-01,GO,furniture_living_room,209.99
2017-01,GO,garden_tools,765.0
2017-01,GO,health_beauty,373.8
2017-01,GO,housewares,152.73
2017-01,GO,sports_leisure,66.9
2017-01,GO,unknown,349.99
2017-01,GO,watches_gifts,1299.0
2017-01,MA,auto,47.5
2017-01,MA,computers_accessories,18.0
2017-01,MA,furniture_decor,50.9
2017-01,MA,housewares,63.9
2017-01,MA,perfumery,309.9
2017-01,MA,sports_leisure,72.9
2017-01,MG,auto,1115.98
2017-01,MG,baby,782.69
2017-01,MG,bed_bath_table,499.18
2017-01,MG,computers_accessories,236.7
2017-01,MG,consoles_games,519.79
2017-01,MG,cool_stuff,640.04
2017-01,MG,fashion_bags_accessories,254.6
2017-01,MG,fixed_telephony,10.99
2017-01,MG,furniture_decor,2422.27
2017-01,MG,garden_tools,2220.9
2017-01,MG,health_beauty,1625.29
2017-01,MG,housewares,60.0
2017-01,MG,luggage_accessories,294.8
2017-01,MG,office_furniture,239.99
2017-01,MG,perfumery,658.5
2017-01,MG,small_appliances,576.0
2017-01,MG,sports_leisure,924.0
2017-01,MG,stationery,716.49
2017-01,MG,telephony,112.82
2017-01,MG,toys,1355.82
2017-01,MG,unknown,169.0
2017-01,MG,watches_gifts,318.0
2017-01,MS,pet_shop,149.0
2017-01,MT,cool_stuff,449.0
2017-01,MT,fashion_bags_accessories,29.8
2017-01,MT,furniture_living_room,199.99
2017-01,MT,garden_tools,289.98
2017-01,MT,health_beauty,99.0
2017-01,MT,sports_leisure,297.0
2017-01,MT,telephony,18.99
2017-01,MT,toys,269.98
2017-01,PA,bed_bath_table,119.9
2017-01,PA,consoles_games,39.9
2017-01,PA,cool_stuff,119.99
2017-01,PA,fashion_bags_accessories,19.9
2017-01,PA,fashion_male_clothing,126.9
2017-01,PA,furniture_decor,59.9
2017-01,PA,garden_tools,29.99
2017-01,PA,market_place,62.9
2017-01,PA,toys,299.99
2017-01,PA,watches_gifts,379.0
2017-01,PB,furniture_decor,59.9
2017-01,PB,health_beauty,349.9
2017-01,PE,baby,168.0
2017-01,PE,consoles_games,214.9
2017-01,PE,cool_stuff,164.89
2017-01,PE,electronics,59.9
2017-01,PE,furniture_decor,119.9
2017-01,PE,health_beauty,349.9
2017-01,PE,sports_leisure,772.0
2017-01,PE,telephony,34.99
2017-01,PI,agro_industry_and_commerce,21.99
2017-01,PI,baby,669.0
2017-01,PI,consoles_games,195.99
2017-01,PI,furniture_decor,37.99
2017-01,PI,health_beauty,215.89
2017-01,PI,sports_leisure,109.99
2017-01,PR,auto,649.58
2017-01,PR,baby,406.79
2017-01,PR,bed_bath_table,198.7
2017-01,PR,computers_accessories,87.7
2017-01,PR,consoles_games,309.9
2017-01,PR,cool_stuff,798.0
2017-01,PR,dvds_blu_ray,29.8
2017-01,PR,electronics,29.5
2017-01,PR,fashion_bags_accessories,148.0
2017-01,PR,furniture_bedroom,63.3
2017-01,PR,furniture_decor,301.79
2017-01,PR,garden_tools,537.0
2017-01,PR,health_beauty,551.16
2017-01,PR,home_appliances_2,31.98
2017-01,PR,music,19.8
2017-01,PR,pet_shop,50.4
2017-01,PR,small_appliances,97.99
2017-01,PR,sports_leisure,275.49
2017-01,PR,stationery,10.9
2017-01,PR,toys,8.9
2017-01,PR,watches_gifts,442.95
2017-01,RJ,air_conditioning,189.0
2017-01,RJ,auto,68.99
2017-01,RJ,baby,399.88
2017-01,RJ,bed_bath_table,644.02
2017-01,RJ,computers_accessories,99.0
2017-01,RJ,consoles_games,109.9
2017-01,RJ,cool_stuff,183.9
2017-01,RJ,electronics,98.9
2017-01,RJ,fashio_female_clothing,54.9
2017-01,RJ,fashion_bags_accessories,129.6
2017-01,RJ,fashion_underwear_beach,51.0
2017-01,RJ,fixed_telephony,21.98
2017-01,RJ,furniture_decor,1949.58
2017-01,RJ,furniture_living_room,519.95
2017-01,RJ,garden_tools,1229.77
2017-01,RJ,health_beauty,646.4
2017-01,RJ,home_appliances_2,209.9
2017-01,RJ,housewares,347.7
2017-01,RJ,luggage_accessories,87.9
2017-01,RJ,office_furniture,199.98
2017-01,RJ,perfumery,993.5
2017-01,RJ,small_appliances,37.9
2017-01,RJ,sports_leisure,903.66
2017-01,RJ,telephony,157.99
2017-01,RJ,toys,475.63
2017-01,RJ,unknown,90.0
2017-01,RJ,watches_gifts,2147.17
2017-01,RN,baby,149.99
2017-01,RN,furniture_decor,43.9
2017-01,RN,health_beauty,800.99
2017-01,RN,toys,129.99
2017-01,RO,cool_stuff,399.0
2017-01,RO,perfumery,99.9
2017-01,RO,security_and_services,183.29
2017-01,RS,auto,347.2
2017-01,RS,baby,2643.0
2017-01,RS,bed_bath_table,229.89
2017-01,RS,computers,2199.99
2017-01,RS,computers_accessories,2019.9
2017-01,RS,cool_stuff,119.99
2017-01,RS,electronics,39.0
2017-01,RS,fashion_bags_accessories,54.9
2017-01,RS,fixed_telephony,181.95
2017-01,RS,furniture_decor,893.8
2017-01,RS,garden_tools,359.48
2017-01,RS,health_beauty,1540.39
2017-01,RS,housewares,149.9
2017-01,RS,perfumery,669.7
2017-01,RS,sports_leisure,324.11
2017-01,RS,telephony,9.99
2017-01,RS,toys,66.99
2017-01,RS,unknown,53.8
2017-01,SC,auto,234.6
2017-01,SC,baby,219.99
2017-01,SC,bed_bath_table,139.49
2017-01,SC,consoles_games,223.9
2017-01,SC,cool_stuff,889.6
2017-01,SC,fashion_bags_accessories,229.79
2017-01,SC,furniture_decor,201.1
2017-01,SC,garden_tools,239.9
2017-01,SC,health_beauty,31.0
2017-01,SC,home_appliances_2,998.0
2017-01,SC,housewares,672.84
2017-01,SC,perfumery,164.4
2017-01,SC,sports_leisure,753.7
2017-01,SC,unknown,23.26
2017-01,SE,bed_bath_table,65.9
2017-01,SE,market_place,25.0
2017-01,SE,perfumery,59.9
2017-01,SE,sports_leisure,113.0
2017-01,SP,agro_industry_and_commerce,43.98
2017-01,SP,air_conditioning,474.7
2017-01,SP,auto,2146.78
2017-01,SP,baby,743.54
2017-01,SP,bed_bath_table,1417.68
2017-01,SP,books_general_interest,234.89
2017-01,SP,computers_accessories,1068.94
2017-01,SP,consoles_games,2885.26
2017-01,SP,cool_stuff,1397.69
2017-01,SP,electronics,389.7
2017-01,SP,fashio_female_clothing,22.4
2017-01,SP,fashion_bags_accessories,579.58
2017-01,SP,fashion_shoes,34.9
2017-01,SP,fixed_telephony,337.3
2017-01,SP,food,42.82
2017-01,SP,furniture_bedroom,9.9
2017-01,SP,furniture_decor,5948.51
2017-01,SP,furniture_living_room,311.97
2017-01,SP,garden_tools,1469.95
2017-01,SP,health_beauty,3079.36
2017-01,SP,home_appliances_2,676.9
2017-01,SP,home_comfort_2,72.8
2017-01,SP,housewares,1280.55
2017-01,SP,luggage_accessories,109.8
2017-01,SP,market_place,326.24
2017-01,SP,musical_instruments,339.74
2017-01,SP,office_furniture,598.78
2017-01,SP,perfumery,1607.1
2017-01,SP,pet_shop,315.39
2017-01,SP,small_appliances,948.9
2017-01,SP,sports_leisure,4178.6
2017-01,SP,stationery,834.6
2017-01,SP,telephony,115.38
2017-01,SP,toys,1431.12
2017-01,SP,unknown,917.59
2017-01,SP,watches_gifts,3221.4
2017-01,TO,health_beauty,349.9
2017-01,TO,toys,279.99
2017-02,AC,computers_accessories,80.6
2017-02,AC,health_beauty,369.8
2017-02,AL,auto,99.75
2017-02,AL,cool_stuff,119.99
2017-02,AL,furniture_decor,364.71
2017-02,AL,health_beauty,924.79
2017-02,AL,market_place,29.9
2017-02,AL,stationery,89.9
2017-02,AL,telephony,986.99
2017-02,AM,bed_bath_table,214.8
2017-02,AM,consoles_games,343.4
2017-02,AM,garden_tools,35.0
2017-02,AM,housewares,149.9
2017-02,AM,pet_shop,109.9
2017-02,AM,telephony,49.89
2017-02,AP,fixed_telephony,199.95
2017-02,AP,health_beauty,349.9
2017-02,BA,air_conditioning,375.8
2017-02,BA,auto,472.86
2017-02,BA,baby,175.9
2017-02,BA,bed_bath_table,404.6
2017-02,BA,books_general_interest,119.5
2017-02,BA,computers_accessories,186.45
2017-02,BA,cool_stuff,164.89
2017-02,BA,electronics,75.0
2017-02,BA,fashion_bags_accessories,34.95
2017-02,BA,food,168.89
2017-02,BA,furniture_decor,315.9
2017-02,BA,furniture_living_room,207.98
2017-02,BA,garden_tools,544.89
2017-02,BA,health_beauty,557.68
2017-02,BA,housewares,19.9
2017-02,BA,luggage_accessories,54.9
2017-02,BA,office_furniture,296.95
2017-02,BA,perfumery,489.8
2017-02,BA,sports_leisure,426.58
2017-02,BA,stationery,564.7
2017-02,BA,tablets_printing_image,198.0
2017-02,BA,telephony,464.97
2017-02,BA,toys,120.0
2017-02,BA,unknown,212.0
2017-02,BA,watches_gifts,337.69
2017-02,CE,auto,49.74
2017-02,CE,books_general_interest,115.0
2017-02,CE,consoles_games,689.89
2017-02,CE,cool_stuff,79.99
2017-02,CE,food,149.9
2017-02,CE,furniture_decor,343.89
2017-02,CE,health_beauty,23.9
2017-02,CE,luggage_accessories,55.9
2017-02,CE,market_place,62.9
2017-02,CE,office_furniture,176.96
2017-02,CE,sports_leisure,309.0
2017-02,CE,telephony,37.99
2017-02,DF,auto,339.8
2017-02,DF,bed_bath_table,151.9
2017-02,DF,computers,3549.0
2017-02,DF,computers_accessories,3699.99
2017-02,DF,consoles_games,99.9
2017-02,DF,cool_stuff,259.95
2017-02,DF,fashion_bags_accessories,159.9
2017-02,DF,health_beauty,334.89
2017-02,DF,luggage_accessories,109.9
2017-02,DF,small_appliances,795.89
2017-02,DF,sports_leisure,192.89
2017-02,DF,toys,163.8
2017-02,ES,air_conditioning,375.8
2017-02,ES,auto,229.9
2017-02,ES,baby,179.99
2017-02,ES,bed_bath_table,99.9
2017-02,ES,computers_accessories,422.97
2017-02,ES,fashio_female_clothing,115.0
2017-02,ES,fixed_telephony,15.0
2017-02,ES,furniture_decor,419.5
2017-02,ES,housewares,229.8
2017-02,ES,office_furniture,289.97
2017-02,ES,perfumery,64.99
2017-02,ES,sports_leisure,719.3
2017-02,ES,stationery,94.9
2017-02,ES,telephony,32.99
2017-02,ES,toys,133.98
2017-02,ES,unknown,146.7
2017-02,ES,watches_gifts,323.9
2017-02,GO,agro_industry_and_commerce,21.99
2017-02,GO,auto,143.8
2017-02,GO,computers_accessories,279.9
2017-02,GO,cool_stuff,963.99
2017-02,GO,fashion_bags_accessories,174.89
2017-02,GO,fashion_shoes,69.8
2017-02,GO,furniture_decor,59.8
2017-02,GO,health_beauty,134.29
2017-02,GO,housewares,34.9
2017-02,GO,market_place,10.0
2017-02,GO,sports_leisure,62.89
2017-02,GO,telephony,240.82
2017-02,GO,toys,42.99
2017-02,MA,bed_bath_table,109.9
2017-02,MA,cool_stuff,79.99
2017-02,MA,electronics,79.0
2017-02,MA,fashion_bags_accessories,59.9
2017-02,MA,furniture_decor,163.9
2017-02,MA,garden_tools,39.9
2017-02,MA,health_beauty,23.9
2017-02,MA,housewares,169.9
2017-02,MA,market_place,25.9
2017-02,MA,telephony,142.99
2017-02,MG,agro_industry_and_commerce,21.99
2017-02,MG,air_conditioning,375.8
2017-02,MG,audio,69.9
2017-02,MG,auto,2543.47
2017-02,MG,baby,307.9
2017-02,MG,bed_bath_table,3467.24
2017-02,MG,cine_photo,59.0
2017-02,MG,computers_accessories,747.8
2017-02,MG,consoles_games,1431.1
2017-02,MG,construction_tools_construction,149.9
2017-02,MG,cool_stuff,751.76
2017-02,MG,electronics,39.9
2017-02,MG,fashio_female_clothing,248.9
2017-02,MG,fashion_bags_accessories,317.1
2017-02,MG,fashion_male_clothing,110.35
2017-02,MG,fashion_underwear_beach,52.0
2017-02,MG,fixed_telephony,52.87
2017-02,MG,food,149.9
2017-02,MG,furniture_bedroom,450.0
2017-02,MG,furniture_decor,2677.96
2017-02,MG,furniture_living_room,501.99
2017-02,MG,garden_tools,1329.88
2017-02,MG,health_beauty,1391.71
2017-02,MG,home_appliances,115.0
2017-02,MG,home_appliances_2,15.99
2017-02,MG,housewares,373.5
2017-02,MG,luggage_accessories,174.8
2017-02,MG,market_place,151.98
2017-02,MG,musical_instruments,223.9
2017-02,MG,office_furniture,2256.65
2017-02,MG,perfumery,1525.1
2017-02,MG,pet_shop,566.38
2017-02,MG,small_appliances,52.0
2017-02,MG,sports_leisure,2621.05
2017-02,MG,stationery,160.8
2017-02,MG,tablets_printing_image,99.0
2017-02,MG,telephony,675.57
2017-02,MG,toys,774.29
2017-02,MG,unknown,1079.63
2017-02,MG,watches_gifts,447.26
2017-02,MS,agro_industry_and_commerce,114.89
2017-02,MS,bed_bath_table,80.99
2017-02,MS,computers_accessories,49.99
2017-02,MS,electronics,106.95
2017-02,MS,fixed_telephony,32.99
2017-02,MS,housewares,6735.0
2017-02,MS,pet_shop,44.0
2017-02,MS,sports_leisure,354.98
2017-02,MT,auto,89.9
2017-02,MT,cool_stuff,359.98
2017-02,MT,furniture_decor,119.6
2017-02,MT,garden_tools,1597.7
2017-02,MT,health_beauty,72.0
2017-02,MT,market_place,339.74
2017-02,MT,pet_shop,195.0
2017-02,MT,sports_leisure,35.0
2017-02,MT,telephony,136.49
2017-02,MT,toys,42.99
2017-02,PA,computers_accessories,95.8
2017-02,PA,cool_stuff,75.99
2017-02,PA,furniture_decor,99.0
2017-02,PA,garden_tools,990.0
2017-02,PA,health_beauty,1009.97
2017-02,PA,home_appliances,147.9
2017-02,PA,musical_instruments,343.76
2017-02,PA,office_furniture,89.99
2017-02,PA,perfumery,379.9
2017-02,PA,small_appliances,139.8
2017-02,PA,sports_leisure,204.0
2017-02,PA,telephony,263.98
2017-02,PA,toys,51.4
2017-02,PA,unknown,3980.0
2017-02,PA,watches_gifts,1731.1
2017-02,PB,auto,59.9
2017-02,PB,bed_bath_table,109.9
2017-02,PB,cool_stuff,279.64
2017-02,PB,fashion_bags_accessories,49.9
2017-02,PB,furniture_decor,39.9
2017-02,PB,furniture_living_room,329.9
2017-02,PB,garden_tools,449.9
2017-02,PB,health_beauty,349.9
2017-02,PB,perfumery,20.9
2017-02,PB,sports_leisure,105.0
2017-02,PB,toys,104.99
2017-02,PE,auto,143.8
2017-02,PE,computers_accessories,628.0
2017-02,PE,cool_stuff,678.39
2017-02,PE,dvds_blu_ray,14.9
2017-02,PE,fixed_telephony,29.9
2017-02,PE,food,15.32
2017-02,PE,furniture_decor,119.99
2017-02,PE,health_beauty,329.9
2017-02,PE,luggage_accessories,54.9
2017-02,PE,market_place,154.16
2017-02,PE,perfumery,129.9
2017-02,PE,pet_shop,84.9
2017-02,PE,sports_leisure,148.99
2017-02,PE,telephony,248.86
2017-02,PI,baby,100.0
2017-02,PI,computers_accessories,20.9
2017-02,PI,fashion_bags_accessories,69.0
2017-02,PI,garden_tools,1099.0
2017-02,PI,health_beauty,760.0
2017-02,PI,pet_shop,679.99
2017-02,PI,tablets_printing_image,198.0
2017-02,PI,toys,64.9
2017-02,PI,watches_gifts,24.9
2017-02,PR,auto,1453.28
2017-02,PR,baby,329.06
2017-02,PR,bed_bath_table,2518.95
2017-02,PR,computers_accessories,107.58
2017-02,PR,construction_tools_construction,149.9
2017-02,PR,cool_stuff,2908.87
2017-02,PR,electronics,55.0
2017-02,PR,fashion_bags_accessories,199.99
2017-02,PR,fashion_underwear_beach,24.99
2017-02,PR,fixed_telephony,40.89
2017-02,PR,food,15.32
2017-02,PR,furniture_decor,1419.35
2017-02,PR,furniture_living_room,103.99
2017-02,PR,garden_tools,598.89
2017-02,PR,health_beauty,1347.79
2017-02,PR,housewares,621.69
2017-02,PR,luggage_accessories,314.7
2017-02,PR,market_place,65.89
2017-02,PR,office_furniture,1774.76
2017-02,PR,perfumery,768.59
2017-02,PR,pet_shop,209.8
2017-02,PR,small_appliances,708.85
2017-02,PR,sports_leisure,433.09
2017-02,PR,telephony,873.72
2017-02,PR,toys,910.87
2017-02,RJ,agro_industry_and_commerce,43.98
2017-02,RJ,air_conditioning,109.0
2017-02,RJ,audio,29.9
2017-02,RJ,auto,1443.15
2017-02,RJ,baby,869.9
2017-02,RJ,bed_bath_table,2085.81
2017-02,RJ,books_general_interest,257.31
2017-02,RJ,computers_accessories,1300.51
2017-02,RJ,consoles_games,314.8
2017-02,RJ,construction_tools_construction,36.99
2017-02,RJ,cool_stuff,710.97
2017-02,RJ,costruction_tools_garden,579.98
2017-02,RJ,electronics,488.2
2017-02,RJ,fashion_bags_accessories,54.9
2017-02,RJ,fashion_male_clothing,175.8
2017-02,RJ,fashion_underwear_beach,268.98
2017-02,RJ,fixed_telephony,29.9
2017-02,RJ,furniture_decor,3171.12
2017-02,RJ,furniture_living_room,809.93
2017-02,RJ,garden_tools,799.12
2017-02,RJ,health_beauty,3633.02
2017-02,RJ,home_construction,373.8
2017-02,RJ,housewares,736.98
2017-02,RJ,kitchen_dining_laundry_garden_furniture,29.9
2017-02,RJ,luggage_accessories,54.9
2017-02,RJ,musical_instruments,65.9
2017-02,RJ,office_furniture,2133.73
2017-02,RJ,perfumery,1739.0
2017-02,RJ,pet_shop,328.49
2017-02,RJ,small_appliances,1596.6
2017-02,RJ,sports_leisure,2044.53
2017-02,RJ,stationery,658.7
2017-02,RJ,tablets_printing_image,198.0
2017-02,RJ,telephony,827.54
2017-02,RJ,toys,642.03
2017-02,RJ,unknown,850.29
2017-02,RJ,watches_gifts,476.74
2017-02,RN,auto,10.0
2017-02,RN,baby,61.9
2017-02,RN,computers_accessories,15.9
2017-02,RN,furniture_decor,35.5
2017-02,RN,health_beauty,23.9
2017-02,RN,housewares,26.9
2017-02,RN,kitchen_dining_laundry_garden_furniture,110.0
2017-02,RN,toys,114.8
2017-02,RO,auto,9.99
2017-02,RO,bed_bath_table,81.8
2017-02,RO,computers_accessories,41.8
2017-02,RO,furniture_decor,499.88
2017-02,RO,health_beauty,622.9
2017-02,RO,housewares,69.9
2017-02,RO,office_furniture,119.99
2017-02,RR,computers_accessories,26.9
2017-02,RR,health_beauty,23.9
2017-02,RS,audio,64.0
2017-02,RS,auto,203.67
2017-02,RS,baby,50.0
2017-02,RS,bed_bath_table,518.09
2017-02,RS,books_general_interest,116.0
2017-02,RS,computers_accessories,300.66
2017-02,RS,consoles_games,558.3
2017-02,RS,construction_tools_safety,379.0
2017-02,RS,cool_stuff,828.87
2017-02,RS,electronics,169.0
2017-02,RS,fashion_bags_accessories,79.9
2017-02,RS,fixed_telephony,139.98
2017-02,RS,furniture_decor,858.56
2017-02,RS,furniture_living_room,139.9
2017-02,RS,garden_tools,835.64
2017-02,RS,health_beauty,2021.35
2017-02,RS,housewares,254.7
2017-02,RS,luggage_accessories,364.69
2017-02,RS,market_place,62.9
2017-02,RS,office_furniture,339.98
2017-02,RS,perfumery,459.5
2017-02,RS,pet_shop,254.79
2017-02,RS,small_appliances,632.88
2017-02,RS,sports_leisure,673.48
2017-02,RS,stationery,89.9
2017-02,RS,telephony,312.68
2017-02,RS,toys,1501.89
2017-02,RS,unknown,80.4
2017-02,RS,watches_gifts,2713.03
2017-02,SC,auto,32.15
2017-02,SC,baby,23.9
2017-02,SC,bed_bath_table,20.0
2017-02,SC,consoles_games,101.99
2017-02,SC,cool_stuff,199.89
2017-02,SC,electronics,79.8
2017-02,SC,fashion_bags_accessories,329.69
2017-02,SC,furniture_decor,406.77
2017-02,SC,garden_tools,128.9
2017-02,SC,health_beauty,980.08
2017-02,SC,home_appliances,159.0
2017-02,SC,home_confort,230.0
2017-02,SC,housewares,59.8
2017-02,SC,industry_commerce_and_business,119.0
2017-02,SC,market_place,76.9
2017-02,SC,office_furniture,89.99
2017-02,SC,perfumery,829.7
2017-02,SC,pet_shop,426.33
2017-02,SC,small_appliances,14.99
2017-02,SC,sports_leisure,962.92
2017-02,SC,telephony,234.93
2017-02,SC,toys,152.79
2017-02,SC,watches_gifts,318.33
2017-02,SE,computers_accessories,50.9
2017-02,SE,consoles_games,46.0
2017-02,SE,furniture_decor,178.5
2017-02,SE,furniture_living_room,796.0
2017-02,SE,health_beauty,254.98
2017-02,SE,pet_shop,110.0
2017-02,SE,sports_leisure,119.7
2017-02,SE,telephony,19.99
2017-02,SE,toys,159.9
2017-02,SE,unknown,125.85
2017-02,SP,agro_industry_and_commerce,21.99
2017-02,SP,air_conditioning,1168.9
2017-02,SP,auto,4893.63
2017-02,SP,baby,739.03
2017-02,SP,bed_bath_table,5708.25
2017-02,SP,books_general_interest,164.9
2017-02,SP,books_technical,159.0
2017-02,SP,computers_accessories,3262.44
2017-02,SP,consoles_games,709.39
2017-02,SP,cool_stuff,3871.45
2017-02,SP,electronics,126.0
2017-02,SP,fashion_bags_accessories,640.19
2017-02,SP,fashion_male_clothing,259.8
2017-02,SP,fashion_shoes,37.25
2017-02,SP,fashion_underwear_beach,51.0
2017-02,SP,fixed_telephony,206.76
2017-02,SP,food,177.4
2017-02,SP,furniture_decor,8463.58
2017-02,SP,furniture_living_room,519.95
2017-02,SP,garden_tools,3285.8
2017-02,SP,health_beauty,6519.37
2017-02,SP,home_appliances,319.0
2017-02,SP,home_confort,184.66
2017-02,SP,home_construction,321.8
2017-02,SP,housewares,1812.47
2017-02,SP,luggage_accessories,474.5
2017-02,SP,market_place,593.95
2017-02,SP,musical_instruments,1587.72
2017-02,SP,office_furniture,3100.05
2017-02,SP,perfumery,1633.0
2017-02,SP,pet_shop,575.29
2017-02,SP,small_appliances,3310.57
2017-02,SP,sports_leisure,6067.91
2017-02,SP,stationery,682.5
2017-02,SP,tablets_printing_image,99.0
2017-02,SP,telephony,1142.94
2017-02,SP,toys,4371.82
2017-02,SP,unknown,2046.24
2017-02,SP,watches_gifts,4619.44
2017-02,TO,auto,139.99
2017-02,TO,cool_stuff,119.99
2017-02,TO,fixed_telephony,10.99
2017-02,TO,furniture_decor,169.0
2017-02,TO,office_furniture,176.96
2017-02,TO,sports_leisure,148.67
2017-03,AC,perfumery,56.99
2017-03,AC,stationery,399.0
2017-03,AL,audio,79.0
2017-03,AL,auto,119.9
2017-03,AL,consoles_games,194.5
2017-03,AL,fashion_shoes,199.7
2017-03,AL,garden_tools,43.9
2017-03,AL,perfumery,198.9
2017-03,AL,stationery,149.0
2017-03,AL,telephony,105.0
2017-03,AL,toys,84.89
2017-03,AM,baby,149.9
2017-03,AM,cool_stuff,99.9
2017-03,AM,perfumery,49.9
2017-03,AM,toys,171.79
2017-03,AM,watches_gifts,159.9
2017-03,AP,cool_stuff,75.0
2017-03,AP,fixed_telephony,32.99
2017-03,AP,furniture_decor,195.8
2017-03,BA,air_conditioning,59.9
2017-03,BA,auto,1663.9
2017-03,BA,bed_bath_table,378.09
2017-03,BA,books_general_interest,115.0
2017-03,BA,computers_accessories,244.51
2017-03,BA,consoles_games,689.89
2017-03,BA,cool_stuff,648.0
2017-03,BA,fashion_bags_accessories,428.6
2017-03,BA,fixed_telephony,559.96
2017-03,BA,food,177.4
2017-03,BA,furniture_decor,708.49
2017-03,BA,garden_tools,1947.89
2017-03,BA,health_beauty,1625.36
2017-03,BA,home_appliances,48.0
2017-03,BA,home_confort,7.9
2017-03,BA,housewares,658.1
2017-03,BA,luggage_accessories,249.99
2017-03,BA,musical_instruments,340.74
2017-03,BA,office_furniture,179.92
2017-03,BA,perfumery,1092.59
2017-03,BA,small_appliances,109.9
2017-03,BA,sports_leisure,1620.55
2017-03,BA,telephony,784.84
2017-03,BA,toys,264.89
2017-03,BA,unknown,65.2
2017-03,BA,watches_gifts,798.71
2017-03,CE,bed_bath_table,89.9
2017-03,CE,computers_accessories,49.9
2017-03,CE,consoles_games,1600.19
2017-03,CE,health_beauty,818.0
2017-03,CE,home_confort,89.9
2017-03,CE,housewares,15.99
2017-03,CE,office_furniture,319.92
2017-03,CE,perfumery,619.8
2017-03,CE,small_appliances,373.0
2017-03,CE,sports_leisure,239.78
2017-03,CE,telephony,25.0
2017-03,CE,toys,169.9
2017-03,CE,unknown,154.7
2017-03,CE,watches_gifts,1404.0
2017-03,DF,art,37.0
2017-03,DF,auto,382.7
2017-03,DF,baby,65.97
2017-03,DF,bed_bath_table,817.19
2017-03,DF,computers_accessories,291.8
2017-03,DF,cool_stuff,99.99
2017-03,DF,fashion_bags_accessories,65.0
2017-03,DF,furniture_decor,611.16
2017-03,DF,furniture_living_room,129.9
2017-03,DF,health_beauty,159.8
2017-03,DF,home_confort,89.9
2017-03,DF,home_construction,139.99
2017-03,DF,housewares,259.89
2017-03,DF,musical_instruments,4.9
2017-03,DF,perfumery,119.0
2017-03,DF,small_appliances,2338.99
2017-03,DF,sports_leisure,626.4
2017-03,DF,stationery,200.9
2017-03,DF,telephony,64.9
2017-03,DF,toys,101.89
2017-03,DF,unknown,16.9
2017-03,DF,watches_gifts,179.8
2017-03,ES,air_conditioning,95.0
2017-03,ES,audio,79.0
2017-03,ES,auto,69.99
2017-03,ES,bed_bath_table,159.8
2017-03,ES,books_general_interest,604.1
2017-03,ES,computers_accessories,62.8
2017-03,ES,cool_stuff,569.98
2017-03,ES,fashion_bags_accessories,59.0
2017-03,ES,fixed_telephony,69.9
2017-03,ES,food,149.9
2017-03,ES,furniture_decor,208.1
2017-03,ES,furniture_living_room,309.89
2017-03,ES,health_beauty,139.0
2017-03,ES,housewares,185.2
2017-03,ES,kitchen_dining_laundry_garden_furniture,48.0
2017-03,ES,market_place,164.8
2017-03,ES,office_furniture,263.96
2017-03,ES,perfumery,129.9
2017-03,ES,pet_shop,90.98
2017-03,ES,sports_leisure,553.49
2017-03,ES,telephony,116.78
2017-03,ES,toys,418.53
2017-03,ES,watches_gifts,384.81
2017-03,GO,art,109.6
2017-03,GO,audio,34.99
2017-03,GO,auto,1199.0
2017-03,GO,bed_bath_table,349.57
2017-03,GO,books_general_interest,115.0
2017-03,GO,computers_accessories,71.7
2017-03,GO,cool_stuff,467.97
2017-03,GO,drinks,173.99
2017-03,GO,fashion_bags_accessories,216.8
2017-03,GO,fashion_shoes,294.9
2017-03,GO,furniture_decor,737.99
2017-03,GO,furniture_living_room,103.97
2017-03,GO,garden_tools,2360.59
2017-03,GO,health_beauty,491.36
2017-03,GO,housewares,173.99
2017-03,GO,luggage_accessories,129.5
2017-03,GO,office_furniture,129.96
2017-03,GO,perfumery,312.88
2017-03,GO,pet_shop,125.9
2017-03,GO,telephony,282.78
2017-03,GO,unknown,120.0
2017-03,GO,watches_gifts,492.02
2017-03,MA,auto,20.0
2017-03,MA,bed_bath_table,109.9
2017-03,MA,computers_accessories,562.8
2017-03,MA,furniture_decor,119.9
2017-03,MA,housewares,169.9
2017-03,MA,musical_instruments,53.8
2017-03,MA,perfumery,227.96
2017-03,MA,sports_leisure,109.99
2017-03,MA,stationery,99.9
2017-03,MA,telephony,285.77
2017-03,MA,toys,92.89
2017-03,MA,unknown,97.99
2017-03,MG,air_conditioning,869.95
2017-03,MG,audio,158.0
2017-03,MG,auto,2412.89
2017-03,MG,baby,319.69
2017-03,MG,bed_bath_table,4180.48
2017-03,MG,books_general_interest,300.22
2017-03,MG,computers_accessories,4063.68
2017-03,MG,consoles_games,734.38
2017-03,MG,cool_stuff,1699.55
2017-03,MG,electronics,694.27
2017-03,MG,fashion_bags_accessories,425.2
2017-03,MG,fashion_male_clothing,99.9
2017-03,MG,food,372.89
2017-03,MG,food_drink,19.9
2017-03,MG,furniture_decor,3119.0
2017-03,MG,furniture_living_room,1153.75
2017-03,MG,garden_tools,1915.29
2017-03,MG,health_beauty,2785.47
2017-03,MG,home_appliances,72.8
2017-03,MG,home_appliances_2,487.0
2017-03,MG,home_confort,858.9
2017-03,MG,home_construction,146.9
2017-03,MG,housewares,1446.26
2017-03,MG,luggage_accessories,1689.37
2017-03,MG,market_place,219.8
2017-03,MG,musical_instruments,17.99
2017-03,MG,office_furniture,1515.0
2017-03,MG,perfumery,1831.28
2017-03,MG,pet_shop,472.83
2017-03,MG,sports_leisure,2286.95
2017-03,MG,stationery,698.68
2017-03,MG,telephony,792.77
2017-03,MG,toys,881.37
2017-03,MG,unknown,646.19
2017-03,MG,watches_gifts,1458.48
2017-03,MS,books_general_interest,115.0
2017-03,MS,computers_accessories,3194.89
2017-03,MS,consoles_games,59.99
2017-03,MS,cool_stuff,1565.99
2017-03,MS,dvds_blu_ray,409.0
2017-03,MS,fashion_shoes,199.7
2017-03,MS,furniture_decor,50.9
2017-03,MS,garden_tools,96.8
2017-03,MS,health_beauty,64.99
2017-03,MS,housewares,26.9
2017-03,MS,sports_leisure,509.0
2017-03,MS,telephony,18.99
2017-03,MS,toys,140.4
2017-03,MT,computers_accessories,89.46
2017-03,MT,cool_stuff,29.9
2017-03,MT,electronics,90.99
2017-03,MT,food,299.8
2017-03,MT,furniture_decor,349.5
2017-03,MT,health_beauty,98.9
2017-03,MT,housewares,364.86
2017-03,MT,luggage_accessories,174.9
2017-03,MT,market_place,89.9
2017-03,MT,office_furniture,126.99
2017-03,MT,sports_leisure,405.9
2017-03,MT,telephony,35.99
2017-03,PA,auto,813.33
2017-03,PA,baby,132.68
2017-03,PA,bed_bath_table,289.9
2017-03,PA,computers_accessories,1249.87
2017-03,PA,consoles_games,159.9
2017-03,PA,cool_stuff,164.9
2017-03,PA,electronics,26.99
2017-03,PA,fashion_bags_accessories,59.0
2017-03,PA,furniture_decor,485.9
2017-03,PA,garden_tools,1506.99
2017-03,PA,health_beauty,154.99
2017-03,PA,office_furniture,319.93
2017-03,PA,perfumery,69.9
2017-03,PA,pet_shop,129.9
2017-03,PA,small_appliances,725.0
2017-03,PA,sports_leisure,309.0
2017-03,PA,stationery,129.8
2017-03,PA,tablets_printing_image,99.0
2017-03,PA,telephony,415.9
2017-03,PA,toys,349.89
2017-03,PA,watches_gifts,55.0
2017-03,PB,bed_bath_table,199.8
2017-03,PB,consoles_games,59.0
2017-03,PB,electronics,29.5
2017-03,PB,furniture_decor,221.7
2017-03,PB,garden_tools,2234.9
2017-03,PB,health_beauty,711.9
2017-03,PB,housewares,24.9
2017-03,PB,office_furniture,129.6
2017-03,PB,perfumery,526.8
2017-03,PB,stationery,69.9
2017-03,PB,unknown,179.99
2017-03,PE,audio,235.0
2017-03,PE,auto,139.0
2017-03,PE,baby,69.0
2017-03,PE,bed_bath_table,168.89
2017-03,PE,computers_accessories,69.9
2017-03,PE,consoles_games,689.89
2017-03,PE,cool_stuff,69.0
2017-03,PE,electronics,165.19
2017-03,PE,food,15.32
2017-03,PE,furniture_decor,358.9
2017-03,PE,garden_tools,520.2
2017-03,PE,health_beauty,963.79
2017-03,PE,housewares,14.99
2017-03,PE,luggage_accessories,249.99
2017-03,PE,perfumery,139.9
2017-03,PE,sports_leisure,377.94
2017-03,PE,stationery,99.0
2017-03,PE,tablets_printing_image,99.0
2017-03,PE,telephony,86.89
2017-03,PE,toys,650.86
2017-03,PI,audio,190.0
2017-03,PI,bed_bath_table,412.9
2017-03,PI,cool_stuff,578.99
2017-03,PI,fashion_bags_accessories,89.9
2017-03,PI,garden_tools,39.9
2017-03,PI,health_beauty,74.6
2017-03,PI,office_furniture,239.96
2017-03,PI,sports_leisure,219.98
2017-03,PI,unknown,29.0
2017-03,PI,watches_gifts,231.27
2017-03,PR,agro_industry_and_commerce,59.99
2017-03,PR,air_conditioning,169.9
2017-03,PR,baby,97.8
2017-03,PR,bed_bath_table,605.48
2017-03,PR,books_general_interest,159.62
2017-03,PR,computers_accessories,1405.98
2017-03,PR,consoles_games,139.0
2017-03,PR,cool_stuff,2970.69
2017-03,PR,electronics,778.8
2017-03,PR,fashion_bags_accessories,486.9
2017-03,PR,fashion_male_clothing,64.7
2017-03,PR,fashion_shoes,220.7
2017-03,PR,food,18.99
2017-03,PR,furniture_decor,1071.97
2017-03,PR,furniture_living_room,329.9
2017-03,PR,garden_tools,229.14
2017-03,PR,health_beauty,992.57
2017-03,PR,home_appliances,27.0
2017-03,PR,housewares,275.69
2017-03,PR,office_furniture,299.56
2017-03,PR,perfumery,614.68
2017-03,PR,pet_shop,839.8
2017-03,PR,small_appliances,198.9
2017-03,PR,sports_leisure,1051.17
2017-03,PR,stationery,312.6
2017-03,PR,telephony,266.74
2017-03,PR,toys,248.78
2017-03,PR,unknown,116.8
2017-03,PR,watches_gifts,585.05
2017-03,RJ,agro_industry_and_commerce,22.0
2017-03,RJ,air_conditioning,1224.98
2017-03,RJ,audio,65.0
2017-03,RJ,auto,987.27
2017-03,RJ,baby,749.14
2017-03,RJ,bed_bath_table,3542.91
2017-03,RJ,books_general_interest,257.12
2017-03,RJ,books_technical,30.0
2017-03,RJ,computers_accessories,4621.56
2017-03,RJ,consoles_games,1115.58
2017-03,RJ,cool_stuff,2394.5
2017-03,RJ,electronics,878.48
2017-03,RJ,fashion_bags_accessories,883.69
2017-03,RJ,fashion_male_clothing,64.9
2017-03,RJ,fashion_shoes,32.9
2017-03,RJ,fashion_sport,39.9
2017-03,RJ,fashion_underwear_beach,76.99
2017-03,RJ,fixed_telephony,60.0
2017-03,RJ,food,177.0
2017-03,RJ,furniture_decor,3160.61
2017-03,RJ,furniture_living_room,319.89
2017-03,RJ,garden_tools,2704.74
2017-03,RJ,health_beauty,3971.7
2017-03,RJ,home_confort,498.0
2017-03,RJ,home_construction,91.08
2017-03,RJ,housewares,2478.0
2017-03,RJ,industry_commerce_and_business,119.0
2017-03,RJ,kitchen_dining_laundry_garden_furniture,65.98
2017-03,RJ,luggage_accessories,559.3
2017-03,RJ,market_place,62.9
2017-03,RJ,music,27.99
2017-03,RJ,musical_instruments,490.0
2017-03,RJ,office_furniture,1556.72
2017-03,RJ,perfumery,3158.38
2017-03,RJ,pet_shop,2935.2
2017-03,RJ,small_appliances,1352.71
2017-03,RJ,sports_leisure,2822.82
2017-03,RJ,stationery,789.7
2017-03,RJ,tablets_printing_image,99.0
2017-03,RJ,telephony,981.52
2017-03,RJ,toys,2188.21
2017-03,RJ,unknown,318.9
2017-03,RJ,watches_gifts,5397.64
2017-03,RN,auto,139.0
2017-03,RN,cool_stuff,219.99
2017-03,RN,furniture_decor,128.9
2017-03,RN,garden_tools,126.99
2017-03,RN,health_beauty,369.89
2017-03,RN,home_confort,89.9
2017-03,RN,housewares,45.99
2017-03,RN,perfumery,198.9
2017-03,RN,telephony,147.9
2017-03,RN,toys,42.99
2017-03,RN,watches_gifts,231.27
2017-03,RO,bed_bath_table,339.69
2017-03,RO,computers_accessories,140.0
2017-03,RO,electronics,29.9
2017-03,RO,garden_tools,39.9
2017-03,RO,perfumery,313.9
2017-03,RO,pet_shop,95.99
2017-03,RO,sports_leisure,298.8
2017-03,RO,stationery,343.9
2017-03,RO,telephony,18.99
2017-03,RO,toys,189.79
2017-03,RO,unknown,54.0
2017-03,RR,sports_leisure,236.0
2017-03,RR,telephony,34.99
2017-03,RS,air_conditioning,119.8
2017-03,RS,auto,311.0
2017-03,RS,baby,729.78
2017-03,RS,bed_bath_table,975.79
2017-03,RS,computers_accessories,375.78
2017-03,RS,consoles_games,19.9
2017-03,RS,cool_stuff,2262.83
2017-03,RS,electronics,528.5
2017-03,RS,fashion_bags_accessories,380.0
2017-03,RS,fashion_shoes,157.9
2017-03,RS,fixed_telephony,39.99
2017-03,RS,furniture_decor,1540.67
2017-03,RS,furniture_living_room,179.99
2017-03,RS,garden_tools,525.2
2017-03,RS,health_beauty,1979.86
2017-03,RS,home_appliances,29.9
2017-03,RS,home_comfort_2,109.99
2017-03,RS,home_confort,399.0
2017-03,RS,housewares,1465.27
2017-03,RS,luggage_accessories,814.59
2017-03,RS,market_place,309.8
2017-03,RS,office_furniture,573.57
2017-03,RS,perfumery,357.9
2017-03,RS,pet_shop,562.57
2017-03,RS,signaling_and_security,75.0
2017-03,RS,small_appliances,1107.0
2017-03,RS,sports_leisure,481.39
2017-03,RS,stationery,429.45
2017-03,RS,tablets_printing_image,99.0
2017-03,RS,telephony,140.74
2017-03,RS,toys,670.97
2017-03,RS,unknown,356.99
2017-03,RS,watches_gifts,1417.52
2017-03,SC,auto,339.97
2017-03,SC,baby,79.9
2017-03,SC,bed_bath_table,829.23
2017-03,SC,books_general_interest,469.0
2017-03,SC,computers_accessories,1875.74
2017-03,SC,consoles_games,343.4
2017-03,SC,cool_stuff,1061.67
2017-03,SC,electronics,169.0
2017-03,SC,fixed_telephony,79.98
2017-03,SC,food,126.98
2017-03,SC,furniture_decor,698.49
2017-03,SC,garden_tools,3557.56
2017-03,SC,health_beauty,815.74
2017-03,SC,home_confort,89.9
2017-03,SC,housewares,285.85
2017-03,SC,luggage_accessories,638.99
2017-03,SC,market_place,238.89
2017-03,SC,office_furniture,226.98
2017-03,SC,perfumery,1153.59
2017-03,SC,pet_shop,1375.89
2017-03,SC,small_appliances,1718.0
2017-03,SC,sports_leisure,382.6
2017-03,SC,stationery,305.8
2017-03,SC,telephony,266.81
2017-03,SC,toys,91.8
2017-03,SC,unknown,85.0
2017-03,SC,watches_gifts,697.75
2017-03,SE,auto,32.9
2017-03,SE,computers_accessories,58.9
2017-03,SE,consoles_games,235.0
2017-03,SE,fixed_telephony,69.98
2017-03,SE,furniture_decor,357.7
2017-03,SE,garden_tools,43.8
2017-03,SE,home_construction,74.0
2017-03,SE,housewares,179.8
2017-03,SE,musical_instruments,429.9
2017-03,SE,office_furniture,356.95
2017-03,SE,sports_leisure,400.88
2017-03,SE,telephony,25.99
2017-03,SE,watches_gifts,172.9
2017-03,SP,air_conditioning,1564.28
2017-03,SP,art,28.0
2017-03,SP,audio,293.78
2017-03,SP,auto,4642.08
2017-03,SP,baby,1198.42
2017-03,SP,bed_bath_table,11670.5
2017-03,SP,books_general_interest,398.9
2017-03,SP,books_technical,45.0
2017-03,SP,computers_accessories,9649.53
2017-03,SP,consoles_games,3793.42
2017-03,SP,construction_tools_construction,38.9
2017-03,SP,cool_stuff,5396.58
2017-03,SP,drinks,289.88
2017-03,SP,dvds_blu_ray,44.7
2017-03,SP,electronics,594.38
2017-03,SP,fashio_female_clothing,19.9
2017-03,SP,fashion_bags_accessories,1692.27
2017-03,SP,fashion_male_clothing,351.3
2017-03,SP,fashion_shoes,409.2
2017-03,SP,fashion_underwear_beach,317.15
2017-03,SP,fixed_telephony,420.65
2017-03,SP,food,1074.38
2017-03,SP,food_drink,65.9
2017-03,SP,furniture_decor,8007.79
2017-03,SP,furniture_living_room,796.71
2017-03,SP,garden_tools,5415.17
2017-03,SP,health_beauty,9434.53
2017-03,SP,home_appliances,135.6
2017-03,SP,home_appliances_2,13.9
2017-03,SP,home_comfort_2,232.89
2017-03,SP,home_construction,139.99
2017-03,SP,housewares,4805.4
2017-03,SP,industry_commerce_and_business,119.0
2017-03,SP,luggage_accessories,1417.38
2017-03,SP,market_place,722.5
2017-03,SP,musical_instruments,330.0
2017-03,SP,office_furniture,4554.83
2017-03,SP,perfumery,8434.99
2017-03,SP,pet_shop,1611.0
2017-03,SP,small_appliances,3247.56
2017-03,SP,sports_leisure,12540.25
2017-03,SP,stationery,1725.99
2017-03,SP,tablets_printing_image,99.0
2017-03,SP,telephony,2915.85
2017-03,SP,toys,5579.73
2017-03,SP,unknown,4215.51
2017-03,SP,watches_gifts,11226.26
2017-03,TO,cool_stuff,207.9
2017-03,TO,garden_tools,199.8
2017-03,TO,housewares,29.98
2017-03,TO,stationery,149.0
2017-03,TO,telephony,61.98
2017-04,AC,fashion_shoes,74.9
2017-04,AC,health_beauty,249.99
2017-04,AC,sports_leisure,837.49
2017-04,AL,computers_accessories,854.1
2017-04,AL,cool_stuff,199.0
2017-04,AL,electronics,11.99
2017-04,AL,fashion_shoes,74.9
2017-04,AL,garden_tools,744.0
2017-04,AL,health_beauty,541.45
2017-04,AL,housewares,169.9
2017-04,AL,kitchen_dining_laundry_garden_furniture,144.0
2017-04,AL,perfumery,349.89
2017-04,AL,sports_leisure,317.9
2017-04,AL,toys,42.99
2017-04,AL,unknown,15.0
2017-04,AL,watches_gifts,1104.0
2017-04,AM,air_conditioning,89.0
2017-04,AM,audio,89.9
2017-04,AM,bed_bath_table,109.9
2017-04,AM,costruction_tools_garden,59.9
2017-04,AM,furniture_decor,17.99
2017-04,AM,health_beauty,106.02
2017-04,AM,sports_leisure,179.8
2017-04,AM,telephony,88.97
2017-04,AM,toys,94.9
2017-04,BA,art,119.9
2017-04,BA,auto,853.83
2017-04,BA,baby,59.99
2017-04,BA,bed_bath_table,581.98
2017-04,BA,computers_accessories,3558.79
2017-04,BA,cool_stuff,213.79
2017-04,BA,costruction_tools_garden,589.9
2017-04,BA,fashio_female_clothing,64.9
2017-04,BA,fashion_bags_accessories,327.99
2017-04,BA,fashion_sport,64.99
2017-04,BA,furniture_decor,1033.59
2017-04,BA,garden_tools,764.65
2017-04,BA,health_beauty,1390.51
2017-04,BA,housewares,28.9
2017-04,BA,luggage_accessories,174.9
2017-04,BA,market_place,1964.0
2017-04,BA,office_furniture,456.58
2017-04,BA,perfumery,1024.68
2017-04,BA,pet_shop,125.9
2017-04,BA,sports_leisure,720.98
2017-04,BA,stationery,348.9
2017-04,BA,tablets_printing_image,99.0
2017-04,BA,telephony,827.84
2017-04,BA,toys,1318.97
2017-04,BA,unknown,640.0
2017-04,BA,watches_gifts,507.69
2017-04,CE,baby,109.9
2017-04,CE,bed_bath_table,109.9
2017-04,CE,computers_accessories,285.8
2017-04,CE,cool_stuff,798.8
2017-04,CE,electronics,249.0
2017-04,CE,fashion_bags_accessories,34.9
2017-04,CE,fashion_shoes,149.8
2017-04,CE,food,15.32
2017-04,CE,furniture_decor,498.0
2017-04,CE,garden_tools,286.99
2017-04,CE,health_beauty,681.68
2017-04,CE,housewares,185.89
2017-04,CE,luggage_accessories,102.9
2017-04,CE,musical_instruments,278.77
2017-04,CE,office_furniture,129.6
2017-04,CE,perfumery,665.7
2017-04,CE,pet_shop,179.99
2017-04,CE,sports_leisure,279.89
2017-04,CE,stationery,59.9
2017-04,CE,telephony,151.86
2017-04,CE,toys,139.0
2017-04,CE,unknown,89.99
2017-04,CE,watches_gifts,248.25
2017-04,DF,auto,117.3
2017-04,DF,baby,59.99
2017-04,DF,bed_bath_table,195.8
2017-04,DF,cool_stuff,313.98
2017-04,DF,electronics,11.99
2017-04,DF,furniture_decor,47.49
2017-04,DF,garden_tools,459.97
2017-04,DF,health_beauty,202.88
2017-04,DF,housewares,466.79
2017-04,DF,office_furniture,144.99
2017-04,DF,small_appliances,3999.0
2017-04,DF,sports_leisure,987.92
2017-04,DF,telephony,62.98
2017-04,DF,toys,364.7
2017-04,DF,unknown,61.9
2017-04,ES,auto,296.89
2017-04,ES,bed_bath_table,433.4
2017-04,ES,books_general_interest,53.9
2017-04,ES,computers_accessories,299.98
2017-04,ES,food,98.99
2017-04,ES,furniture_decor,146.89
2017-04,ES,garden_tools,21.73
2017-04,ES,health_beauty,248.99
2017-04,ES,home_confort,442.9
2017-04,ES,housewares,393.77
2017-04,ES,luggage_accessories,149.9
2017-04,ES,market_place,28.99
2017-04,ES,musical_instruments,169.9
2017-04,ES,office_furniture,253.93
2017-04,ES,perfumery,626.8
2017-04,ES,sports_leisure,759.08
2017-04,ES,stationery,618.9
2017-04,ES,telephony,18.95
2017-04,ES,toys,55.8
2017-04,ES,watches_gifts,300.61
2017-04,GO,auto,19.99
2017-04,GO,baby,197.9
2017-04,GO,bed_bath_table,568.85
2017-04,GO,books_general_interest,119.5
2017-04,GO,computers_accessories,285.4
2017-04,GO,consoles_games,59.99
2017-04,GO,cool_stuff,1243.78
2017-04,GO,fashion_bags_accessories,79.0
2017-04,GO,garden_tools,288.8
2017-04,GO,home_appliances,32.9
2017-04,GO,home_construction,620.1
2017-04,GO,housewares,145.89
2017-04,GO,perfumery,215.89
2017-04,GO,pet_shop,59.9
2017-04,GO,sports_leisure,565.8
2017-04,GO,tablets_printing_image,99.0
2017-04,GO,telephony,10.99
2017-04,GO,toys,112.9
2017-04,GO,unknown,286.9
2017-04,GO,watches_gifts,308.45
2017-04,MA,auto,629.8
2017-04,MA,bed_bath_table,225.2
2017-04,MA,books_general_interest,149.0
2017-04,MA,computers_accessories,31.08
2017-04,MA,consoles_games,107.94
2017-04,MA,cool_stuff,129.99
2017-04,MA,furniture_decor,93.9
2017-04,MA,health_beauty,544.0
2017-04,MA,housewares,33.0
2017-04,MA,perfumery,360.98
2017-04,MA,pet_shop,125.7
2017-04,MA,sports_leisure,143.89
2017-04,MA,tablets_printing_image,152.99
2017-04,MA,telephony,18.95
2017-04,MA,watches_gifts,302.0
2017-04,MG,air_conditioning,686.68
2017-04,MG,audio,75.0
2017-04,MG,auto,3802.59
2017-04,MG,baby,404.79
2017-04,MG,bed_bath_table,3024.17
2017-04,MG,books_general_interest,139.49
2017-04,MG,books_imported,19.99
2017-04,MG,computers_accessories,1727.04
2017-04,MG,consoles_games,44.9
2017-04,MG,cool_stuff,3826.97
2017-04,MG,electronics,384.5
2017-04,MG,fashion_bags_accessories,470.49
2017-04,MG,fashion_shoes,334.4
2017-04,MG,fashion_underwear_beach,62.0
2017-04,MG,fixed_telephony,32.99
2017-04,MG,furniture_decor,2625.97
2017-04,MG,furniture_living_room,29.9
2017-04,MG,garden_tools,712.89
2017-04,MG,health_beauty,2902.58
2017-04,MG,home_confort,310.9
2017-04,MG,housewares,718.25
2017-04,MG,kitchen_dining_laundry_garden_furniture,594.0
2017-04,MG,luggage_accessories,374.7
2017-04,MG,market_place,243.8
2017-04,MG,office_furniture,899.86
2017-04,MG,pc_gamer,129.99
2017-04,MG,perfumery,3641.78
2017-04,MG,pet_shop,737.49
2017-04,MG,small_appliances,153.5
2017-04,MG,sports_leisure,2475.89
2017-04,MG,stationery,563.9
2017-04,MG,tablets_printing_image,198.0
2017-04,MG,telephony,708.45
2017-04,MG,toys,2154.77
2017-04,MG,unknown,982.55
2017-04,MG,watches_gifts,3029.2
2017-04,MS,baby,29.9
2017-04,MS,bed_bath_table,202.6
2017-04,MS,furniture_decor,435.96
2017-04,MS,garden_tools,34.9
2017-04,MS,health_beauty,420.0
2017-04,MS,housewares,179.9
2017-04,MS,pet_shop,224.8
2017-04,MS,sports_leisure,178.0
2017-04,MS,tablets_printing_image,198.0
2017-04,MT,auto,27.0
2017-04,MT,bed_bath_table,206.94
2017-04,MT,computers_accessories,100.2
2017-04,MT,cool_stuff,373.89
2017-04,MT,furniture_decor,42.99
2017-04,MT,garden_tools,649.88
2017-04,MT,health_beauty,118.9
2017-04,MT,home_appliances_2,399.9
2017-04,MT,perfumery,179.9
2017-04,MT,pet_shop,809.9
2017-04,MT,sports_leisure,58.9
2017-04,MT,tablets_printing_image,14.9
2017-04,MT,telephony,26.95
2017-04,MT,toys,238.9
2017-04,MT,unknown,32.9
2017-04,PA,auto,27.99
2017-04,PA,baby,284.23
2017-04,PA,bed_bath_table,109.9
2017-04,PA,computers_accessories,683.9
2017-04,PA,cool_stuff,399.97
2017-04,PA,electronics,129.9
2017-04,PA,fashion_bags_accessories,93.09
2017-04,PA,fashion_shoes,157.9
2017-04,PA,furniture_decor,334.5
2017-04,PA,furniture_living_room,179.99
2017-04,PA,health_beauty,389.99
2017-04,PA,housewares,395.85
2017-04,PA,market_place,62.8
2017-04,PA,office_furniture,179.96
2017-04,PA,perfumery,186.89
2017-04,PA,small_appliances,99.0
2017-04,PA,tablets_printing_image,152.99
2017-04,PA,telephony,28.99
2017-04,PA,unknown,599.8
2017-04,PA,watches_gifts,278.51
2017-04,PB,audio,79.0
2017-04,PB,bed_bath_table,348.4
2017-04,PB,computers_accessories,69.8
2017-04,PB,food,99.0
2017-04,PB,furniture_decor,509.89
2017-04,PB,health_beauty,496.49
2017-04,PB,housewares,625.21
2017-04,PB,luggage_accessories,54.9
2017-04,PB,musical_instruments,4.9
2017-04,PB,office_furniture,159.99
2017-04,PB,pet_shop,60.9
2017-04,PB,sports_leisure,105.0
2017-04,PB,toys,94.89
2017-04,PB,watches_gifts,249.0
2017-04,PE,auto,127.32
2017-04,PE,bed_bath_table,59.9
2017-04,PE,books_general_interest,24.99
2017-04,PE,consoles_games,39.0
2017-04,PE,cool_stuff,175.89
2017-04,PE,electronics,29.5
2017-04,PE,fashion_bags_accessories,238.9
2017-04,PE,fashion_shoes,74.9
2017-04,PE,fixed_telephony,39.99
2017-04,PE,furniture_decor,72.97
2017-04,PE,furniture_living_room,89.0
2017-04,PE,garden_tools,219.0
2017-04,PE,health_beauty,148.9
2017-04,PE,housewares,360.6
2017-04,PE,musical_instruments,419.9
2017-04,PE,sports_leisure,834.8
2017-04,PE,telephony,146.88
2017-04,PE,toys,68.0
2017-04,PE,watches_gifts,475.99
2017-04,PI,auto,189.0
2017-04,PI,bed_bath_table,179.8
2017-04,PI,computers_accessories,119.99
2017-04,PI,garden_tools,998.9
2017-04,PI,sports_leisure,119.99
2017-04,PI,telephony,32.97
2017-04,PI,toys,164.98
2017-04,PI,watches_gifts,332.4
2017-04,PR,air_conditioning,59.9
2017-04,PR,audio,129.9
2017-04,PR,auto,452.5
2017-04,PR,baby,189.8
2017-04,PR,bed_bath_table,480.69
2017-04,PR,books_general_interest,53.9
2017-04,PR,computers_accessories,617.9
2017-04,PR,cool_stuff,945.85
2017-04,PR,electronics,1562.79
2017-04,PR,fashion_bags_accessories,177.89
2017-04,PR,fashion_shoes,160.6
2017-04,PR,fashion_underwear_beach,24.99
2017-04,PR,fixed_telephony,75.95
2017-04,PR,furniture_decor,1559.44
2017-04,PR,garden_tools,1001.4
2017-04,PR,health_beauty,235.76
2017-04,PR,home_appliances,164.0
2017-04,PR,home_confort,89.9
2017-04,PR,housewares,738.69
2017-04,PR,luggage_accessories,299.7
2017-04,PR,music,24.9
2017-04,PR,office_furniture,1039.81
2017-04,PR,perfumery,401.89
2017-04,PR,pet_shop,299.23
2017-04,PR,sports_leisure,2117.35
2017-04,PR,stationery,59.9
2017-04,PR,tablets_printing_image,99.0
2017-04,PR,telephony,342.56
2017-04,PR,toys,429.58
2017-04,PR,unknown,1257.7
2017-04,PR,watches_gifts,459.64
2017-04,RJ,air_conditioning,1077.75
2017-04,RJ,auto,2584.34
2017-04,RJ,baby,572.54
2017-04,RJ,bed_bath_table,3082.13
2017-04,RJ,computers_accessories,1517.88
2017-04,RJ,consoles_games,1075.78
2017-04,RJ,cool_stuff,2024.4
2017-04,RJ,costruction_tools_garden,589.9
2017-04,RJ,electronics,452.58
2017-04,RJ,fashion_bags_accessories,511.59
2017-04,RJ,fashion_male_clothing,187.2
2017-04,RJ,fashion_shoes,29.9
2017-04,RJ,furniture_bedroom,229.0
2017-04,RJ,furniture_decor,2025.11
2017-04,RJ,furniture_living_room,1062.77
2017-04,RJ,furniture_mattress_and_upholstery,109.4
2017-04,RJ,garden_tools,4999.44
2017-04,RJ,health_beauty,2408.83
2017-04,RJ,home_appliances,27.0
2017-04,RJ,home_appliances_2,399.9
2017-04,RJ,home_confort,91.8
2017-04,RJ,home_construction,139.99
2017-04,RJ,housewares,1687.46
2017-04,RJ,kitchen_dining_laundry_garden_furniture,157.8
2017-04,RJ,luggage_accessories,1219.2
2017-04,RJ,market_place,461.59
2017-04,RJ,music,34.9
2017-04,RJ,musical_instruments,929.32
2017-04,RJ,office_furniture,1543.04
2017-04,RJ,pc_gamer,129.99
2017-04,RJ,perfumery,3047.78
2017-04,RJ,pet_shop,1079.39
2017-04,RJ,signaling_and_security,24.07
2017-04,RJ,small_appliances,8499.0
2017-04,RJ,sports_leisure,2616.12
2017-04,RJ,stationery,892.5
2017-04,RJ,telephony,1028.28
2017-04,RJ,toys,2667.98
2017-04,RJ,unknown,1021.48
2017-04,RJ,watches_gifts,4716.46
2017-04,RN,bed_bath_table,219.8
2017-04,RN,computers_accessories,71.4
2017-04,RN,cool_stuff,219.99
2017-04,RN,costruction_tools_garden,59.9
2017-04,RN,furniture_decor,125.0
2017-04,RN,garden_tools,99.99
2017-04,RN,perfumery,292.9
2017-04,RN,signaling_and_security,75.0
2017-04,RN,toys,79.89
2017-04,RO,bed_bath_table,159.8
2017-04,RO,christmas_supplies,69.0
2017-04,RO,perfumery,355.9
2017-04,RO,pet_shop,238.89
2017-04,RO,telephony,19.99
2017-04,RR,computers_accessories,30.0
2017-04,RR,telephony,18.95
2017-04,RS,auto,1060.19
2017-04,RS,baby,269.8
2017-04,RS,bed_bath_table,1367.09
2017-04,RS,books_general_interest,119.9
2017-04,RS,computers_accessories,716.0
2017-04,RS,consoles_games,285.9
2017-04,RS,cool_stuff,1198.67
2017-04,RS,dvds_blu_ray,14.9
2017-04,RS,electronics,179.0
2017-04,RS,fashion_bags_accessories,49.0
2017-04,RS,fashion_shoes,65.8
2017-04,RS,fashion_sport,24.99
2017-04,RS,furniture_decor,1746.68
2017-04,RS,garden_tools,457.69
2017-04,RS,health_beauty,373.46
2017-04,RS,home_confort,399.0
2017-04,RS,home_construction,97.5
2017-04,RS,housewares,796.85
2017-04,RS,kitchen_dining_laundry_garden_furniture,48.9
2017-04,RS,luggage_accessories,699.5
2017-04,RS,market_place,669.7
2017-04,RS,office_furniture,566.45
2017-04,RS,perfumery,362.79
2017-04,RS,pet_shop,194.9
2017-04,RS,signaling_and_security,28.99
2017-04,RS,small_appliances,999.99
2017-04,RS,sports_leisure,512.1
2017-04,RS,stationery,139.8
2017-04,RS,telephony,169.97
2017-04,RS,toys,1492.38
2017-04,RS,unknown,78.9
2017-04,RS,watches_gifts,1375.0
2017-04,SC,audio,79.0
2017-04,SC,auto,379.0
2017-04,SC,baby,279.99
2017-04,SC,bed_bath_table,471.99
2017-04,SC,cine_photo,59.0
2017-04,SC,computers_accessories,563.56
2017-04,SC,cool_stuff,1669.84
2017-04,SC,electronics,79.0
2017-04,SC,fashion_bags_accessories,135.0
2017-04,SC,fashion_male_clothing,29.99
2017-04,SC,fixed_telephony,7.9
2017-04,SC,furniture_decor,907.81
2017-04,SC,garden_tools,956.79
2017-04,SC,health_beauty,840.07
2017-04,SC,home_appliances,182.7
2017-04,SC,home_construction,620.1
2017-04,SC,housewares,778.67
2017-04,SC,luggage_accessories,109.9
2017-04,SC,market_place,189.9
2017-04,SC,office_furniture,356.91
2017-04,SC,perfumery,540.69
2017-04,SC,pet_shop,149.9
2017-04,SC,small_appliances,168.99
2017-04,SC,sports_leisure,683.94
2017-04,SC,stationery,52.9
2017-04,SC,telephony,162.96
2017-04,SC,toys,252.79
2017-04,SC,unknown,61.9
2017-04,SC,watches_gifts,427.81
2017-04,SE,baby,89.9
2017-04,SE,bed_bath_table,129.9
2017-04,SE,computers_accessories,152.9
2017-04,SE,cool_stuff,199.0
2017-04,SE,furniture_bedroom,189.99
2017-04,SE,furniture_decor,899.8
2017-04,SE,garden_tools,159.8
2017-04,SE,health_beauty,680.0
2017-04,SE,sports_leisure,49.9
2017-04,SE,telephony,43.98
2017-04,SP,air_conditioning,578.9
2017-04,SP,audio,489.4
2017-04,SP,auto,4581.58
2017-04,SP,baby,1381.82
2017-04,SP,bed_bath_table,11824.75
2017-04,SP,books_general_interest,262.7
2017-04,SP,books_technical,75.0
2017-04,SP,cine_photo,59.0
2017-04,SP,computers_accessories,6439.75
2017-04,SP,consoles_games,2159.37
2017-04,SP,cool_stuff,6929.58
2017-04,SP,costruction_tools_garden,190.61
2017-04,SP,costruction_tools_tools,729.0
2017-04,SP,dvds_blu_ray,1420.0
2017-04,SP,electronics,1731.99
2017-04,SP,fashion_bags_accessories,978.05
2017-04,SP,fashion_male_clothing,149.7
2017-04,SP,fashion_shoes,403.4
2017-04,SP,fashion_sport,99.8
2017-04,SP,fashion_underwear_beach,5.9
2017-04,SP,fixed_telephony,349.0
2017-04,SP,food,277.99
2017-04,SP,food_drink,47.9
2017-04,SP,furniture_bedroom,209.99
2017-04,SP,furniture_decor,5742.25
2017-04,SP,furniture_living_room,711.68
2017-04,SP,garden_tools,4792.11
2017-04,SP,health_beauty,8465.85
2017-04,SP,home_appliances,92.8
2017-04,SP,home_comfort_2,12.9
2017-04,SP,home_confort,1076.6
2017-04,SP,home_construction,125.0
2017-04,SP,housewares,4706.66
2017-04,SP,kitchen_dining_laundry_garden_furniture,88.7
2017-04,SP,la_cuisine,24.0
2017-04,SP,luggage_accessories,3644.8
2017-04,SP,market_place,424.5
2017-04,SP,musical_instruments,2015.64
2017-04,SP,office_furniture,3680.18
2017-04,SP,perfumery,7182.05
2017-04,SP,pet_shop,1806.5
2017-04,SP,small_appliances,9195.5
2017-04,SP,sports_leisure,7593.32
2017-04,SP,stationery,1814.74
2017-04,SP,tablets_printing_image,99.0
2017-04,SP,telephony,3222.47
2017-04,SP,toys,3126.03
2017-04,SP,unknown,3284.17
2017-04,SP,watches_gifts,9143.08
2017-04,TO,computers_accessories,227.99
2017-04,TO,cool_stuff,39.0
2017-04,TO,furniture_decor,345.0
2017-04,TO,health_beauty,709.99
2017-04,TO,housewares,59.9
2017-04,TO,luggage_accessories,259.9
2017-04,TO,pet_shop,89.5
2017-04,TO,sports_leisure,859.0
2017-04,TO,toys,139.98
2017-04,TO,unknown,35.0
2017-04,TO,watches_gifts,78.0
2017-05,AC,computers_accessories,809.1
2017-05,AC,electronics,45.0
2017-05,AC,furniture_decor,179.9
2017-05,AC,health_beauty,12.9
2017-05,AC,telephony,18.99
2017-05,AC,unknown,66.9
2017-05,AC,watches_gifts,961.6
2017-05,AL,auto,1299.8
2017-05,AL,baby,79.9
2017-05,AL,bed_bath_table,224.8
2017-05,AL,computers_accessories,471.19
2017-05,AL,fashion_bags_accessories,109.9
2017-05,AL,fixed_telephony,39.99
2017-05,AL,furniture_decor,688.7
2017-05,AL,furniture_living_room,659.8
2017-05,AL,health_beauty,691.68
2017-05,AL,housewares,16.99
2017-05,AL,perfumery,56.99
2017-05,AL,sports_leisure,99.7
2017-05,AL,watches_gifts,259.81
2017-05,AM,cool_stuff,328.99
2017-05,AM,food,149.9
2017-05,AM,furniture_decor,47.49
2017-05,AM,garden_tools,126.99
2017-05,AM,stationery,185.0
2017-05,AM,telephony,8.5
2017-05,AM,watches_gifts,169.9
2017-05,AP,agro_industry_and_commerce,589.99
2017-05,AP,electronics,385.0
2017-05,AP,health_beauty,245.9
2017-05,BA,audio,98.0
2017-05,BA,auto,590.66
2017-05,BA,baby,168.0
2017-05,BA,bed_bath_table,597.48
2017-05,BA,computers_accessories,2900.61
2017-05,BA,cool_stuff,825.83
2017-05,BA,electronics,882.95
2017-05,BA,fashion_bags_accessories,215.69
2017-05,BA,furniture_decor,242.5
2017-05,BA,garden_tools,1022.49
2017-05,BA,health_beauty,2127.59
2017-05,BA,home_appliances,172.0
2017-05,BA,home_confort,89.9
2017-05,BA,housewares,318.56
2017-05,BA,luggage_accessories,519.8
2017-05,BA,market_place,62.8
2017-05,BA,office_furniture,242.98
2017-05,BA,perfumery,399.97
2017-05,BA,pet_shop,192.33
2017-05,BA,signaling_and_security,5.95
2017-05,BA,sports_leisure,1211.9
2017-05,BA,stationery,45.9
2017-05,BA,tablets_printing_image,99.0
2017-05,BA,telephony,404.87
2017-05,BA,toys,628.4
2017-05,BA,unknown,514.5
2017-05,BA,watches_gifts,1451.0
2017-05,CE,auto,24.87
2017-05,CE,baby,184.33
2017-05,CE,bed_bath_table,49.9
2017-05,CE,computers_accessories,2314.32
2017-05,CE,construction_tools_construction,99.99
2017-05,CE,cool_stuff,1156.67
2017-05,CE,costruction_tools_garden,107.8
2017-05,CE,fashion_bags_accessories,74.99
2017-05,CE,furniture_decor,566.7
2017-05,CE,garden_tools,431.35
2017-05,CE,health_beauty,1583.96
2017-05,CE,luggage_accessories,109.9
2017-05,CE,market_place,322.75
2017-05,CE,office_furniture,566.97
2017-05,CE,pet_shop,278.79
2017-05,CE,sports_leisure,339.54
2017-05,CE,stationery,48.9
2017-05,CE,telephony,455.42
2017-05,CE,toys,384.78
2017-05,CE,unknown,124.8
2017-05,CE,watches_gifts,1239.54
2017-05,DF,auto,31.99
2017-05,DF,baby,50.0
2017-05,DF,bed_bath_table,437.99
2017-05,DF,computers_accessories,1191.78
2017-05,DF,cool_stuff,283.68
2017-05,DF,fashion_bags_accessories,49.9
2017-05,DF,fashion_sport,24.99
2017-05,DF,food_drink,95.0
2017-05,DF,furniture_decor,295.25
2017-05,DF,garden_tools,16.9
2017-05,DF,health_beauty,195.88
2017-05,DF,housewares,197.14
2017-05,DF,office_furniture,346.95
2017-05,DF,perfumery,936.67
2017-05,DF,pet_shop,46.9
2017-05,DF,small_appliances,129.0
2017-05,DF,sports_leisure,751.12
2017-05,DF,stationery,314.8
2017-05,DF,telephony,434.99
2017-05,DF,toys,605.66
2017-05,DF,unknown,16.0
2017-05,DF,watches_gifts,999.89
2017-05,ES,auto,593.19
2017-05,ES,baby,198.9
2017-05,ES,bed_bath_table,461.34
2017-05,ES,books_technical,24.9
2017-05,ES,computers_accessories,1519.95
2017-05,ES,consoles_games,135.3
2017-05,ES,cool_stuff,478.99
2017-05,ES,electronics,78.85
2017-05,ES,fashion_bags_accessories,137.7
2017-05,ES,fashion_shoes,349.0
2017-05,ES,fixed_telephony,32.9
2017-05,ES,furniture_decor,707.95
2017-05,ES,furniture_living_room,207.94
2017-05,ES,garden_tools,384.88
2017-05,ES,health_beauty,1243.79
2017-05,ES,home_confort,565.88
2017-05,ES,housewares,289.69
2017-05,ES,musical_instruments,209.8
2017-05,ES,perfumery,253.88
2017-05,ES,signaling_and_security,428.0
2017-05,ES,sports_leisure,735.59
2017-05,ES,tablets_printing_image,889.99
2017-05,ES,telephony,352.35
2017-05,ES,toys,385.78
2017-05,ES,unknown,35.0
2017-05,ES,watches_gifts,1676.99
2017-05,GO,air_conditioning,402.99
2017-05,GO,auto,599.85
2017-05,GO,bed_bath_table,639.6
2017-05,GO,computers_accessories,1325.9
2017-05,GO,consoles_games,39.0
2017-05,GO,cool_stuff,588.88
2017-05,GO,dvds_blu_ray,19.9
2017-05,GO,fashio_female_clothing,149.9
2017-05,GO,fashion_bags_accessories,178.8
2017-05,GO,fashion_shoes,349.9
2017-05,GO,fashion_underwear_beach,192.0
2017-05,GO,fixed_telephony,189.99
2017-05,GO,furniture_decor,369.26
2017-05,GO,furniture_living_room,243.87
2017-05,GO,garden_tools,1756.49
2017-05,GO,health_beauty,694.85
2017-05,GO,home_appliances,32.9
2017-05,GO,home_confort,269.0
2017-05,GO,housewares,374.79
2017-05,GO,luggage_accessories,429.7
2017-05,GO,office_furniture,229.99
2017-05,GO,perfumery,998.79
2017-05,GO,small_appliances,103.99
2017-05,GO,sports_leisure,1027.9
2017-05,GO,stationery,129.7
2017-05,GO,telephony,183.52
2017-05,GO,unknown,3164.99
2017-05,GO,watches_gifts,1794.73
2017-05,MA,audio,89.9
2017-05,MA,auto,239.8
2017-05,MA,baby,98.0
2017-05,MA,bed_bath_table,334.8
2017-05,MA,computers_accessories,74.99
2017-05,MA,cool_stuff,119.99
2017-05,MA,fashion_bags_accessories,104.79
2017-05,MA,furniture_decor,106.98
2017-05,MA,health_beauty,369.8
2017-05,MA,housewares,90.0
2017-05,MA,office_furniture,149.9
2017-05,MA,perfumery,624.89
2017-05,MA,sports_leisure,477.69
2017-05,MA,telephony,52.87
2017-05,MA,toys,279.89
2017-05,MA,unknown,59.89
2017-05,MG,art,119.9
2017-05,MG,arts_and_craftmanship,21.99
2017-05,MG,audio,467.9
2017-05,MG,auto,1768.6
2017-05,MG,baby,1465.01
2017-05,MG,bed_bath_table,6303.71
2017-05,MG,books_general_interest,119.5
2017-05,MG,computers_accessories,3240.82
2017-05,MG,consoles_games,15.9
2017-05,MG,cool_stuff,4728.51
2017-05,MG,costruction_tools_garden,119.8
2017-05,MG,electronics,419.2
2017-05,MG,fashion_bags_accessories,817.65
2017-05,MG,fashion_shoes,59.8
2017-05,MG,fashion_underwear_beach,5.9
2017-05,MG,food_drink,27.9
2017-05,MG,furniture_decor,1339.18
2017-05,MG,furniture_mattress_and_upholstery,86.5
2017-05,MG,garden_tools,1793.49
2017-05,MG,health_beauty,4158.19
2017-05,MG,home_appliances_2,439.9
2017-05,MG,home_confort,486.7
2017-05,MG,home_construction,27.9
2017-05,MG,housewares,2501.25
2017-05,MG,kitchen_dining_laundry_garden_furniture,19.9
2017-05,MG,luggage_accessories,2288.52
2017-05,MG,market_place,220.9
2017-05,MG,office_furniture,658.96
2017-05,MG,perfumery,1555.35
2017-05,MG,pet_shop,800.87
2017-05,MG,small_appliances,129.9
2017-05,MG,sports_leisure,5032.96
2017-05,MG,stationery,566.4
2017-05,MG,tablets_printing_image,99.0
2017-05,MG,telephony,910.13
2017-05,MG,toys,2294.11
2017-05,MG,unknown,534.58
2017-05,MG,watches_gifts,3192.89
2017-05,MS,baby,79.9
2017-05,MS,bed_bath_table,328.3
2017-05,MS,computers_accessories,824.98
2017-05,MS,cool_stuff,229.98
2017-05,MS,furniture_decor,229.9
2017-05,MS,health_beauty,39.89
2017-05,MS,home_appliances,105.0
2017-05,MS,housewares,565.3
2017-05,MS,perfumery,339.0
2017-05,MS,sports_leisure,59.9
2017-05,MS,stationery,89.0
2017-05,MS,telephony,55.5
2017-05,MS,toys,131.9
2017-05,MS,unknown,88.8
2017-05,MT,auto,878.9
2017-05,MT,baby,363.69
2017-05,MT,bed_bath_table,692.87
2017-05,MT,computers_accessories,63.8
2017-05,MT,cool_stuff,1178.78
2017-05,MT,furniture_decor,45.9
2017-05,MT,health_beauty,805.72
2017-05,MT,home_appliances,135.0
2017-05,MT,home_confort,179.0
2017-05,MT,office_furniture,112.99
2017-05,MT,perfumery,316.79
2017-05,MT,small_appliances,1694.0
2017-05,MT,sports_leisure,69.9
2017-05,MT,stationery,69.9
2017-05,MT,telephony,73.97
2017-05,MT,toys,49.9
2017-05,PA,art,69.9
2017-05,PA,auto,29.7
2017-05,PA,bed_bath_table,382.5
2017-05,PA,computers_accessories,434.97
2017-05,PA,cool_stuff,217.9
2017-05,PA,fashion_bags_accessories,438.9
2017-05,PA,fashion_shoes,99.9
2017-05,PA,fashion_underwear_beach,62.0
2017-05,PA,housewares,47.99
2017-05,PA,luggage_accessories,102.9
2017-05,PA,market_place,21.99
2017-05,PA,musical_instruments,590.81
2017-05,PA,perfumery,266.79
2017-05,PA,pet_shop,249.9
2017-05,PA,sports_leisure,69.9
2017-05,PA,telephony,90.96
2017-05,PA,toys,108.7
2017-05,PA,watches_gifts,2118.43
2017-05,PB,agro_industry_and_commerce,59.99
2017-05,PB,auto,75.0
2017-05,PB,books_general_interest,34.99
2017-05,PB,computers_accessories,19.9
2017-05,PB,cool_stuff,359.97
2017-05,PB,costruction_tools_garden,599.9
2017-05,PB,furniture_decor,38.5
2017-05,PB,health_beauty,424.99
2017-05,PB,home_appliances,220.0
2017-05,PB,perfumery,79.99
2017-05,PB,sports_leisure,155.0
2017-05,PB,telephony,51.99
2017-05,PB,watches_gifts,689.0
2017-05,PE,auto,117.3
2017-05,PE,baby,160.0
2017-05,PE,bed_bath_table,737.3
2017-05,PE,books_general_interest,124.9
2017-05,PE,computers_accessories,900.84
2017-05,PE,consoles_games,39.0
2017-05,PE,cool_stuff,769.38
2017-05,PE,electronics,22.0
2017-05,PE,furniture_decor,147.0
2017-05,PE,garden_tools,59.9
2017-05,PE,health_beauty,2903.88
2017-05,PE,home_confort,89.9
2017-05,PE,housewares,102.95
2017-05,PE,musical_instruments,1899.12
2017-05,PE,perfumery,171.89
2017-05,PE,pet_shop,79.99
2017-05,PE,sports_leisure,538.7
2017-05,PE,stationery,158.9
2017-05,PE,telephony,132.97
2017-05,PE,toys,649.2
2017-05,PE,unknown,213.7
2017-05,PI,auto,1400.8
2017-05,PI,baby,799.99
2017-05,PI,books_general_interest,133.9
2017-05,PI,computers_accessories,39.9
2017-05,PI,cool_stuff,828.98
2017-05,PI,drinks,90.0
2017-05,PI,furniture_decor,50.9
2017-05,PI,furniture_living_room,139.9
2017-05,PI,garden_tools,519.6
2017-05,PI,health_beauty,447.9
2017-05,PI,home_appliances,32.9
2017-05,PI,perfumery,139.9
2017-05,PI,pet_shop,119.0
2017-05,PI,telephony,25.47
2017-05,PI,toys,397.39
2017-05,PI,watches_gifts,629.99
2017-05,PR,agro_industry_and_commerce,869.97
2017-05,PR,audio,218.99
2017-05,PR,auto,492.8
2017-05,PR,baby,459.39
2017-05,PR,bed_bath_table,1304.78
2017-05,PR,books_general_interest,183.8
2017-05,PR,computers_accessories,3817.41
2017-05,PR,consoles_games,489.0
2017-05,PR,cool_stuff,1906.22
2017-05,PR,electronics,454.89
2017-05,PR,fashion_bags_accessories,312.69
2017-05,PR,fashion_shoes,97.7
2017-05,PR,fashion_sport,49.9
2017-05,PR,fashion_underwear_beach,5.9
2017-05,PR,food_drink,94.49
2017-05,PR,furniture_decor,1379.76
2017-05,PR,garden_tools,1242.2
2017-05,PR,health_beauty,5217.37
2017-05,PR,home_confort,423.9
2017-05,PR,housewares,1653.0
2017-05,PR,luggage_accessories,412.6
2017-05,PR,perfumery,582.76
2017-05,PR,pet_shop,487.36
2017-05,PR,small_appliances,659.9
2017-05,PR,sports_leisure,4002.81
2017-05,PR,stationery,316.9
2017-05,PR,telephony,274.41
2017-05,PR,toys,1088.66
2017-05,PR,unknown,1058.47
2017-05,PR,watches_gifts,1577.07
2017-05,RJ,air_conditioning,161.99
2017-05,RJ,art,48.65
2017-05,RJ,audio,79.0
2017-05,RJ,auto,2064.65
2017-05,RJ,baby,1367.17
2017-05,RJ,bed_bath_table,3835.34
2017-05,RJ,books_general_interest,394.8
2017-05,RJ,cine_photo,59.0
2017-05,RJ,computers_accessories,6645.04
2017-05,RJ,consoles_games,206.57
2017-05,RJ,cool_stuff,4131.16
2017-05,RJ,costruction_tools_garden,19.94
2017-05,RJ,dvds_blu_ray,49.8
2017-05,RJ,electronics,624.64
2017-05,RJ,fashion_bags_accessories,1047.39
2017-05,RJ,fashion_childrens_clothes,110.0
2017-05,RJ,fixed_telephony,18.99
2017-05,RJ,food_drink,38.5
2017-05,RJ,furniture_bedroom,472.98
2017-05,RJ,furniture_decor,2646.79
2017-05,RJ,furniture_living_room,854.65
2017-05,RJ,furniture_mattress_and_upholstery,399.99
2017-05,RJ,garden_tools,3131.47
2017-05,RJ,health_beauty,9443.54
2017-05,RJ,home_appliances,86.0
2017-05,RJ,home_confort,538.89
2017-05,RJ,housewares,3256.49
2017-05,RJ,kitchen_dining_laundry_garden_furniture,691.8
2017-05,RJ,luggage_accessories,952.4
2017-05,RJ,market_place,594.69
2017-05,RJ,musical_instruments,2917.4
2017-05,RJ,office_furniture,1368.07
2017-05,RJ,perfumery,2130.64
2017-05,RJ,pet_shop,683.49
2017-05,RJ,small_appliances,1125.77
2017-05,RJ,sports_leisure,3859.42
2017-05,RJ,stationery,604.6
2017-05,RJ,tablets_printing_image,129.99
2017-05,RJ,telephony,1146.53
2017-05,RJ,toys,5731.95
2017-05,RJ,unknown,2718.66
2017-05,RJ,watches_gifts,4578.33
2017-05,RN,auto,308.99
2017-05,RN,baby,240.0
2017-05,RN,bed_bath_table,69.52
2017-05,RN,computers_accessories,44.9
2017-05,RN,cool_stuff,229.99
2017-05,RN,garden_tools,1367.6
2017-05,RN,health_beauty,896.9
2017-05,RN,housewares,50.0
2017-05,RN,pet_shop,119.0
2017-05,RN,sports_leisure,59.9
2017-05,RN,watches_gifts,1296.76
2017-05,RO,auto,85.99
2017-05,RO,bed_bath_table,117.99
2017-05,RO,health_beauty,104.0
2017-05,RO,luggage_accessories,49.9
2017-05,RO,sports_leisure,99.7
2017-05,RO,telephony,93.88
2017-05,RR,cool_stuff,69.99
2017-05,RR,health_beauty,163.12
2017-05,RS,audio,168.9
2017-05,RS,auto,168.59
2017-05,RS,baby,294.45
2017-05,RS,bed_bath_table,2181.5
2017-05,RS,books_general_interest,45.0
2017-05,RS,computers_accessories,1239.01
2017-05,RS,consoles_games,130.0
2017-05,RS,cool_stuff,2383.13
2017-05,RS,costruction_tools_garden,599.9
2017-05,RS,electronics,251.9
2017-05,RS,fashion_bags_accessories,968.89
2017-05,RS,fashion_male_clothing,387.1
2017-05,RS,fashion_shoes,29.9
2017-05,RS,furniture_decor,1252.28
2017-05,RS,furniture_living_room,458.7
2017-05,RS,garden_tools,1530.35
2017-05,RS,health_beauty,2176.7
2017-05,RS,home_appliances,235.9
2017-05,RS,home_confort,49.8
2017-05,RS,home_construction,125.0
2017-05,RS,housewares,983.95
2017-05,RS,la_cuisine,193.0
2017-05,RS,luggage_accessories,322.7
2017-05,RS,market_place,124.89
2017-05,RS,musical_instruments,1299.65
2017-05,RS,office_furniture,397.97
2017-05,RS,perfumery,999.39
2017-05,RS,pet_shop,3239.38
2017-05,RS,signaling_and_security,74.9
2017-05,RS,sports_leisure,1164.39
2017-05,RS,stationery,666.5
2017-05,RS,telephony,409.87
2017-05,RS,toys,1264.59
2017-05,RS,unknown,257.79
2017-05,RS,watches_gifts,2331.79
2017-05,SC,art,189.8
2017-05,SC,audio,89.9
2017-05,SC,auto,37.0
2017-05,SC,baby,110.0
2017-05,SC,bed_bath_table,1122.64
2017-05,SC,books_general_interest,322.58
2017-05,SC,computers_accessories,3987.66
2017-05,SC,consoles_games,8.99
2017-05,SC,cool_stuff,1869.51
2017-05,SC,electronics,92.8
2017-05,SC,fashion_bags_accessories,603.49
2017-05,SC,fashion_shoes,29.9
2017-05,SC,fashion_sport,49.95
2017-05,SC,furniture_decor,1488.25
2017-05,SC,garden_tools,641.89
2017-05,SC,health_beauty,430.49
2017-05,SC,home_confort,399.0
2017-05,SC,housewares,1351.5
2017-05,SC,luggage_accessories,1532.5
2017-05,SC,market_place,189.9
2017-05,SC,office_furniture,749.94
2017-05,SC,perfumery,739.39
2017-05,SC,pet_shop,356.7
2017-05,SC,sports_leisure,2568.69
2017-05,SC,stationery,368.9
2017-05,SC,telephony,127.75
2017-05,SC,toys,620.78
2017-05,SC,unknown,129.99
2017-05,SC,watches_gifts,972.9
2017-05,SE,electronics,49.99
2017-05,SE,furniture_decor,77.0
2017-05,SE,health_beauty,16.04
2017-05,SE,home_appliances,80.0
2017-05,SE,housewares,79.99
2017-05,SE,perfumery,109.5
2017-05,SE,stationery,148.9
2017-05,SE,telephony,25.99
2017-05,SE,toys,66.99
2017-05,SE,watches_gifts,26.69
2017-05,SP,agro_industry_and_commerce,59.99
2017-05,SP,air_conditioning,349.89
2017-05,SP,art,6499.0
2017-05,SP,audio,868.59
2017-05,SP,auto,6656.77
2017-05,SP,baby,2595.0
2017-05,SP,bed_bath_table,12862.24
2017-05,SP,books_general_interest,482.1
2017-05,SP,books_technical,88.5
2017-05,SP,computers_accessories,12892.32
2017-05,SP,consoles_games,1443.44
2017-05,SP,cool_stuff,9532.38
2017-05,SP,costruction_tools_tools,803.9
2017-05,SP,dvds_blu_ray,19.9
2017-05,SP,electronics,2841.89
2017-05,SP,fashio_female_clothing,217.6
2017-05,SP,fashion_bags_accessories,2131.22
2017-05,SP,fashion_male_clothing,221.8
2017-05,SP,fashion_shoes,653.44
2017-05,SP,fashion_underwear_beach,17.7
2017-05,SP,fixed_telephony,163.96
2017-05,SP,food,238.0
2017-05,SP,food_drink,89.6
2017-05,SP,furniture_bedroom,1896.99
2017-05,SP,furniture_decor,10247.35
2017-05,SP,furniture_living_room,1914.59
2017-05,SP,furniture_mattress_and_upholstery,109.4
2017-05,SP,garden_tools,5967.97
2017-05,SP,health_beauty,11745.98
2017-05,SP,home_appliances,813.09
2017-05,SP,home_appliances_2,776.16
2017-05,SP,home_confort,2022.1
2017-05,SP,home_construction,1467.6
2017-05,SP,housewares,9495.31
2017-05,SP,industry_commerce_and_business,519.8
2017-05,SP,kitchen_dining_laundry_garden_furniture,592.78
2017-05,SP,luggage_accessories,5728.8
2017-05,SP,market_place,876.26
2017-05,SP,musical_instruments,2722.66
2017-05,SP,office_furniture,3578.71
2017-05,SP,pc_gamer,129.99
2017-05,SP,perfumery,9079.68
2017-05,SP,pet_shop,1497.31
2017-05,SP,small_appliances,1398.88
2017-05,SP,sports_leisure,11777.02
2017-05,SP,stationery,1885.88
2017-05,SP,tablets_printing_image,297.0
2017-05,SP,telephony,3397.49
2017-05,SP,toys,7490.57
2017-05,SP,unknown,1834.27
2017-05,SP,watches_gifts,10547.48
2017-05,TO,auto,36.0
2017-05,TO,baby,219.99
2017-05,TO,books_technical,148.6
2017-05,TO,cool_stuff,262.69
2017-05,TO,furniture_decor,165.0
2017-05,TO,garden_tools,379.0
2017-05,TO,health_beauty,199.0
2017-05,TO,home_appliances_2,89.99
2017-05,TO,luggage_accessories,89.9
2017-05,TO,market_place,62.8
2017-05,TO,perfumery,199.8
2017-05,TO,telephony,115.97
2017-05,TO,watches_gifts,104.69
2017-06,AC,perfumery,189.9
2017-06,AC,sports_leisure,119.99
2017-06,AC,telephony,25.99
2017-06,AC,toys,49.9
2017-06,AL,bed_bath_table,99.99
2017-06,AL,cool_stuff,199.99
2017-06,AL,fixed_telephony,32.99
2017-06,AL,furniture_decor,159.9
2017-06,AL,sports_leisure,258.9
2017-06,AL,stationery,97.9
2017-06,AL,telephony,29.99
2017-06,AL,toys,42.99
2017-06,AL,watches_gifts,29.0
2017-06,AM,housewares,169.99
2017-06,AP,bed_bath_table,199.8
2017-06,AP,toys,52.9
2017-06,BA,audio,89.0
2017-06,BA,auto,4384.88
2017-06,BA,bed_bath_table,507.6
2017-06,BA,books_general_interest,117.9
2017-06,BA,computers_accessories,4428.52
2017-06,BA,consoles_games,32.0
2017-06,BA,cool_stuff,1734.24
2017-06,BA,fashion_bags_accessories,136.0
2017-06,BA,fashion_male_clothing,109.8
2017-06,BA,furniture_decor,177.0
2017-06,BA,garden_tools,357.64
2017-06,BA,health_beauty,1325.15
2017-06,BA,home_appliances,303.4
2017-06,BA,housewares,508.5
2017-06,BA,kitchen_dining_laundry_garden_furniture,48.0
2017-06,BA,luggage_accessories,397.6
2017-06,BA,musical_instruments,1199.89
2017-06,BA,office_furniture,672.16
2017-06,BA,perfumery,300.98
2017-06,BA,small_appliances,511.0
2017-06,BA,sports_leisure,269.21
2017-06,BA,stationery,219.9
2017-06,BA,telephony,639.41
2017-06,BA,toys,325.89
2017-06,BA,unknown,58.0
2017-06,BA,watches_gifts,1256.0
2017-06,CE,auto,24.9
2017-06,CE,baby,429.89
2017-06,CE,bed_bath_table,454.89
2017-06,CE,books_general_interest,115.0
2017-06,CE,computers_accessories,155.79
2017-06,CE,consoles_games,15.9
2017-06,CE,cool_stuff,1584.17
2017-06,CE,fashion_bags_accessories,714.89
2017-06,CE,garden_tools,109.99
2017-06,CE,health_beauty,561.87
2017-06,CE,housewares,169.9
2017-06,CE,luggage_accessories,212.7
2017-06,CE,perfumery,817.31
2017-06,CE,pet_shop,59.99
2017-06,CE,small_appliances,2690.0
2017-06,CE,sports_leisure,506.89
2017-06,CE,telephony,124.97
2017-06,CE,toys,84.8
2017-06,CE,watches_gifts,726.35
2017-06,DF,auto,179.1
2017-06,DF,baby,139.33
2017-06,DF,bed_bath_table,645.87
2017-06,DF,computers_accessories,2405.33
2017-06,DF,cool_stuff,399.89
2017-06,DF,dvds_blu_ray,16.9
2017-06,DF,fashion_bags_accessories,106.3
2017-06,DF,fixed_telephony,39.98
2017-06,DF,furniture_decor,431.94
2017-06,DF,garden_tools,79.9
2017-06,DF,health_beauty,314.86
2017-06,DF,home_appliances,161.6
2017-06,DF,housewares,576.89
2017-06,DF,luggage_accessories,102.9
2017-06,DF,perfumery,373.87
2017-06,DF,pet_shop,161.8
2017-06,DF,sports_leisure,418.49
2017-06,DF,stationery,149.8
2017-06,DF,telephony,88.49
2017-06,DF,toys,918.64
2017-06,DF,unknown,113.98
2017-06,DF,watches_gifts,380.0
2017-06,ES,audio,433.0
2017-06,ES,auto,31.8
2017-06,ES,baby,110.0
2017-06,ES,bed_bath_table,1163.97
2017-06,ES,computers_accessories,565.49
2017-06,ES,cool_stuff,649.47
2017-06,ES,electronics,251.9
2017-06,ES,fashion_bags_accessories,104.8
2017-06,ES,fashion_male_clothing,99.9
2017-06,ES,furniture_decor,274.87
2017-06,ES,furniture_living_room,311.91
2017-06,ES,garden_tools,503.73
2017-06,ES,health_beauty,1613.68
2017-06,ES,home_appliances,80.0
2017-06,ES,housewares,683.71
2017-06,ES,musical_instruments,139.8
2017-06,ES,office_furniture,119.6
2017-06,ES,perfumery,767.6
2017-06,ES,pet_shop,17.99
2017-06,ES,sports_leisure,1329.3
2017-06,ES,stationery,273.8
2017-06,ES,telephony,57.95
2017-06,ES,toys,603.77
2017-06,ES,unknown,157.79
2017-06,GO,auto,314.2
2017-06,GO,bed_bath_table,1688.17
2017-06,GO,computers_accessories,449.8
2017-06,GO,construction_tools_construction,119.76
2017-06,GO,cool_stuff,1412.02
2017-06,GO,electronics,49.0
2017-06,GO,fashion_bags_accessories,69.9
2017-06,GO,fashion_underwear_beach,3.9
2017-06,GO,furniture_decor,160.7
2017-06,GO,garden_tools,1022.6
2017-06,GO,health_beauty,674.12
2017-06,GO,home_appliances,12.0
2017-06,GO,housewares,824.69
2017-06,GO,luggage_accessories,271.8
2017-06,GO,office_furniture,444.92
2017-06,GO,perfumery,481.69
2017-06,GO,pet_shop,60.98
2017-06,GO,sports_leisure,359.33
2017-06,GO,stationery,186.7
2017-06,GO,telephony,134.67
2017-06,GO,toys,56.89
2017-06,MA,computers_accessories,67.8
2017-06,MA,cool_stuff,45.9
2017-06,MA,fashion_bags_accessories,118.89
2017-06,MA,fixed_telephony,90.0
2017-06,MA,furniture_decor,299.99
2017-06,MA,luggage_accessories,100.33
2017-06,MA,office_furniture,159.99
2017-06,MA,perfumery,599.8
2017-06,MA,sports_leisure,159.9
2017-06,MA,telephony,15.9
2017-06,MA,watches_gifts,29.0
2017-06,MG,air_conditioning,99.99
2017-06,MG,auto,1277.3
2017-06,MG,baby,286.6
2017-06,MG,bed_bath_table,3175.75
2017-06,MG,books_general_interest,374.8
2017-06,MG,books_imported,99.0
2017-06,MG,books_technical,80.0
2017-06,MG,computers_accessories,2109.03
2017-06,MG,consoles_games,520.39
2017-06,MG,cool_stuff,5311.98
2017-06,MG,costruction_tools_garden,199.8
2017-06,MG,electronics,308.09
2017-06,MG,fashio_female_clothing,64.9
2017-06,MG,fashion_bags_accessories,1405.17
2017-06,MG,fashion_shoes,157.52
2017-06,MG,fashion_sport,39.9
2017-06,MG,fixed_telephony,65.98
2017-06,MG,furniture_decor,1048.96
2017-06,MG,garden_tools,2252.48
2017-06,MG,health_beauty,4866.06
2017-06,MG,home_appliances,159.1
2017-06,MG,home_appliances_2,269.99
2017-06,MG,home_confort,358.9
2017-06,MG,home_construction,59.8
2017-06,MG,housewares,3717.97
2017-06,MG,luggage_accessories,1049.63
2017-06,MG,market_place,122.7
2017-06,MG,music,329.0
2017-06,MG,musical_instruments,135.8
2017-06,MG,office_furniture,1206.63
2017-06,MG,perfumery,2953.97
2017-06,MG,pet_shop,604.6
2017-06,MG,small_appliances,429.78
2017-06,MG,small_appliances_home_oven_and_coffee,71.9
2017-06,MG,sports_leisure,4554.72
2017-06,MG,stationery,108.9
2017-06,MG,telephony,579.67
2017-06,MG,toys,1770.22
2017-06,MG,unknown,94.7
2017-06,MG,watches_gifts,3953.56
2017-06,MS,bed_bath_table,180.7
2017-06,MS,computers_accessories,341.0
2017-06,MS,consoles_games,135.3
2017-06,MS,construction_tools_construction,39.92
2017-06,MS,cool_stuff,129.99
2017-06,MS,dvds_blu_ray,19.9
2017-06,MS,electronics,175.0
2017-06,MS,fashion_bags_accessories,49.9
2017-06,MS,furniture_decor,59.9
2017-06,MS,garden_tools,1529.0
2017-06,MS,health_beauty,338.79
2017-06,MS,home_appliances_2,189.9
2017-06,MS,housewares,203.87
2017-06,MS,perfumery,27.9
2017-06,MS,sports_leisure,177.3
2017-06,MS,toys,169.15
2017-06,MS,unknown,39.9
2017-06,MT,auto,1199.9
2017-06,MT,bed_bath_table,214.99
2017-06,MT,computers_accessories,39.9
2017-06,MT,cool_stuff,239.89
2017-06,MT,electronics,89.9
2017-06,MT,fashion_bags_accessories,34.9
2017-06,MT,garden_tools,112.0
2017-06,MT,home_appliances,26.15
2017-06,MT,home_appliances_2,205.99
2017-06,MT,luggage_accessories,259.99
2017-06,MT,office_furniture,79.99
2017-06,MT,perfumery,329.8
2017-06,MT,sports_leisure,178.45
2017-06,MT,telephony,60.98
2017-06,MT,toys,201.9
2017-06,MT,unknown,39.0
2017-06,MT,watches_gifts,947.9
2017-06,PA,computers_accessories,249.79
2017-06,PA,consoles_games,373.4
2017-06,PA,cool_stuff,369.89
2017-06,PA,fashion_male_clothing,129.99
2017-06,PA,furniture_decor,49.9
2017-06,PA,health_beauty,466.79
2017-06,PA,home_appliances,52.0
2017-06,PA,housewares,96.8
2017-06,PA,kitchen_dining_laundry_garden_furniture,48.9
2017-06,PA,luggage_accessories,434.23
2017-06,PA,market_place,79.9
2017-06,PA,perfumery,113.98
2017-06,PA,pet_shop,88.6
2017-06,PA,sports_leisure,758.4
2017-06,PA,telephony,500.93
2017-06,PA,toys,182.98
2017-06,PA,watches_gifts,1500.0
2017-06,PB,auto,90.0
2017-06,PB,baby,50.0
2017-06,PB,computers_accessories,299.72
2017-06,PB,cool_stuff,1198.0
2017-06,PB,fashion_bags_accessories,109.89
2017-06,PB,fashion_shoes,143.64
2017-06,PB,furniture_decor,294.9
2017-06,PB,garden_tools,1160.0
2017-06,PB,health_beauty,1658.0
2017-06,PB,housewares,73.0
2017-06,PB,perfumery,333.88
2017-06,PB,telephony,198.99
2017-06,PB,toys,52.9
2017-06,PB,unknown,69.0
2017-06,PE,auto,35.0
2017-06,PE,baby,39.9
2017-06,PE,bed_bath_table,238.6
2017-06,PE,books_technical,65.9
2017-06,PE,computers_accessories,89.9
2017-06,PE,cool_stuff,472.7
2017-06,PE,electronics,39.0
2017-06,PE,fashion_bags_accessories,49.9
2017-06,PE,food,149.9
2017-06,PE,furniture_decor,119.8
2017-06,PE,garden_tools,89.0
2017-06,PE,health_beauty,1805.94
2017-06,PE,housewares,59.9
2017-06,PE,office_furniture,279.59
2017-06,PE,pc_gamer,129.99
2017-06,PE,perfumery,937.4
2017-06,PE,sports_leisure,59.99
2017-06,PE,tablets_printing_image,99.0
2017-06,PE,telephony,98.99
2017-06,PE,toys,327.85
2017-06,PE,watches_gifts,300.81
2017-06,PI,auto,241.1
2017-06,PI,baby,79.9
2017-06,PI,cool_stuff,219.99
2017-06,PI,electronics,129.9
2017-06,PI,health_beauty,109.0
2017-06,PI,housewares,159.9
2017-06,PI,luggage_accessories,131.9
2017-06,PI,musical_instruments,419.9
2017-06,PI,perfumery,96.0
2017-06,PI,pet_shop,120.0
2017-06,PI,sports_leisure,159.99
2017-06,PI,toys,139.99
2017-06,PI,watches_gifts,139.9
2017-06,PR,agro_industry_and_commerce,1390.0
2017-06,PR,auto,838.5
2017-06,PR,baby,167.07
2017-06,PR,bed_bath_table,2154.18
2017-06,PR,books_general_interest,297.7
2017-06,PR,computers_accessories,1113.24
2017-06,PR,cool_stuff,1323.45
2017-06,PR,electronics,70.6
2017-06,PR,fashio_female_clothing,89.9
2017-06,PR,fashion_bags_accessories,79.9
2017-06,PR,furniture_decor,1129.92
2017-06,PR,garden_tools,303.79
2017-06,PR,health_beauty,1962.47
2017-06,PR,home_appliances,98.7
2017-06,PR,home_comfort_2,12.9
2017-06,PR,home_construction,595.0
2017-06,PR,housewares,1220.16
2017-06,PR,industry_commerce_and_business,145.97
2017-06,PR,luggage_accessories,229.0
2017-06,PR,market_place,109.9
2017-06,PR,music,329.0
2017-06,PR,office_furniture,479.9
2017-06,PR,perfumery,720.94
2017-06,PR,pet_shop,119.99
2017-06,PR,signaling_and_security,134.0
2017-06,PR,small_appliances,845.0
2017-06,PR,sports_leisure,1850.42
2017-06,PR,stationery,188.9
2017-06,PR,telephony,580.85
2017-06,PR,toys,491.49
2017-06,PR,unknown,387.68
2017-06,PR,watches_gifts,1692.77
2017-06,RJ,air_conditioning,1138.75
2017-06,RJ,audio,269.0
2017-06,RJ,auto,3036.39
2017-06,RJ,baby,998.75
2017-06,RJ,bed_bath_table,3941.29
2017-06,RJ,books_general_interest,72.4
2017-06,RJ,christmas_supplies,124.9
2017-06,RJ,computers_accessories,4211.82
2017-06,RJ,consoles_games,1774.36
2017-06,RJ,construction_tools_construction,216.69
2017-06,RJ,cool_stuff,3381.85
2017-06,RJ,costruction_tools_garden,194.9
2017-06,RJ,dvds_blu_ray,69.99
2017-06,RJ,electronics,310.3
2017-06,RJ,fashion_bags_accessories,726.69
2017-06,RJ,fashion_shoes,131.62
2017-06,RJ,fixed_telephony,385.26
2017-06,RJ,food_drink,37.5
2017-06,RJ,furniture_bedroom,219.0
2017-06,RJ,furniture_decor,1728.6
2017-06,RJ,furniture_living_room,281.95
2017-06,RJ,garden_tools,1337.62
2017-06,RJ,health_beauty,3583.88
2017-06,RJ,home_appliances,214.9
2017-06,RJ,home_confort,383.8
2017-06,RJ,housewares,2624.45
2017-06,RJ,industry_commerce_and_business,131.0
2017-06,RJ,luggage_accessories,1328.95
2017-06,RJ,market_place,205.4
2017-06,RJ,musical_instruments,419.9
2017-06,RJ,office_furniture,982.71
2017-06,RJ,perfumery,2396.43
2017-06,RJ,pet_shop,713.16
2017-06,RJ,small_appliances,179.4
2017-06,RJ,sports_leisure,5814.6
2017-06,RJ,stationery,791.59
2017-06,RJ,tablets_printing_image,198.0
2017-06,RJ,telephony,431.18
2017-06,RJ,toys,2608.62
2017-06,RJ,unknown,1531.19
2017-06,RJ,watches_gifts,4167.16
2017-06,RN,baby,149.9
2017-06,RN,furniture_decor,198.0
2017-06,RN,health_beauty,59.99
2017-06,RN,housewares,118.49
2017-06,RN,perfumery,454.89
2017-06,RN,small_appliances,103.99
2017-06,RN,sports_leisure,99.7
2017-06,RN,telephony,16.5
2017-06,RN,unknown,39.9
2017-06,RO,art,48.65
2017-06,RO,computers_accessories,55.8
2017-06,RO,furniture_decor,96.8
2017-06,RO,health_beauty,179.99
2017-06,RO,luggage_accessories,269.9
2017-06,RO,sports_leisure,730.89
2017-06,RO,toys,349.99
2017-06,RO,watches_gifts,68.9
2017-06,RR,computers_accessories,31.9
2017-06,RR,furniture_decor,45.0
2017-06,RR,telephony,16.5
2017-06,RS,air_conditioning,25.99
2017-06,RS,audio,358.0
2017-06,RS,auto,908.66
2017-06,RS,baby,720.5
2017-06,RS,bed_bath_table,2352.9
2017-06,RS,books_general_interest,429.7
2017-06,RS,computers_accessories,2779.84
2017-06,RS,consoles_games,967.0
2017-06,RS,cool_stuff,2094.98
2017-06,RS,electronics,79.0
2017-06,RS,fashion_bags_accessories,304.97
2017-06,RS,fixed_telephony,85.97
2017-06,RS,furniture_decor,1622.42
2017-06,RS,garden_tools,584.6
2017-06,RS,health_beauty,1380.8
2017-06,RS,home_appliances,233.75
2017-06,RS,home_construction,1228.5
2017-06,RS,housewares,1638.59
2017-06,RS,luggage_accessories,260.6
2017-06,RS,market_place,189.9
2017-06,RS,office_furniture,339.98
2017-06,RS,perfumery,771.78
2017-06,RS,pet_shop,472.88
2017-06,RS,small_appliances,103.99
2017-06,RS,sports_leisure,1702.41
2017-06,RS,stationery,49.9
2017-06,RS,telephony,295.71
2017-06,RS,toys,857.38
2017-06,RS,unknown,207.6
2017-06,RS,watches_gifts,471.52
2017-06,SC,auto,767.89
2017-06,SC,baby,713.9
2017-06,SC,bed_bath_table,1391.68
2017-06,SC,books_general_interest,115.0
2017-06,SC,christmas_supplies,59.8
2017-06,SC,computers_accessories,1614.55
2017-06,SC,cool_stuff,1653.72
2017-06,SC,electronics,153.89
2017-06,SC,fashion_bags_accessories,179.75
2017-06,SC,furniture_decor,655.78
2017-06,SC,furniture_living_room,295.8
2017-06,SC,garden_tools,380.88
2017-06,SC,health_beauty,410.99
2017-06,SC,home_appliances,52.0
2017-06,SC,housewares,597.04
2017-06,SC,luggage_accessories,259.9
2017-06,SC,musical_instruments,690.0
2017-06,SC,office_furniture,396.97
2017-06,SC,perfumery,170.97
2017-06,SC,pet_shop,187.99
2017-06,SC,small_appliances,319.0
2017-06,SC,sports_leisure,402.67
2017-06,SC,stationery,99.0
2017-06,SC,telephony,140.78
2017-06,SC,toys,565.79
2017-06,SC,unknown,29.9
2017-06,SC,watches_gifts,568.8
2017-06,SE,auto,78.0
2017-06,SE,bed_bath_table,205.0
2017-06,SE,books_general_interest,135.0
2017-06,SE,health_beauty,313.99
2017-06,SE,perfumery,307.82
2017-06,SE,toys,268.2
2017-06,SP,air_conditioning,819.75
2017-06,SP,art,151.65
2017-06,SP,audio,522.0
2017-06,SP,auto,15928.09
2017-06,SP,baby,3759.01
2017-06,SP,bed_bath_table,15187.85
2017-06,SP,books_general_interest,264.68
2017-06,SP,cine_photo,79.0
2017-06,SP,computers_accessories,12404.99
2017-06,SP,consoles_games,1490.68
2017-06,SP,cool_stuff,15115.49
2017-06,SP,costruction_tools_garden,39.99
2017-06,SP,drinks,49.99
2017-06,SP,dvds_blu_ray,19.9
2017-06,SP,electronics,403.46
2017-06,SP,fashion_bags_accessories,2530.28
2017-06,SP,fashion_childrens_clothes,110.0
2017-06,SP,fashion_male_clothing,180.1
2017-06,SP,fashion_shoes,846.6
2017-06,SP,fashion_sport,430.6
2017-06,SP,fixed_telephony,233.49
2017-06,SP,food_drink,19.9
2017-06,SP,furniture_bedroom,89.99
2017-06,SP,furniture_decor,8059.91
2017-06,SP,furniture_living_room,823.64
2017-06,SP,garden_tools,5623.86
2017-06,SP,health_beauty,10050.44
2017-06,SP,home_appliances,1113.59
2017-06,SP,home_appliances_2,547.99
2017-06,SP,home_confort,2075.5
2017-06,SP,home_construction,109.0
2017-06,SP,housewares,9504.46
2017-06,SP,kitchen_dining_laundry_garden_furniture,277.9
2017-06,SP,luggage_accessories,2832.76
2017-06,SP,market_place,551.15
2017-06,SP,music,408.9
2017-06,SP,musical_instruments,1987.76
2017-06,SP,office_furniture,2116.69
2017-06,SP,perfumery,10807.41
2017-06,SP,pet_shop,2515.59
2017-06,SP,small_appliances,4516.65
2017-06,SP,sports_leisure,12058.58
2017-06,SP,stationery,1327.18
2017-06,SP,tablets_printing_image,297.0
2017-06,SP,telephony,2523.28
2017-06,SP,toys,5066.31
2017-06,SP,unknown,2015.76
2017-06,SP,watches_gifts,11105.96
2017-06,TO,baby,219.99
2017-06,TO,computers_accessories,2779.49
2017-06,TO,cool_stuff,572.0
2017-06,TO,housewares,29.9
2017-06,TO,sports_leisure,96.8
2017-06,TO,toys,149.0
2017-06,TO,unknown,118.0
2017-07,AC,baby,119.9
2017-07,AC,computers_accessories,31.9
2017-07,AC,luggage_accessories,300.0
2017-07,AC,perfumery,56.99
2017-07,AC,toys,109.9
2017-07,AL,audio,229.99
2017-07,AL,bed_bath_table,510.99
2017-07,AL,consoles_games,39.9
2017-07,AL,fashion_shoes,71.82
2017-07,AL,furniture_decor,99.9
2017-07,AL,health_beauty,172.98
2017-07,AL,luggage_accessories,395.56
2017-07,AL,pet_shop,249.9
2017-07,AL,sports_leisure,115.0
2017-07,AL,toys,113.9
2017-07,AL,watches_gifts,239.0
2017-07,AM,bed_bath_table,144.8
2017-07,AM,computers_accessories,315.0
2017-07,AM,sports_leisure,55.9
2017-07,AM,telephony,189.9
2017-07,AP,health_beauty,259.9
2017-07,BA,auto,280.3
2017-07,BA,baby,587.69
2017-07,BA,bed_bath_table,1765.17
2017-07,BA,christmas_supplies,6.19
2017-07,BA,computers_accessories,579.17
2017-07,BA,consoles_games,120.0
2017-07,BA,cool_stuff,919.26
2017-07,BA,electronics,542.4
2017-07,BA,fashion_bags_accessories,308.19
2017-07,BA,fixed_telephony,19.99
2017-07,BA,furniture_bedroom,259.0
2017-07,BA,furniture_decor,1131.3
2017-07,BA,furniture_living_room,329.9
2017-07,BA,garden_tools,686.84
2017-07,BA,health_beauty,2622.19
2017-07,BA,home_appliances,81.9
2017-07,BA,home_appliances_2,159.0
2017-07,BA,home_confort,89.9
2017-07,BA,housewares,168.8
2017-07,BA,musical_instruments,284.9
2017-07,BA,office_furniture,1341.31
2017-07,BA,perfumery,250.96
2017-07,BA,pet_shop,474.29
2017-07,BA,small_appliances,556.88
2017-07,BA,sports_leisure,1922.25
2017-07,BA,stationery,160.99
2017-07,BA,telephony,534.24
2017-07,BA,toys,178.9
2017-07,BA,unknown,9.0
2017-07,BA,watches_gifts,2098.83
2017-07,CE,auto,255.54
2017-07,CE,baby,50.0
2017-07,CE,bed_bath_table,881.15
2017-07,CE,computers_accessories,96.43
2017-07,CE,cool_stuff,594.68
2017-07,CE,electronics,450.0
2017-07,CE,fashion_bags_accessories,49.9
2017-07,CE,fixed_telephony,37.8
2017-07,CE,furniture_decor,49.9
2017-07,CE,garden_tools,324.3
2017-07,CE,health_beauty,2286.42
2017-07,CE,home_confort,89.9
2017-07,CE,housewares,69.9
2017-07,CE,luggage_accessories,174.33
2017-07,CE,office_furniture,402.97
2017-07,CE,perfumery,212.98
2017-07,CE,pet_shop,120.0
2017-07,CE,sports_leisure,197.59
2017-07,CE,telephony,39.99
2017-07,CE,toys,1375.74
2017-07,DF,art,239.9
2017-07,DF,auto,487.71
2017-07,DF,baby,1200.46
2017-07,DF,bed_bath_table,646.35
2017-07,DF,computers_accessories,1162.96
2017-07,DF,cool_stuff,621.89
2017-07,DF,fashio_female_clothing,129.9
2017-07,DF,fashion_bags_accessories,118.8
2017-07,DF,furniture_decor,696.69
2017-07,DF,furniture_living_room,114.97
2017-07,DF,garden_tools,1164.6
2017-07,DF,health_beauty,856.55
2017-07,DF,home_appliances,19.95
2017-07,DF,housewares,435.09
2017-07,DF,office_furniture,613.09
2017-07,DF,perfumery,235.08
2017-07,DF,small_appliances,451.8
2017-07,DF,sports_leisure,416.7
2017-07,DF,stationery,39.9
2017-07,DF,telephony,72.89
2017-07,DF,toys,547.59
2017-07,DF,unknown,58.9
2017-07,DF,watches_gifts,496.25
2017-07,ES,auto,127.75
2017-07,ES,bed_bath_table,1175.29
2017-07,ES,computers_accessories,461.48
2017-07,ES,consoles_games,19.9
2017-07,ES,cool_stuff,164.9
2017-07,ES,electronics,265.9
2017-07,ES,fashion_bags_accessories,49.99
2017-07,ES,fashion_shoes,199.7
2017-07,ES,furniture_decor,190.77
2017-07,ES,garden_tools,119.8
2017-07,ES,health_beauty,342.69
2017-07,ES,home_appliances,187.9
2017-07,ES,home_confort,179.8
2017-07,ES,housewares,464.96
2017-07,ES,luggage_accessories,114.9
2017-07,ES,musical_instruments,157.8
2017-07,ES,perfumery,169.79
2017-07,ES,pet_shop,61.8
2017-07,ES,signaling_and_security,268.0
2017-07,ES,small_appliances,59.85
2017-07,ES,sports_leisure,617.68
2017-07,ES,stationery,216.9
2017-07,ES,telephony,513.97
2017-07,ES,toys,418.7
2017-07,ES,watches_gifts,606.98
2017-07,GO,baby,120.0
2017-07,GO,bed_bath_table,1727.22
2017-07,GO,books_general_interest,244.8
2017-07,GO,computers_accessories,771.99
2017-07,GO,consoles_games,19.9
2017-07,GO,construction_tools_lights,360.0
2017-07,GO,cool_stuff,398.89
2017-07,GO,fashion_bags_accessories,49.99
2017-07,GO,furniture_decor,457.79
2017-07,GO,furniture_living_room,409.8
2017-07,GO,garden_tools,59.9
2017-07,GO,health_beauty,357.29
2017-07,GO,home_confort,89.9
2017-07,GO,housewares,177.04
2017-07,GO,luggage_accessories,106.9
2017-07,GO,market_place,35.9
2017-07,GO,office_furniture,119.99
2017-07,GO,perfumery,439.9
2017-07,GO,pet_shop,403.7
2017-07,GO,sports_leisure,602.82
2017-07,GO,stationery,224.0
2017-07,GO,telephony,400.73
2017-07,GO,toys,443.75
2017-07,GO,unknown,35.99
2017-07,GO,watches_gifts,865.0
2017-07,MA,auto,149.0
2017-07,MA,baby,826.03
2017-07,MA,bed_bath_table,52.11
2017-07,MA,books_general_interest,115.0
2017-07,MA,computers_accessories,824.29
2017-07,MA,cool_stuff,603.88
2017-07,MA,electronics,90.99
2017-07,MA,fashion_bags_accessories,219.89
2017-07,MA,furniture_decor,152.9
2017-07,MA,health_beauty,369.9
2017-07,MA,luggage_accessories,174.33
2017-07,MA,market_place,149.99
2017-07,MA,musical_instruments,1122.0
2017-07,MA,office_furniture,379.98
2017-07,MA,perfumery,528.26
2017-07,MA,sports_leisure,65.8
2017-07,MA,stationery,164.9
2017-07,MA,telephony,52.39
2017-07,MA,toys,129.8
2017-07,MA,watches_gifts,49.0
2017-07,MG,art,110.0
2017-07,MG,arts_and_craftmanship,129.9
2017-07,MG,auto,1385.05
2017-07,MG,baby,1155.63
2017-07,MG,bed_bath_table,9509.08
2017-07,MG,books_general_interest,184.8
2017-07,MG,computers_accessories,3010.81
2017-07,MG,consoles_games,203.7
2017-07,MG,construction_tools_construction,99.99
2017-07,MG,cool_stuff,5376.13
2017-07,MG,drinks,99.98
2017-07,MG,electronics,852.37
2017-07,MG,fashion_bags_accessories,416.59
2017-07,MG,fashion_male_clothing,139.9
2017-07,MG,fashion_shoes,327.44
2017-07,MG,fashion_underwear_beach,155.0
2017-07,MG,food,94.0
2017-07,MG,furniture_decor,2782.85
2017-07,MG,furniture_living_room,699.68
2017-07,MG,garden_tools,2276.4
2017-07,MG,health_beauty,3490.2
2017-07,MG,home_appliances,934.3
2017-07,MG,home_comfort_2,12.9
2017-07,MG,home_confort,1147.0
2017-07,MG,housewares,2202.55
2017-07,MG,kitchen_dining_laundry_garden_furniture,191.8
2017-07,MG,la_cuisine,129.0
2017-07,MG,luggage_accessories,883.0
2017-07,MG,market_place,180.0
2017-07,MG,musical_instruments,327.0
2017-07,MG,office_furniture,1173.66
2017-07,MG,perfumery,1536.88
2017-07,MG,pet_shop,676.77
2017-07,MG,small_appliances,646.87
2017-07,MG,sports_leisure,2962.92
2017-07,MG,stationery,700.6
2017-07,MG,telephony,941.58
2017-07,MG,toys,2744.84
2017-07,MG,unknown,336.62
2017-07,MG,watches_gifts,3531.09
2017-07,MS,baby,50.0
2017-07,MS,bed_bath_table,600.29
2017-07,MS,computers_accessories,155.0
2017-07,MS,cool_stuff,99.99
2017-07,MS,fashion_shoes,157.9
2017-07,MS,furniture_decor,91.7
2017-07,MS,garden_tools,1339.9
2017-07,MS,health_beauty,269.88
2017-07,MS,housewares,36.9
2017-07,MS,luggage_accessories,206.8
2017-07,MS,small_appliances,16.99
2017-07,MS,sports_leisure,408.6
2017-07,MS,toys,149.0
2017-07,MT,baby,174.9
2017-07,MT,bed_bath_table,584.6
2017-07,MT,computers_accessories,169.99
2017-07,MT,consoles_games,275.99
2017-07,MT,food,149.9
2017-07,MT,furniture_decor,523.97
2017-07,MT,garden_tools,224.0
2017-07,MT,health_beauty,3398.94
2017-07,MT,home_appliances,224.15
2017-07,MT,market_place,62.8
2017-07,MT,sports_leisure,156.9
2017-07,MT,stationery,118.8
2017-07,MT,telephony,176.88
2017-07,MT,watches_gifts,4016.96
2017-07,PA,auto,149.9
2017-07,PA,bed_bath_table,202.9
2017-07,PA,computers_accessories,541.28
2017-07,PA,consoles_games,8.99
2017-07,PA,cool_stuff,159.99
2017-07,PA,electronics,154.9
2017-07,PA,fashion_bags_accessories,109.9
2017-07,PA,garden_tools,384.2
2017-07,PA,health_beauty,562.98
2017-07,PA,housewares,44.9
2017-07,PA,office_furniture,379.84
2017-07,PA,perfumery,390.0
2017-07,PA,sports_leisure,539.28
2017-07,PA,stationery,139.0
2017-07,PA,telephony,104.97
2017-07,PA,toys,437.99
2017-07,PA,watches_gifts,163.0
2017-07,PB,auto,155.9
2017-07,PB,bed_bath_table,448.8
2017-07,PB,computers_accessories,1510.53
2017-07,PB,cool_stuff,323.7
2017-07,PB,electronics,65.0
2017-07,PB,furniture_decor,89.7
2017-07,PB,garden_tools,69.0
2017-07,PB,health_beauty,196.0
2017-07,PB,industry_commerce_and_business,145.97
2017-07,PB,luggage_accessories,141.8
2017-07,PB,pet_shop,144.9
2017-07,PB,sports_leisure,543.97
2017-07,PB,telephony,49.99
2017-07,PB,toys,77.8
2017-07,PB,watches_gifts,278.0
2017-07,PE,auto,388.9
2017-07,PE,baby,119.9
2017-07,PE,bed_bath_table,796.25
2017-07,PE,books_general_interest,133.9
2017-07,PE,computers_accessories,895.69
2017-07,PE,consoles_games,1126.98
2017-07,PE,cool_stuff,361.89
2017-07,PE,electronics,220.97
2017-07,PE,fashion_bags_accessories,39.9
2017-07,PE,fashion_shoes,36.5
2017-07,PE,fixed_telephony,19.99
2017-07,PE,furniture_decor,59.9
2017-07,PE,garden_tools,813.99
2017-07,PE,health_beauty,1111.75
2017-07,PE,housewares,199.0
2017-07,PE,luggage_accessories,97.9
2017-07,PE,office_furniture,219.99
2017-07,PE,perfumery,485.89
2017-07,PE,pet_shop,103.69
2017-07,PE,small_appliances,16.99
2017-07,PE,sports_leisure,1006.48
2017-07,PE,stationery,287.0
2017-07,PE,telephony,189.99
2017-07,PE,toys,348.98
2017-07,PE,watches_gifts,116.0
2017-07,PI,auto,600.0
2017-07,PI,baby,119.9
2017-07,PI,bed_bath_table,187.54
2017-07,PI,computers_accessories,135.88
2017-07,PI,cool_stuff,249.98
2017-07,PI,furniture_decor,77.89
2017-07,PI,garden_tools,312.55
2017-07,PI,health_beauty,68.99
2017-07,PI,home_appliances,16.6
2017-07,PI,housewares,149.9
2017-07,PI,office_furniture,119.99
2017-07,PI,perfumery,84.99
2017-07,PI,toys,77.8
2017-07,PR,audio,29.9
2017-07,PR,auto,1370.72
2017-07,PR,baby,730.35
2017-07,PR,bed_bath_table,2578.34
2017-07,PR,books_general_interest,122.5
2017-07,PR,books_technical,329.0
2017-07,PR,computers_accessories,1494.4
2017-07,PR,consoles_games,185.0
2017-07,PR,construction_tools_construction,99.99
2017-07,PR,cool_stuff,2093.73
2017-07,PR,electronics,64.6
2017-07,PR,fashion_bags_accessories,330.87
2017-07,PR,fashion_male_clothing,321.9
2017-07,PR,fashion_shoes,106.72
2017-07,PR,fixed_telephony,19.99
2017-07,PR,food_drink,17.9
2017-07,PR,furniture_decor,872.66
2017-07,PR,furniture_living_room,62.9
2017-07,PR,garden_tools,958.3
2017-07,PR,health_beauty,901.04
2017-07,PR,home_appliances,964.15
2017-07,PR,home_appliances_2,159.0
2017-07,PR,housewares,858.21
2017-07,PR,luggage_accessories,636.5
2017-07,PR,musical_instruments,797.2
2017-07,PR,office_furniture,559.86
2017-07,PR,perfumery,266.78
2017-07,PR,pet_shop,334.78
2017-07,PR,small_appliances,239.0
2017-07,PR,sports_leisure,3423.4
2017-07,PR,stationery,596.75
2017-07,PR,telephony,515.87
2017-07,PR,toys,1262.66
2017-07,PR,unknown,328.69
2017-07,PR,watches_gifts,697.44
2017-07,RJ,air_conditioning,1259.3
2017-07,RJ,auto,2716.77
2017-07,RJ,baby,2187.22
2017-07,RJ,bed_bath_table,8420.3
2017-07,RJ,books_general_interest,129.9
2017-07,RJ,cds_dvds_musicals,90.0
2017-07,RJ,computers_accessories,10860.13
2017-07,RJ,consoles_games,210.8
2017-07,RJ,cool_stuff,6757.4
2017-07,RJ,costruction_tools_garden,56.9
2017-07,RJ,drinks,173.99
2017-07,RJ,dvds_blu_ray,16.9
2017-07,RJ,electronics,1969.28
2017-07,RJ,fashion_bags_accessories,1105.28
2017-07,RJ,fashion_male_clothing,129.8
2017-07,RJ,fashion_shoes,65.8
2017-07,RJ,fixed_telephony,52.98
2017-07,RJ,food,63.49
2017-07,RJ,food_drink,20.0
2017-07,RJ,furniture_decor,3491.67
2017-07,RJ,furniture_living_room,814.54
2017-07,RJ,garden_tools,3290.81
2017-07,RJ,health_beauty,3717.21
2017-07,RJ,home_appliances,346.95
2017-07,RJ,home_appliances_2,159.0
2017-07,RJ,home_confort,204.7
2017-07,RJ,housewares,2246.55
2017-07,RJ,kitchen_dining_laundry_garden_furniture,634.8
2017-07,RJ,luggage_accessories,979.3
2017-07,RJ,music,329.0
2017-07,RJ,musical_instruments,655.8
2017-07,RJ,office_furniture,3112.11
2017-07,RJ,perfumery,1977.35
2017-07,RJ,pet_shop,773.62
2017-07,RJ,sports_leisure,6833.94
2017-07,RJ,stationery,378.89
2017-07,RJ,telephony,739.51
2017-07,RJ,toys,2113.51
2017-07,RJ,unknown,336.6
2017-07,RJ,watches_gifts,5539.65
2017-07,RN,bed_bath_table,631.7
2017-07,RN,computers_accessories,188.5
2017-07,RN,cool_stuff,308.88
2017-07,RN,dvds_blu_ray,16.9
2017-07,RN,fashion_bags_accessories,109.9
2017-07,RN,furniture_decor,49.3
2017-07,RN,garden_tools,14.46
2017-07,RN,health_beauty,49.99
2017-07,RN,housewares,100.98
2017-07,RN,market_place,129.8
2017-07,RN,perfumery,108.0
2017-07,RN,pet_shop,74.9
2017-07,RN,small_appliances,93.99
2017-07,RN,stationery,699.0
2017-07,RN,toys,164.8
2017-07,RN,watches_gifts,452.89
2017-07,RO,auto,147.9
2017-07,RO,computers_accessories,42.9
2017-07,RO,electronics,181.8
2017-07,RO,health_beauty,258.3
2017-07,RO,housewares,26.07
2017-07,RO,luggage_accessories,130.0
2017-07,RO,pet_shop,56.85
2017-07,RO,watches_gifts,239.9
2017-07,RR,garden_tools,179.9
2017-07,RS,air_conditioning,10.9
2017-07,RS,auto,353.89
2017-07,RS,baby,1343.12
2017-07,RS,bed_bath_table,3783.9
2017-07,RS,cds_dvds_musicals,90.0
2017-07,RS,computers_accessories,2292.25
2017-07,RS,consoles_games,191.97
2017-07,RS,construction_tools_construction,199.98
2017-07,RS,cool_stuff,2161.69
2017-07,RS,electronics,110.0
2017-07,RS,fashion_bags_accessories,31.0
2017-07,RS,fashion_male_clothing,68.49
2017-07,RS,food,27.5
2017-07,RS,food_drink,41.5
2017-07,RS,furniture_decor,1190.18
2017-07,RS,furniture_living_room,320.77
2017-07,RS,garden_tools,795.59
2017-07,RS,health_beauty,1499.46
2017-07,RS,home_appliances,92.8
2017-07,RS,home_appliances_2,159.0
2017-07,RS,home_confort,446.9
2017-07,RS,housewares,2031.03
2017-07,RS,la_cuisine,235.99
2017-07,RS,luggage_accessories,293.6
2017-07,RS,musical_instruments,929.9
2017-07,RS,office_furniture,1256.44
2017-07,RS,perfumery,619.25
2017-07,RS,pet_shop,599.36
2017-07,RS,small_appliances,109.0
2017-07,RS,sports_leisure,2484.44
2017-07,RS,stationery,638.23
2017-07,RS,telephony,310.42
2017-07,RS,toys,2279.56
2017-07,RS,unknown,136.6
2017-07,RS,watches_gifts,1689.28
2017-07,SC,auto,393.65
2017-07,SC,baby,189.7
2017-07,SC,bed_bath_table,2101.44
2017-07,SC,computers_accessories,2206.65
2017-07,SC,consoles_games,700.9
2017-07,SC,construction_tools_construction,99.99
2017-07,SC,cool_stuff,2309.89
2017-07,SC,electronics,179.8
2017-07,SC,fashion_bags_accessories,296.8
2017-07,SC,furniture_decor,1493.1
2017-07,SC,furniture_living_room,175.8
2017-07,SC,garden_tools,179.7
2017-07,SC,health_beauty,1119.87
2017-07,SC,home_confort,89.9
2017-07,SC,home_construction,93.6
2017-07,SC,housewares,1122.14
2017-07,SC,la_cuisine,105.0
2017-07,SC,luggage_accessories,308.8
2017-07,SC,market_place,122.7
2017-07,SC,office_furniture,384.92
2017-07,SC,perfumery,89.9
2017-07,SC,pet_shop,410.8
2017-07,SC,sports_leisure,1335.57
2017-07,SC,telephony,428.39
2017-07,SC,toys,2258.88
2017-07,SC,unknown,79.9
2017-07,SC,watches_gifts,239.69
2017-07,SE,baby,120.0
2017-07,SE,electronics,65.0
2017-07,SE,fashion_bags_accessories,49.0
2017-07,SE,furniture_bedroom,79.99
2017-07,SE,furniture_decor,109.9
2017-07,SE,garden_tools,59.9
2017-07,SE,health_beauty,349.9
2017-07,SE,housewares,149.9
2017-07,SE,sports_leisure,308.6
2017-07,SE,toys,79.9
2017-07,SP,agro_industry_and_commerce,1180.0
2017-07,SP,air_conditioning,125.9
2017-07,SP,art,36.85
2017-07,SP,audio,413.8
2017-07,SP,auto,4923.87
2017-07,SP,baby,6366.61
2017-07,SP,bed_bath_table,26038.74
2017-07,SP,books_general_interest,361.5
2017-07,SP,books_technical,199.0
2017-07,SP,cds_dvds_musicals,45.0
2017-07,SP,christmas_supplies,58.9
2017-07,SP,computers_accessories,10428.99
2017-07,SP,consoles_games,2307.21
2017-07,SP,construction_tools_construction,49.49
2017-07,SP,cool_stuff,13146.69
2017-07,SP,costruction_tools_garden,290.68
2017-07,SP,dvds_blu_ray,699.0
2017-07,SP,electronics,2053.03
2017-07,SP,fashio_female_clothing,180.8
2017-07,SP,fashion_bags_accessories,1777.21
2017-07,SP,fashion_male_clothing,59.9
2017-07,SP,fashion_shoes,317.14
2017-07,SP,fashion_sport,69.9
2017-07,SP,fashion_underwear_beach,119.8
2017-07,SP,fixed_telephony,67.98
2017-07,SP,food,249.27
2017-07,SP,food_drink,88.8
2017-07,SP,furniture_bedroom,739.0
2017-07,SP,furniture_decor,10416.05
2017-07,SP,furniture_living_room,897.76
2017-07,SP,furniture_mattress_and_upholstery,109.4
2017-07,SP,garden_tools,5697.16
2017-07,SP,health_beauty,9977.02
2017-07,SP,home_appliances,803.29
2017-07,SP,home_appliances_2,397.99
2017-07,SP,home_confort,2225.85
2017-07,SP,housewares,9767.61
2017-07,SP,industry_commerce_and_business,99.99
2017-07,SP,kitchen_dining_laundry_garden_furniture,489.9
2017-07,SP,luggage_accessories,3367.99
2017-07,SP,market_place,892.19
2017-07,SP,musical_instruments,3007.99
2017-07,SP,office_furniture,6828.46
2017-07,SP,party_supplies,69.9
2017-07,SP,perfumery,5281.25
2017-07,SP,pet_shop,2090.61
2017-07,SP,signaling_and_security,207.91
2017-07,SP,small_appliances,1395.86
2017-07,SP,sports_leisure,12523.49
2017-07,SP,stationery,2541.89
2017-07,SP,tablets_printing_image,198.0
2017-07,SP,telephony,3791.16
2017-07,SP,toys,8642.84
2017-07,SP,unknown,1645.56
2017-07,SP,watches_gifts,12383.46
2017-07,TO,sports_leisure,97.5
2017-08,AC,consoles_games,276.14
2017-08,AC,cool_stuff,99.99
2017-08,AC,market_place,62.8
2017-08,AC,telephony,199.0
2017-08,AL,computers,1200.0
2017-08,AL,computers_accessories,2159.98
2017-08,AL,furniture_decor,179.9
2017-08,AL,garden_tools,119.8
2017-08,AL,health_beauty,2757.25
2017-08,AL,home_appliances,68.75
2017-08,AL,luggage_accessories,114.9
2017-08,AL,sports_leisure,109.9
2017-08,AL,telephony,560.0
2017-08,AL,toys,149.8
2017-08,AL,watches_gifts,1468.99
2017-08,AM,baby,59.9
2017-08,AM,health_beauty,255.0
2017-08,AM,luggage_accessories,101.8
2017-08,AM,sports_leisure,280.0
2017-08,AM,watches_gifts,579.9
2017-08,AP,bed_bath_table,200.0
2017-08,AP,garden_tools,29.99
2017-08,AP,pet_shop,59.8
2017-08,BA,auto,625.99
2017-08,BA,baby,504.7
2017-08,BA,bed_bath_table,2084.16
2017-08,BA,books_technical,46.55
2017-08,BA,christmas_supplies,58.9
2017-08,BA,computers,3600.0
2017-08,BA,computers_accessories,1616.77
2017-08,BA,consoles_games,39.8
2017-08,BA,construction_tools_construction,112.0
2017-08,BA,construction_tools_safety,8.9
2017-08,BA,cool_stuff,1841.97
2017-08,BA,electronics,75.9
2017-08,BA,fashion_bags_accessories,249.69
2017-08,BA,fixed_telephony,190.99
2017-08,BA,furniture_decor,2565.33
2017-08,BA,furniture_living_room,465.69
2017-08,BA,garden_tools,581.69
2017-08,BA,health_beauty,2587.3
2017-08,BA,home_appliances,188.9
2017-08,BA,home_appliances_2,205.99
2017-08,BA,home_confort,147.9
2017-08,BA,housewares,559.65
2017-08,BA,luggage_accessories,99.9
2017-08,BA,office_furniture,401.34
2017-08,BA,perfumery,319.69
2017-08,BA,pet_shop,74.99
2017-08,BA,sports_leisure,1935.54
2017-08,BA,stationery,259.9
2017-08,BA,telephony,910.76
2017-08,BA,toys,457.79
2017-08,BA,unknown,170.1
2017-08,BA,watches_gifts,2145.69
2017-08,CE,air_conditioning,176.26
2017-08,CE,auto,54.99
2017-08,CE,baby,69.99
2017-08,CE,bed_bath_table,245.6
2017-08,CE,computers_accessories,882.85
2017-08,CE,consoles_games,141.8
2017-08,CE,construction_tools_construction,444.38
2017-08,CE,cool_stuff,142.89
2017-08,CE,fashion_bags_accessories,79.9
2017-08,CE,fashion_male_clothing,29.99
2017-08,CE,furniture_decor,75.0
2017-08,CE,garden_tools,774.3
2017-08,CE,health_beauty,879.59
2017-08,CE,home_appliances,26.7
2017-08,CE,housewares,288.78
2017-08,CE,luggage_accessories,349.6
2017-08,CE,market_place,62.8
2017-08,CE,perfumery,1468.03
2017-08,CE,sports_leisure,536.69
2017-08,CE,stationery,44.9
2017-08,CE,tablets_printing_image,29.99
2017-08,CE,telephony,383.96
2017-08,CE,toys,770.75
2017-08,CE,unknown,85.99
2017-08,CE,watches_gifts,2596.93
2017-08,DF,auto,649.23
2017-08,DF,baby,100.0
2017-08,DF,bed_bath_table,620.55
2017-08,DF,books_general_interest,89.9
2017-08,DF,computers,1200.0
2017-08,DF,computers_accessories,325.44
2017-08,DF,consoles_games,154.98
2017-08,DF,cool_stuff,556.69
2017-08,DF,costruction_tools_garden,58.9
2017-08,DF,dvds_blu_ray,19.9
2017-08,DF,fashion_bags_accessories,313.5
2017-08,DF,fashion_shoes,369.69
2017-08,DF,food_drink,38.99
2017-08,DF,furniture_decor,376.5
2017-08,DF,furniture_living_room,125.9
2017-08,DF,garden_tools,119.8
2017-08,DF,health_beauty,792.37
2017-08,DF,housewares,117.8
2017-08,DF,luggage_accessories,170.8
2017-08,DF,market_place,62.8
2017-08,DF,musical_instruments,359.0
2017-08,DF,office_furniture,291.98
2017-08,DF,perfumery,403.88
2017-08,DF,pet_shop,151.55
2017-08,DF,small_appliances,99.99
2017-08,DF,sports_leisure,760.57
2017-08,DF,stationery,45.0
2017-08,DF,telephony,293.9
2017-08,DF,toys,288.9
2017-08,DF,watches_gifts,668.4
2017-08,ES,auto,254.79
2017-08,ES,baby,1495.22
2017-08,ES,bed_bath_table,2329.83
2017-08,ES,computers_accessories,193.68
2017-08,ES,consoles_games,85.0
2017-08,ES,construction_tools_lights,229.0
2017-08,ES,cool_stuff,218.99
2017-08,ES,electronics,14.9
2017-08,ES,fashion_bags_accessories,29.99
2017-08,ES,furniture_decor,709.72
2017-08,ES,furniture_living_room,125.9
2017-08,ES,garden_tools,652.2
2017-08,ES,health_beauty,756.2
2017-08,ES,home_appliances,395.85
2017-08,ES,housewares,847.04
2017-08,ES,luggage_accessories,131.8
2017-08,ES,office_furniture,439.98
2017-08,ES,perfumery,308.9
2017-08,ES,sports_leisure,1289.97
2017-08,ES,tablets_printing_image,14.9
2017-08,ES,telephony,678.96
2017-08,ES,toys,413.43
2017-08,ES,watches_gifts,1525.6
2017-08,GO,auto,2093.9
2017-08,GO,baby,59.99
2017-08,GO,bed_bath_table,2127.6
2017-08,GO,books_general_interest,149.0
2017-08,GO,computers_accessories,497.7
2017-08,GO,consoles_games,355.9
2017-08,GO,cool_stuff,1128.93
2017-08,GO,electronics,29.0
2017-08,GO,fashio_female_clothing,54.9
2017-08,GO,fashion_bags_accessories,39.99
2017-08,GO,fashion_male_clothing,49.9
2017-08,GO,furniture_decor,612.97
2017-08,GO,furniture_living_room,115.97
2017-08,GO,garden_tools,895.49
2017-08,GO,health_beauty,840.79
2017-08,GO,home_appliances,124.95
2017-08,GO,housewares,618.29
2017-08,GO,luggage_accessories,289.9
2017-08,GO,musical_instruments,16.9
2017-08,GO,perfumery,66.9
2017-08,GO,pet_shop,394.9
2017-08,GO,sports_leisure,1204.88
2017-08,GO,telephony,7.0
2017-08,GO,toys,145.49
2017-08,GO,unknown,120.8
2017-08,GO,watches_gifts,1096.89
2017-08,MA,auto,114.8
2017-08,MA,bed_bath_table,883.17
2017-08,MA,computers,1200.0
2017-08,MA,computers_accessories,175.6
2017-08,MA,consoles_games,473.9
2017-08,MA,cool_stuff,159.0
2017-08,MA,fashion_sport,205.9
2017-08,MA,food_drink,38.99
2017-08,MA,furniture_decor,24.9
2017-08,MA,garden_tools,59.9
2017-08,MA,health_beauty,276.86
2017-08,MA,home_confort,599.0
2017-08,MA,luggage_accessories,279.9
2017-08,MA,market_place,28.99
2017-08,MA,musical_instruments,651.55
2017-08,MA,perfumery,84.99
2017-08,MA,pet_shop,120.0
2017-08,MA,sports_leisure,272.88
2017-08,MA,telephony,110.0
2017-08,MA,watches_gifts,238.9
2017-08,MG,air_conditioning,125.9
2017-08,MG,art,44.9
2017-08,MG,audio,89.0
2017-08,MG,auto,1267.27
2017-08,MG,baby,2998.89
2017-08,MG,bed_bath_table,4115.21
2017-08,MG,books_general_interest,129.9
2017-08,MG,computers,4350.0
2017-08,MG,computers_accessories,2675.35
2017-08,MG,consoles_games,252.29
2017-08,MG,construction_tools_construction,389.0
2017-08,MG,cool_stuff,4689.12
2017-08,MG,costruction_tools_garden,259.7
2017-08,MG,electronics,405.9
2017-08,MG,fashion_bags_accessories,1646.68
2017-08,MG,fashion_male_clothing,510.78
2017-08,MG,fashion_shoes,117.8
2017-08,MG,food_drink,104.97
2017-08,MG,furniture_decor,2854.65
2017-08,MG,furniture_living_room,134.97
2017-08,MG,furniture_mattress_and_upholstery,399.99
2017-08,MG,garden_tools,2183.96
2017-08,MG,health_beauty,6433.48
2017-08,MG,home_appliances,161.6
2017-08,MG,home_appliances_2,446.99
2017-08,MG,home_confort,518.7
2017-08,MG,home_construction,124.8
2017-08,MG,housewares,2096.94
2017-08,MG,industry_commerce_and_business,119.0
2017-08,MG,kitchen_dining_laundry_garden_furniture,289.0
2017-08,MG,luggage_accessories,1058.9
2017-08,MG,market_place,352.0
2017-08,MG,musical_instruments,1881.3
2017-08,MG,office_furniture,1206.8
2017-08,MG,perfumery,1437.95
2017-08,MG,pet_shop,1305.39
2017-08,MG,signaling_and_security,29.9
2017-08,MG,small_appliances,460.87
2017-08,MG,sports_leisure,3595.1
2017-08,MG,stationery,649.5
2017-08,MG,tablets_printing_image,208.0
2017-08,MG,telephony,1331.5
2017-08,MG,toys,2586.56
2017-08,MG,unknown,891.0
2017-08,MG,watches_gifts,1777.4
2017-08,MS,auto,89.9
2017-08,MS,baby,1139.69
2017-08,MS,bed_bath_table,615.0
2017-08,MS,computers_accessories,119.9
2017-08,MS,cool_stuff,349.88
2017-08,MS,costruction_tools_garden,145.99
2017-08,MS,dvds_blu_ray,19.9
2017-08,MS,fashion_bags_accessories,139.9
2017-08,MS,fashion_underwear_beach,190.0
2017-08,MS,furniture_decor,299.89
2017-08,MS,health_beauty,288.89
2017-08,MS,housewares,154.99
2017-08,MS,industry_commerce_and_business,89.9
2017-08,MS,perfumery,84.99
2017-08,MS,small_appliances,16.9
2017-08,MS,stationery,40.9
2017-08,MS,telephony,55.0
2017-08,MT,auto,1736.0
2017-08,MT,baby,359.89
2017-08,MT,bed_bath_table,249.95
2017-08,MT,computers_accessories,186.69
2017-08,MT,cool_stuff,69.99
2017-08,MT,electronics,88.3
2017-08,MT,fashion_bags_accessories,45.0
2017-08,MT,furniture_decor,472.45
2017-08,MT,garden_tools,1118.8
2017-08,MT,health_beauty,331.87
2017-08,MT,housewares,86.98
2017-08,MT,small_appliances,18.9
2017-08,MT,sports_leisure,169.8
2017-08,MT,stationery,584.9
2017-08,MT,telephony,17.99
2017-08,MT,toys,579.39
2017-08,MT,watches_gifts,592.55
2017-08,PA,baby,1160.9
2017-08,PA,bed_bath_table,506.89
2017-08,PA,computers,1200.0
2017-08,PA,computers_accessories,818.89
2017-08,PA,consoles_games,164.9
2017-08,PA,cool_stuff,498.87
2017-08,PA,electronics,14.9
2017-08,PA,fashion_bags_accessories,40.0
2017-08,PA,food_drink,64.6
2017-08,PA,furniture_decor,972.0
2017-08,PA,health_beauty,3743.66
2017-08,PA,home_appliances,14.9
2017-08,PA,housewares,540.58
2017-08,PA,market_place,257.57
2017-08,PA,musical_instruments,39.9
2017-08,PA,office_furniture,439.97
2017-08,PA,perfumery,81.0
2017-08,PA,pet_shop,839.89
2017-08,PA,small_appliances,999.9
2017-08,PA,sports_leisure,336.29
2017-08,PA,stationery,165.0
2017-08,PA,telephony,912.8
2017-08,PA,toys,89.9
2017-08,PA,unknown,203.1
2017-08,PA,watches_gifts,647.99
2017-08,PB,bed_bath_table,440.0
2017-08,PB,computers_accessories,49.9
2017-08,PB,consoles_games,45.0
2017-08,PB,cool_stuff,730.9
2017-08,PB,fashion_bags_accessories,34.9
2017-08,PB,fixed_telephony,199.8
2017-08,PB,furniture_decor,393.49
2017-08,PB,health_beauty,24.9
2017-08,PB,perfumery,56.99
2017-08,PB,pet_shop,189.99
2017-08,PB,sports_leisure,158.9
2017-08,PE,auto,207.4
2017-08,PE,baby,77.94
2017-08,PE,bed_bath_table,1156.83
2017-08,PE,computers,1100.0
2017-08,PE,computers_accessories,123.89
2017-08,PE,consoles_games,178.89
2017-08,PE,cool_stuff,1243.87
2017-08,PE,dvds_blu_ray,19.9
2017-08,PE,fashion_bags_accessories,89.8
2017-08,PE,fashion_shoes,69.9
2017-08,PE,fashion_underwear_beach,201.9
2017-08,PE,food,165.22
2017-08,PE,furniture_decor,381.89
2017-08,PE,furniture_living_room,79.9
2017-08,PE,garden_tools,361.96
2017-08,PE,health_beauty,1753.18
2017-08,PE,home_appliances,47.25
2017-08,PE,home_confort,229.0
2017-08,PE,housewares,121.8
2017-08,PE,luggage_accessories,190.8
2017-08,PE,market_place,120.8
2017-08,PE,musical_instruments,1999.0
2017-08,PE,perfumery,99.89
2017-08,PE,pet_shop,74.9
2017-08,PE,sports_leisure,463.5
2017-08,PE,telephony,385.87
2017-08,PE,toys,202.79
2017-08,PE,unknown,149.9
2017-08,PE,watches_gifts,1546.58
2017-08,PI,auto,338.0
2017-08,PI,baby,59.9
2017-08,PI,bed_bath_table,932.64
2017-08,PI,computers_accessories,130.0
2017-08,PI,consoles_games,574.0
2017-08,PI,furniture_living_room,79.9
2017-08,PI,health_beauty,89.99
2017-08,PI,industry_commerce_and_business,748.0
2017-08,PI,office_furniture,159.99
2017-08,PI,perfumery,169.9
2017-08,PI,sports_leisure,152.49
2017-08,PI,tablets_printing_image,99.0
2017-08,PI,telephony,79.99
2017-08,PI,toys,209.8
2017-08,PI,unknown,115.0
2017-08,PI,watches_gifts,428.9
2017-08,PR,audio,29.9
2017-08,PR,auto,713.59
2017-08,PR,baby,900.4
2017-08,PR,bed_bath_table,2652.0
2017-08,PR,books_general_interest,199.9
2017-08,PR,books_technical,384.93
2017-08,PR,computers_accessories,633.37
2017-08,PR,consoles_games,165.69
2017-08,PR,cool_stuff,3559.22
2017-08,PR,electronics,274.39
2017-08,PR,fashion_bags_accessories,29.99
2017-08,PR,fashion_male_clothing,129.99
2017-08,PR,fashion_shoes,169.8
2017-08,PR,fashion_underwear_beach,59.9
2017-08,PR,furniture_decor,2378.71
2017-08,PR,furniture_living_room,116.04
2017-08,PR,garden_tools,640.42
2017-08,PR,health_beauty,2604.51
2017-08,PR,home_appliances,1033.05
2017-08,PR,housewares,1022.69
2017-08,PR,luggage_accessories,48.9
2017-08,PR,market_place,104.83
2017-08,PR,musical_instruments,74.9
2017-08,PR,office_furniture,649.96
2017-08,PR,perfumery,912.68
2017-08,PR,pet_shop,1004.33
2017-08,PR,small_appliances,132.89
2017-08,PR,sports_leisure,3202.49
2017-08,PR,stationery,227.69
2017-08,PR,tablets_printing_image,99.0
2017-08,PR,telephony,158.64
2017-08,PR,toys,1295.99
2017-08,PR,unknown,99.77
2017-08,PR,watches_gifts,2729.41
2017-08,RJ,air_conditioning,2974.8
2017-08,RJ,art,110.0
2017-08,RJ,audio,703.9
2017-08,RJ,auto,1297.95
2017-08,RJ,baby,1586.78
2017-08,RJ,bed_bath_table,7619.43
2017-08,RJ,books_general_interest,480.39
2017-08,RJ,books_technical,89.0
2017-08,RJ,computers,3600.0
2017-08,RJ,computers_accessories,2114.16
2017-08,RJ,consoles_games,1056.57
2017-08,RJ,construction_tools_construction,234.62
2017-08,RJ,construction_tools_lights,360.0
2017-08,RJ,cool_stuff,5908.39
2017-08,RJ,drinks,109.9
2017-08,RJ,dvds_blu_ray,16.9
2017-08,RJ,electronics,870.84
2017-08,RJ,fashion_bags_accessories,857.69
2017-08,RJ,fashion_shoes,434.1
2017-08,RJ,fixed_telephony,158.0
2017-08,RJ,food,63.49
2017-08,RJ,food_drink,39.2
2017-08,RJ,furniture_decor,4741.17
2017-08,RJ,furniture_living_room,114.97
2017-08,RJ,furniture_mattress_and_upholstery,109.4
2017-08,RJ,garden_tools,4288.63
2017-08,RJ,health_beauty,8056.64
2017-08,RJ,home_appliances,202.3
2017-08,RJ,home_appliances_2,978.99
2017-08,RJ,home_confort,628.6
2017-08,RJ,housewares,3982.71
2017-08,RJ,luggage_accessories,666.4
2017-08,RJ,market_place,367.29
2017-08,RJ,musical_instruments,1255.41
2017-08,RJ,office_furniture,2492.53
2017-08,RJ,perfumery,1601.23
2017-08,RJ,pet_shop,627.34
2017-08,RJ,small_appliances,1676.98
2017-08,RJ,sports_leisure,4908.38
2017-08,RJ,stationery,923.37
2017-08,RJ,telephony,692.38
2017-08,RJ,toys,3038.74
2017-08,RJ,unknown,791.72
2017-08,RJ,watches_gifts,3503.0
2017-08,RN,baby,74.5
2017-08,RN,computers_accessories,139.8
2017-08,RN,consoles_games,120.0
2017-08,RN,cool_stuff,99.99
2017-08,RN,food,42.0
2017-08,RN,garden_tools,59.9
2017-08,RN,health_beauty,325.0
2017-08,RN,home_appliances,303.45
2017-08,RN,perfumery,259.9
2017-08,RN,sports_leisure,621.49
2017-08,RN,stationery,99.6
2017-08,RN,telephony,174.0
2017-08,RN,toys,225.78
2017-08,RO,agro_industry_and_commerce,88.0
2017-08,RO,auto,35.0
2017-08,RO,baby,388.0
2017-08,RO,bed_bath_table,117.99
2017-08,RO,computers,1200.0
2017-08,RO,computers_accessories,31.9
2017-08,RO,consoles_games,19.9
2017-08,RO,fashion_bags_accessories,59.89
2017-08,RO,perfumery,122.61
2017-08,RO,pet_shop,36.8
2017-08,RO,sports_leisure,69.9
2017-08,RO,telephony,16.99
2017-08,RO,toys,49.9
2017-08,RS,air_conditioning,109.0
2017-08,RS,art,44.9
2017-08,RS,auto,360.21
2017-08,RS,baby,740.37
2017-08,RS,bed_bath_table,5032.61
2017-08,RS,books_general_interest,31.5
2017-08,RS,cds_dvds_musicals,90.0
2017-08,RS,computers,2050.0
2017-08,RS,computers_accessories,2556.86
2017-08,RS,consoles_games,143.78
2017-08,RS,cool_stuff,3637.09
2017-08,RS,electronics,281.29
2017-08,RS,fashion_bags_accessories,228.8
2017-08,RS,fashion_shoes,32.9
2017-08,RS,fixed_telephony,19.99
2017-08,RS,furniture_decor,2042.15
2017-08,RS,furniture_living_room,179.99
2017-08,RS,garden_tools,1461.68
2017-08,RS,health_beauty,1307.33
2017-08,RS,home_appliances,184.8
2017-08,RS,home_confort,89.9
2017-08,RS,housewares,2106.96
2017-08,RS,luggage_accessories,218.8
2017-08,RS,market_place,27.93
2017-08,RS,office_furniture,589.96
2017-08,RS,perfumery,687.88
2017-08,RS,pet_shop,529.98
2017-08,RS,small_appliances,18.9
2017-08,RS,sports_leisure,4028.58
2017-08,RS,stationery,361.8
2017-08,RS,telephony,1066.22
2017-08,RS,toys,601.99
2017-08,RS,unknown,234.8
2017-08,RS,watches_gifts,2392.29
2017-08,SC,audio,49.9
2017-08,SC,auto,3715.7
2017-08,SC,baby,374.79
2017-08,SC,bed_bath_table,2004.49
2017-08,SC,computers_accessories,1516.1
2017-08,SC,consoles_games,79.99
2017-08,SC,cool_stuff,801.75
2017-08,SC,electronics,10.0
2017-08,SC,fashio_female_clothing,19.9
2017-08,SC,fashion_bags_accessories,179.78
2017-08,SC,fashion_sport,59.9
2017-08,SC,fashion_underwear_beach,49.9
2017-08,SC,fixed_telephony,1380.0
2017-08,SC,food,19.9
2017-08,SC,furniture_bedroom,229.0
2017-08,SC,furniture_decor,1246.67
2017-08,SC,garden_tools,1175.44
2017-08,SC,health_beauty,1422.65
2017-08,SC,home_appliances,161.6
2017-08,SC,home_appliances_2,778.0
2017-08,SC,home_confort,368.9
2017-08,SC,housewares,657.55
2017-08,SC,luggage_accessories,99.9
2017-08,SC,market_place,304.9
2017-08,SC,musical_instruments,369.8
2017-08,SC,office_furniture,159.98
2017-08,SC,perfumery,269.79
2017-08,SC,pet_shop,363.88
2017-08,SC,signaling_and_security,129.0
2017-08,SC,small_appliances,98.0
2017-08,SC,sports_leisure,2128.59
2017-08,SC,stationery,108.9
2017-08,SC,telephony,104.78
2017-08,SC,toys,194.8
2017-08,SC,unknown,162.49
2017-08,SC,watches_gifts,1001.5
2017-08,SE,auto,177.87
2017-08,SE,baby,399.9
2017-08,SE,bed_bath_table,600.0
2017-08,SE,computers,1200.0
2017-08,SE,computers_accessories,49.9
2017-08,SE,garden_tools,119.8
2017-08,SE,health_beauty,408.89
2017-08,SE,luggage_accessories,117.9
2017-08,SE,pet_shop,32.64
2017-08,SE,sports_leisure,130.89
2017-08,SE,stationery,59.9
2017-08,SE,telephony,65.0
2017-08,SE,toys,159.0
2017-08,SP,air_conditioning,885.77
2017-08,SP,art,44.9
2017-08,SP,audio,178.0
2017-08,SP,auto,5081.02
2017-08,SP,baby,6608.35
2017-08,SP,bed_bath_table,22046.68
2017-08,SP,books_general_interest,1161.51
2017-08,SP,books_imported,61.0
2017-08,SP,books_technical,675.9
2017-08,SP,cds_dvds_musicals,45.0
2017-08,SP,computers,9300.0
2017-08,SP,computers_accessories,16748.74
2017-08,SP,consoles_games,3726.22
2017-08,SP,cool_stuff,12173.01
2017-08,SP,costruction_tools_garden,821.6
2017-08,SP,drinks,10.0
2017-08,SP,dvds_blu_ray,36.8
2017-08,SP,electronics,788.73
2017-08,SP,fashio_female_clothing,113.9
2017-08,SP,fashion_bags_accessories,2373.39
2017-08,SP,fashion_male_clothing,454.4
2017-08,SP,fashion_shoes,297.5
2017-08,SP,fashion_underwear_beach,609.3
2017-08,SP,fixed_telephony,1394.76
2017-08,SP,food,73.89
2017-08,SP,food_drink,208.06
2017-08,SP,furniture_bedroom,389.0
2017-08,SP,furniture_decor,13268.5
2017-08,SP,furniture_living_room,938.84
2017-08,SP,garden_tools,8277.17
2017-08,SP,health_beauty,12947.9
2017-08,SP,home_appliances,1007.25
2017-08,SP,home_appliances_2,1276.58
2017-08,SP,home_comfort_2,38.7
2017-08,SP,home_confort,1418.19
2017-08,SP,housewares,10225.08
2017-08,SP,kitchen_dining_laundry_garden_furniture,717.2
2017-08,SP,la_cuisine,313.0
2017-08,SP,luggage_accessories,2592.9
2017-08,SP,market_place,184.68
2017-08,SP,musical_instruments,441.79
2017-08,SP,office_furniture,3044.87
2017-08,SP,perfumery,4647.9
2017-08,SP,pet_shop,4619.41
2017-08,SP,signaling_and_security,218.9
2017-08,SP,small_appliances,773.68
2017-08,SP,small_appliances_home_oven_and_coffee,21.9
2017-08,SP,sports_leisure,14267.94
2017-08,SP,stationery,2697.65
2017-08,SP,telephony,2326.58
2017-08,SP,toys,6214.57
2017-08,SP,unknown,1943.78
2017-08,SP,watches_gifts,11138.2
2017-08,TO,auto,109.0
2017-08,TO,books_general_interest,32.9
2017-08,TO,computers,1200.0
2017-08,TO,computers_accessories,79.0
2017-08,TO,cool_stuff,353.97
2017-08,TO,health_beauty,145.98
2017-08,TO,stationery,97.9
2017-08,TO,telephony,21.99
2017-08,TO,watches_gifts,91.83
2017-09,AC,bed_bath_table,148.0
2017-09,AC,computers,1200.0
2017-09,AC,electronics,189.9
2017-09,AC,small_appliances,54.0
2017-09,AC,sports_leisure,194.99
2017-09,AL,audio,89.0
2017-09,AL,auto,117.3
2017-09,AL,bed_bath_table,83.8
2017-09,AL,consoles_games,19.9
2017-09,AL,cool_stuff,168.9
2017-09,AL,electronics,79.0
2017-09,AL,health_beauty,1006.0
2017-09,AL,perfumery,56.99
2017-09,AL,pet_shop,1798.0
2017-09,AL,sports_leisure,425.8
2017-09,AL,telephony,350.8
2017-09,AL,toys,109.9
2017-09,AM,auto,36.0
2017-09,AM,computers_accessories,66.9
2017-09,AM,health_beauty,23.99
2017-09,AM,housewares,28.9
2017-09,AM,office_furniture,135.9
2017-09,AM,sports_leisure,179.9
2017-09,AM,toys,79.9
2017-09,AM,unknown,541.8
2017-09,AM,watches_gifts,69.99
2017-09,AP,bed_bath_table,269.7
2017-09,AP,musical_instruments,94.9
2017-09,BA,air_conditioning,176.26
2017-09,BA,audio,119.9
2017-09,BA,auto,427.79
2017-09,BA,baby,2300.98
2017-09,BA,bed_bath_table,1989.56
2017-09,BA,computers,850.0
2017-09,BA,computers_accessories,448.19
2017-09,BA,consoles_games,512.97
2017-09,BA,cool_stuff,1365.55
2017-09,BA,fashion_bags_accessories,511.7
2017-09,BA,fashion_childrens_clothes,89.99
2017-09,BA,fashion_male_clothing,408.7
2017-09,BA,fashion_shoes,84.9
2017-09,BA,fashion_underwear_beach,79.9
2017-09,BA,furniture_decor,480.34
2017-09,BA,garden_tools,592.39
2017-09,BA,health_beauty,3349.28
2017-09,BA,home_appliances_2,419.8
2017-09,BA,home_comfort_2,12.9
2017-09,BA,home_confort,428.0
2017-09,BA,housewares,1186.21
2017-09,BA,luggage_accessories,112.8
2017-09,BA,musical_instruments,359.0
2017-09,BA,office_furniture,455.88
2017-09,BA,perfumery,498.86
2017-09,BA,pet_shop,110.0
2017-09,BA,small_appliances,17.8
2017-09,BA,sports_leisure,1817.1
2017-09,BA,stationery,94.0
2017-09,BA,telephony,1724.85
2017-09,BA,toys,676.27
2017-09,BA,unknown,514.23
2017-09,BA,watches_gifts,1442.8
2017-09,CE,auto,1365.9
2017-09,CE,baby,459.0
2017-09,CE,bed_bath_table,242.7
2017-09,CE,books_technical,99.0
2017-09,CE,computers,2699.8
2017-09,CE,computers_accessories,1335.79
2017-09,CE,cool_stuff,132.9
2017-09,CE,electronics,139.9
2017-09,CE,fashion_bags_accessories,388.98
2017-09,CE,food,27.5
2017-09,CE,furniture_decor,807.97
2017-09,CE,garden_tools,208.0
2017-09,CE,health_beauty,767.69
2017-09,CE,home_confort,76.9
2017-09,CE,housewares,219.9
2017-09,CE,perfumery,518.49
2017-09,CE,pet_shop,119.89
2017-09,CE,small_appliances,890.0
2017-09,CE,sports_leisure,648.58
2017-09,CE,telephony,552.68
2017-09,CE,toys,656.18
2017-09,CE,watches_gifts,4295.18
2017-09,DF,audio,79.0
2017-09,DF,auto,189.27
2017-09,DF,baby,186.8
2017-09,DF,bed_bath_table,879.29
2017-09,DF,books_general_interest,183.4
2017-09,DF,christmas_supplies,117.8
2017-09,DF,computers,2899.99
2017-09,DF,computers_accessories,625.66
2017-09,DF,consoles_games,19.9
2017-09,DF,cool_stuff,363.9
2017-09,DF,drinks,30.0
2017-09,DF,electronics,199.9
2017-09,DF,fashion_bags_accessories,27.3
2017-09,DF,furniture_decor,897.89
2017-09,DF,garden_tools,618.1
2017-09,DF,health_beauty,1225.26
2017-09,DF,home_appliances_2,154.0
2017-09,DF,home_confort,147.9
2017-09,DF,home_construction,216.9
2017-09,DF,housewares,406.5
2017-09,DF,kitchen_dining_laundry_garden_furniture,179.9
2017-09,DF,luggage_accessories,164.5
2017-09,DF,perfumery,444.89
2017-09,DF,security_and_services,100.0
2017-09,DF,small_appliances,103.8
2017-09,DF,sports_leisure,1615.63
2017-09,DF,stationery,59.9
2017-09,DF,telephony,406.79
2017-09,DF,toys,395.39
2017-09,DF,unknown,151.54
2017-09,DF,watches_gifts,108.9
2017-09,ES,air_conditioning,99.0
2017-09,ES,auto,416.05
2017-09,ES,baby,155.89
2017-09,ES,bed_bath_table,1278.53
2017-09,ES,books_technical,85.0
2017-09,ES,computers_accessories,31.9
2017-09,ES,construction_tools_construction,54.9
2017-09,ES,cool_stuff,629.69
2017-09,ES,costruction_tools_tools,19.99
2017-09,ES,electronics,18.9
2017-09,ES,fashion_bags_accessories,681.8
2017-09,ES,furniture_decor,974.23
2017-09,ES,garden_tools,765.57
2017-09,ES,health_beauty,252.69
2017-09,ES,home_appliances,139.8
2017-09,ES,home_construction,91.0
2017-09,ES,housewares,146.99
2017-09,ES,market_place,409.99
2017-09,ES,perfumery,822.55
2017-09,ES,pet_shop,265.0
2017-09,ES,sports_leisure,1345.54
2017-09,ES,stationery,229.9
2017-09,ES,telephony,756.87
2017-09,ES,toys,778.28
2017-09,ES,unknown,279.99
2017-09,ES,watches_gifts,505.9
2017-09,GO,audio,98.0
2017-09,GO,auto,173.83
2017-09,GO,baby,174.89
2017-09,GO,bed_bath_table,1833.18
2017-09,GO,computers,1700.0
2017-09,GO,computers_accessories,469.98
2017-09,GO,construction_tools_safety,307.7
2017-09,GO,cool_stuff,2364.11
2017-09,GO,fashion_bags_accessories,133.89
2017-09,GO,fixed_telephony,16.99
2017-09,GO,furniture_decor,448.88
2017-09,GO,garden_tools,208.89
2017-09,GO,health_beauty,751.72
2017-09,GO,home_construction,435.7
2017-09,GO,housewares,231.9
2017-09,GO,musical_instruments,499.0
2017-09,GO,perfumery,485.9
2017-09,GO,sports_leisure,817.83
2017-09,GO,telephony,78.47
2017-09,GO,toys,835.16
2017-09,GO,unknown,267.68
2017-09,GO,watches_gifts,850.04
2017-09,MA,baby,870.9
2017-09,MA,bed_bath_table,381.7
2017-09,MA,computers,2549.99
2017-09,MA,consoles_games,39.9
2017-09,MA,cool_stuff,119.99
2017-09,MA,fashion_bags_accessories,79.8
2017-09,MA,fashion_shoes,27.9
2017-09,MA,furniture_decor,682.8
2017-09,MA,garden_tools,539.89
2017-09,MA,health_beauty,772.9
2017-09,MA,home_appliances,1197.8
2017-09,MA,luggage_accessories,72.9
2017-09,MA,perfumery,84.99
2017-09,MA,pet_shop,144.9
2017-09,MA,sports_leisure,609.7
2017-09,MA,telephony,802.59
2017-09,MA,toys,173.9
2017-09,MA,unknown,29.9
2017-09,MA,watches_gifts,257.9
2017-09,MG,agro_industry_and_commerce,796.0
2017-09,MG,audio,89.0
2017-09,MG,auto,1558.98
2017-09,MG,baby,2669.98
2017-09,MG,bed_bath_table,7981.58
2017-09,MG,books_technical,109.0
2017-09,MG,christmas_supplies,79.9
2017-09,MG,computers,1300.0
2017-09,MG,computers_accessories,2597.19
2017-09,MG,consoles_games,1112.99
2017-09,MG,construction_tools_construction,169.0
2017-09,MG,cool_stuff,4719.39
2017-09,MG,electronics,821.59
2017-09,MG,fashio_female_clothing,47.0
2017-09,MG,fashion_bags_accessories,941.2
2017-09,MG,fashion_male_clothing,99.8
2017-09,MG,fashion_shoes,374.6
2017-09,MG,fashion_sport,225.0
2017-09,MG,fashion_underwear_beach,309.7
2017-09,MG,fixed_telephony,19.99
2017-09,MG,food,56.97
2017-09,MG,food_drink,23.4
2017-09,MG,furniture_bedroom,79.9
2017-09,MG,furniture_decor,2256.42
2017-09,MG,furniture_living_room,92.99
2017-09,MG,garden_tools,2899.19
2017-09,MG,health_beauty,4896.45
2017-09,MG,home_confort,917.6
2017-09,MG,home_construction,89.99
2017-09,MG,housewares,4728.26
2017-09,MG,luggage_accessories,1005.72
2017-09,MG,musical_instruments,4410.6
2017-09,MG,office_furniture,2446.36
2017-09,MG,perfumery,1478.21
2017-09,MG,pet_shop,612.82
2017-09,MG,signaling_and_security,116.0
2017-09,MG,small_appliances,2097.79
2017-09,MG,sports_leisure,6100.69
2017-09,MG,stationery,963.6
2017-09,MG,tablets_printing_image,35.9
2017-09,MG,telephony,1915.38
2017-09,MG,toys,3100.57
2017-09,MG,unknown,776.19
2017-09,MG,watches_gifts,4393.37
2017-09,MS,baby,887.0
2017-09,MS,bed_bath_table,565.77
2017-09,MS,computers_accessories,295.49
2017-09,MS,consoles_games,29.9
2017-09,MS,construction_tools_construction,299.0
2017-09,MS,cool_stuff,139.9
2017-09,MS,fashion_bags_accessories,29.99
2017-09,MS,fashion_underwear_beach,192.0
2017-09,MS,health_beauty,117.99
2017-09,MS,housewares,284.9
2017-09,MS,luggage_accessories,118.9
2017-09,MS,perfumery,13.99
2017-09,MS,sports_leisure,892.4
2017-09,MS,stationery,70.8
2017-09,MS,toys,739.78
2017-09,MS,watches_gifts,224.9
2017-09,MT,auto,143.8
2017-09,MT,baby,1492.89
2017-09,MT,bed_bath_table,45.95
2017-09,MT,books_technical,79.0
2017-09,MT,computers,1549.99
2017-09,MT,computers_accessories,39.9
2017-09,MT,consoles_games,90.0
2017-09,MT,cool_stuff,136.0
2017-09,MT,furniture_bedroom,469.8
2017-09,MT,furniture_decor,670.67
2017-09,MT,garden_tools,88.8
2017-09,MT,health_beauty,326.8
2017-09,MT,housewares,177.99
2017-09,MT,perfumery,113.98
2017-09,MT,pet_shop,110.0
2017-09,MT,sports_leisure,436.78
2017-09,MT,toys,708.9
2017-09,MT,unknown,49.77
2017-09,MT,watches_gifts,129.99
2017-09,PA,auto,1053.0
2017-09,PA,baby,342.9
2017-09,PA,bed_bath_table,307.98
2017-09,PA,computers_accessories,230.89
2017-09,PA,cool_stuff,275.79
2017-09,PA,electronics,299.9
2017-09,PA,fashion_bags_accessories,205.99
2017-09,PA,fashion_sport,159.6
2017-09,PA,garden_tools,92.8
2017-09,PA,health_beauty,296.39
2017-09,PA,musical_instruments,249.9
2017-09,PA,small_appliances,1128.99
2017-09,PA,sports_leisure,856.87
2017-09,PA,telephony,304.7
2017-09,PA,toys,21.9
2017-09,PA,watches_gifts,390.79
2017-09,PB,auto,490.33
2017-09,PB,baby,50.0
2017-09,PB,bed_bath_table,99.9
2017-09,PB,consoles_games,319.0
2017-09,PB,fashio_female_clothing,109.8
2017-09,PB,fashion_bags_accessories,319.7
2017-09,PB,furniture_decor,371.5
2017-09,PB,garden_tools,1258.9
2017-09,PB,health_beauty,1502.68
2017-09,PB,sports_leisure,42.9
2017-09,PB,stationery,139.98
2017-09,PB,unknown,79.8
2017-09,PB,watches_gifts,204.9
2017-09,PE,bed_bath_table,1165.7
2017-09,PE,books_general_interest,29.9
2017-09,PE,books_technical,125.0
2017-09,PE,computers,3749.98
2017-09,PE,computers_accessories,704.79
2017-09,PE,cool_stuff,769.0
2017-09,PE,fashion_bags_accessories,289.88
2017-09,PE,fashion_shoes,242.8
2017-09,PE,furniture_decor,821.3
2017-09,PE,garden_tools,404.03
2017-09,PE,health_beauty,550.93
2017-09,PE,home_appliances,42.9
2017-09,PE,housewares,53.89
2017-09,PE,office_furniture,179.98
2017-09,PE,pet_shop,162.98
2017-09,PE,small_appliances_home_oven_and_coffee,640.99
2017-09,PE,sports_leisure,961.08
2017-09,PE,stationery,75.0
2017-09,PE,telephony,1112.5
2017-09,PE,toys,481.29
2017-09,PE,unknown,79.8
2017-09,PE,watches_gifts,365.9
2017-09,PI,books_technical,90.0
2017-09,PI,computers,730.0
2017-09,PI,computers_accessories,69.9
2017-09,PI,cool_stuff,254.99
2017-09,PI,electronics,109.0
2017-09,PI,health_beauty,121.99
2017-09,PI,market_place,29.99
2017-09,PI,musical_instruments,131.8
2017-09,PI,perfumery,141.98
2017-09,PI,sports_leisure,193.0
2017-09,PI,stationery,125.9
2017-09,PI,telephony,38.89
2017-09,PI,toys,622.79
2017-09,PI,watches_gifts,188.0
2017-09,PR,audio,129.9
2017-09,PR,auto,1795.9
2017-09,PR,baby,459.59
2017-09,PR,bed_bath_table,1725.46
2017-09,PR,computers_accessories,1081.87
2017-09,PR,consoles_games,45.79
2017-09,PR,cool_stuff,1606.94
2017-09,PR,electronics,378.6
2017-09,PR,fashion_bags_accessories,1452.5
2017-09,PR,fashion_male_clothing,69.9
2017-09,PR,fashion_shoes,84.9
2017-09,PR,fashion_underwear_beach,89.9
2017-09,PR,food,113.94
2017-09,PR,furniture_decor,1034.62
2017-09,PR,garden_tools,1200.7
2017-09,PR,health_beauty,1853.45
2017-09,PR,housewares,357.76
2017-09,PR,luggage_accessories,357.6
2017-09,PR,market_place,59.9
2017-09,PR,office_furniture,389.98
2017-09,PR,perfumery,242.88
2017-09,PR,pet_shop,59.99
2017-09,PR,small_appliances,895.0
2017-09,PR,sports_leisure,2722.08
2017-09,PR,stationery,265.47
2017-09,PR,telephony,227.52
2017-09,PR,toys,688.04
2017-09,PR,unknown,4.85
2017-09,PR,watches_gifts,1487.58
2017-09,RJ,agro_industry_and_commerce,799.99
2017-09,RJ,air_conditioning,1155.89
2017-09,RJ,auto,1962.91
2017-09,RJ,baby,2565.67
2017-09,RJ,bed_bath_table,7857.2
2017-09,RJ,books_general_interest,129.9
2017-09,RJ,computers_accessories,6250.6
2017-09,RJ,consoles_games,2198.11
2017-09,RJ,construction_tools_construction,38.9
2017-09,RJ,cool_stuff,5613.41
2017-09,RJ,costruction_tools_garden,58.9
2017-09,RJ,drinks,87.0
2017-09,RJ,dvds_blu_ray,19.9
2017-09,RJ,electronics,546.18
2017-09,RJ,fashion_bags_accessories,462.29
2017-09,RJ,fashion_male_clothing,69.9
2017-09,RJ,fashion_shoes,29.9
2017-09,RJ,fashion_underwear_beach,366.0
2017-09,RJ,fixed_telephony,13472.99
2017-09,RJ,food,343.27
2017-09,RJ,food_drink,180.46
2017-09,RJ,furniture_decor,5559.13
2017-09,RJ,furniture_living_room,412.79
2017-09,RJ,furniture_mattress_and_upholstery,86.5
2017-09,RJ,garden_tools,2327.5
2017-09,RJ,health_beauty,8578.92
2017-09,RJ,home_appliances,254.9
2017-09,RJ,home_appliances_2,139.0
2017-09,RJ,home_confort,838.4
2017-09,RJ,home_construction,149.1
2017-09,RJ,housewares,2205.27
2017-09,RJ,luggage_accessories,238.9
2017-09,RJ,market_place,117.89
2017-09,RJ,musical_instruments,1094.9
2017-09,RJ,office_furniture,1286.81
2017-09,RJ,perfumery,1912.39
2017-09,RJ,pet_shop,830.08
2017-09,RJ,signaling_and_security,116.0
2017-09,RJ,small_appliances,599.79
2017-09,RJ,sports_leisure,4648.17
2017-09,RJ,stationery,606.49
2017-09,RJ,tablets_printing_image,198.0
2017-09,RJ,telephony,2084.23
2017-09,RJ,toys,4345.96
2017-09,RJ,unknown,460.2
2017-09,RJ,watches_gifts,9757.59
2017-09,RN,computers_accessories,49.9
2017-09,RN,consoles_games,89.8
2017-09,RN,costruction_tools_garden,58.9
2017-09,RN,furniture_decor,34.99
2017-09,RN,health_beauty,588.99
2017-09,RN,housewares,63.89
2017-09,RN,perfumery,103.89
2017-09,RN,pet_shop,909.99
2017-09,RN,sports_leisure,368.9
2017-09,RN,toys,96.9
2017-09,RN,unknown,39.9
2017-09,RN,watches_gifts,913.99
2017-09,RO,baby,124.8
2017-09,RO,bed_bath_table,251.4
2017-09,RO,computers,1299.9
2017-09,RO,costruction_tools_garden,58.9
2017-09,RO,furniture_decor,351.9
2017-09,RO,health_beauty,177.49
2017-09,RO,sports_leisure,1072.0
2017-09,RO,toys,779.7
2017-09,RO,unknown,25.9
2017-09,RO,watches_gifts,56.0
2017-09,RR,stationery,39.99
2017-09,RS,art,48.65
2017-09,RS,auto,459.7
2017-09,RS,baby,1630.59
2017-09,RS,bed_bath_table,2752.15
2017-09,RS,books_general_interest,43.3
2017-09,RS,computers,2499.9
2017-09,RS,computers_accessories,2034.87
2017-09,RS,consoles_games,240.55
2017-09,RS,construction_tools_construction,59.8
2017-09,RS,cool_stuff,3598.72
2017-09,RS,drinks,10.0
2017-09,RS,electronics,146.5
2017-09,RS,fashion_bags_accessories,871.87
2017-09,RS,fashion_male_clothing,49.8
2017-09,RS,fashion_underwear_beach,183.0
2017-09,RS,fixed_telephony,32.99
2017-09,RS,food,113.94
2017-09,RS,furniture_decor,5168.63
2017-09,RS,furniture_living_room,329.9
2017-09,RS,garden_tools,1842.88
2017-09,RS,health_beauty,2510.09
2017-09,RS,home_construction,239.9
2017-09,RS,housewares,1045.24
2017-09,RS,luggage_accessories,138.8
2017-09,RS,party_supplies,269.8
2017-09,RS,perfumery,1168.4
2017-09,RS,pet_shop,234.89
2017-09,RS,small_appliances,386.0
2017-09,RS,sports_leisure,3291.88
2017-09,RS,stationery,465.6
2017-09,RS,telephony,588.74
2017-09,RS,toys,2243.14
2017-09,RS,unknown,46.8
2017-09,RS,watches_gifts,2311.25
2017-09,SC,audio,229.99
2017-09,SC,auto,167.8
2017-09,SC,baby,665.5
2017-09,SC,bed_bath_table,1606.11
2017-09,SC,christmas_supplies,57.0
2017-09,SC,computers,4149.98
2017-09,SC,computers_accessories,1438.02
2017-09,SC,consoles_games,483.9
2017-09,SC,cool_stuff,982.87
2017-09,SC,costruction_tools_garden,74.9
2017-09,SC,electronics,68.9
2017-09,SC,fashion_bags_accessories,663.0
2017-09,SC,fashion_shoes,84.9
2017-09,SC,fashion_underwear_beach,79.9
2017-09,SC,furniture_decor,1275.19
2017-09,SC,garden_tools,859.77
2017-09,SC,health_beauty,4009.48
2017-09,SC,home_appliances_2,269.0
2017-09,SC,home_confort,89.9
2017-09,SC,home_construction,85.9
2017-09,SC,housewares,425.42
2017-09,SC,industry_commerce_and_business,109.99
2017-09,SC,musical_instruments,320.0
2017-09,SC,office_furniture,723.95
2017-09,SC,perfumery,401.48
2017-09,SC,pet_shop,189.99
2017-09,SC,sports_leisure,2170.47
2017-09,SC,stationery,534.8
2017-09,SC,telephony,711.45
2017-09,SC,toys,1053.78
2017-09,SC,unknown,142.9
2017-09,SC,watches_gifts,1418.89
2017-09,SE,auto,147.9
2017-09,SE,baby,388.0
2017-09,SE,computers_accessories,566.8
2017-09,SE,cool_stuff,610.0
2017-09,SE,electronics,19.9
2017-09,SE,fashion_bags_accessories,79.0
2017-09,SE,garden_tools,59.9
2017-09,SE,health_beauty,373.89
2017-09,SE,small_appliances,69.0
2017-09,SE,sports_leisure,208.6
2017-09,SE,telephony,212.4
2017-09,SE,toys,79.9
2017-09,SP,agro_industry_and_commerce,398.0
2017-09,SP,air_conditioning,198.0
2017-09,SP,art,339.89
2017-09,SP,audio,207.8
2017-09,SP,auto,3420.41
2017-09,SP,baby,7807.07
2017-09,SP,bed_bath_table,20639.95
2017-09,SP,books_general_interest,545.74
2017-09,SP,books_imported,290.0
2017-09,SP,books_technical,414.35
2017-09,SP,cine_photo,69.0
2017-09,SP,computers,24049.36
2017-09,SP,computers_accessories,9612.02
2017-09,SP,consoles_games,2947.86
2017-09,SP,construction_tools_construction,618.7
2017-09,SP,construction_tools_lights,229.0
2017-09,SP,construction_tools_safety,816.84
2017-09,SP,cool_stuff,12885.42
2017-09,SP,costruction_tools_tools,896.9
2017-09,SP,drinks,117.98
2017-09,SP,dvds_blu_ray,19.9
2017-09,SP,electronics,1320.79
2017-09,SP,fashio_female_clothing,198.9
2017-09,SP,fashion_bags_accessories,4598.75
2017-09,SP,fashion_male_clothing,479.4
2017-09,SP,fashion_shoes,169.8
2017-09,SP,fashion_underwear_beach,319.5
2017-09,SP,fixed_telephony,149.95
2017-09,SP,food,337.3
2017-09,SP,food_drink,107.0
2017-09,SP,furniture_bedroom,159.9
2017-09,SP,furniture_decor,8589.46
2017-09,SP,furniture_living_room,440.19
2017-09,SP,garden_tools,7821.52
2017-09,SP,health_beauty,16269.09
2017-09,SP,home_appliances,184.79
2017-09,SP,home_appliances_2,149.0
2017-09,SP,home_confort,1494.64
2017-09,SP,home_construction,49.32
2017-09,SP,housewares,8378.54
2017-09,SP,industry_commerce_and_business,109.99
2017-09,SP,kitchen_dining_laundry_garden_furniture,229.7
2017-09,SP,luggage_accessories,1675.26
2017-09,SP,market_place,529.44
2017-09,SP,musical_instruments,1347.3
2017-09,SP,office_furniture,3369.87
2017-09,SP,perfumery,5561.43
2017-09,SP,pet_shop,2986.39
2017-09,SP,signaling_and_security,206.4
2017-09,SP,small_appliances,3788.57
2017-09,SP,sports_leisure,17155.02
2017-09,SP,stationery,2180.09
2017-09,SP,telephony,6409.51
2017-09,SP,toys,10859.3
2017-09,SP,unknown,2282.9
2017-09,SP,watches_gifts,15018.1
2017-09,TO,auto,199.9
2017-09,TO,computers_accessories,89.99
2017-09,TO,cool_stuff,810.0
2017-09,TO,fashion_bags_accessories,40.6
2017-09,TO,furniture_decor,129.0
2017-09,TO,garden_tools,239.6
2017-09,TO,health_beauty,325.0
2017-09,TO,home_appliances_2,497.0
2017-09,TO,home_confort,599.0
2017-09,TO,office_furniture,129.94
2017-09,TO,sports_leisure,196.2
2017-09,TO,toys,79.9
2017-09,TO,watches_gifts,357.0
2017-10,AC,auto,350.99
2017-10,AC,furniture_living_room,79.9
2017-10,AC,sports_leisure,252.33
2017-10,AL,auto,491.49
2017-10,AL,baby,174.9
2017-10,AL,bed_bath_table,40.0
2017-10,AL,cool_stuff,256.89
2017-10,AL,electronics,19.9
2017-10,AL,fixed_telephony,34.9
2017-10,AL,furniture_decor,159.0
2017-10,AL,health_beauty,698.97
2017-10,AL,office_furniture,573.0
2017-10,AL,perfumery,402.4
2017-10,AL,sports_leisure,606.6
2017-10,AL,stationery,113.42
2017-10,AL,telephony,289.0
2017-10,AL,unknown,259.99
2017-10,AL,watches_gifts,1223.9
2017-10,AM,garden_tools,30.99
2017-10,AM,telephony,19.9
2017-10,AM,toys,19.99
2017-10,AP,computers,1437.0
2017-10,AP,health_beauty,109.9
2017-10,AP,toys,44.95
2017-10,BA,art,120.0
2017-10,BA,audio,44.8
2017-10,BA,auto,436.38
2017-10,BA,baby,462.0
2017-10,BA,bed_bath_table,1158.98
2017-10,BA,books_general_interest,108.9
2017-10,BA,computers,2329.99
2017-10,BA,computers_accessories,321.79
2017-10,BA,consoles_games,174.39
2017-10,BA,construction_tools_construction,109.9
2017-10,BA,cool_stuff,460.49
2017-10,BA,costruction_tools_tools,29.9
2017-10,BA,electronics,59.99
2017-10,BA,fashion_bags_accessories,197.9
2017-10,BA,fashion_shoes,284.6
2017-10,BA,food_drink,104.0
2017-10,BA,furniture_decor,797.26
2017-10,BA,garden_tools,1456.79
2017-10,BA,health_beauty,1438.04
2017-10,BA,housewares,629.13
2017-10,BA,kitchen_dining_laundry_garden_furniture,43.9
2017-10,BA,luggage_accessories,223.7
2017-10,BA,market_place,28.99
2017-10,BA,musical_instruments,565.0
2017-10,BA,office_furniture,806.95
2017-10,BA,perfumery,571.05
2017-10,BA,pet_shop,234.75
2017-10,BA,signaling_and_security,116.0
2017-10,BA,sports_leisure,2920.05
2017-10,BA,stationery,638.27
2017-10,BA,telephony,2303.22
2017-10,BA,toys,1557.24
2017-10,BA,unknown,297.99
2017-10,BA,watches_gifts,2287.58
2017-10,CE,air_conditioning,269.9
2017-10,CE,auto,884.99
2017-10,CE,bed_bath_table,836.94
2017-10,CE,computers,1340.0
2017-10,CE,computers_accessories,175.32
2017-10,CE,construction_tools_safety,140.89
2017-10,CE,cool_stuff,237.9
2017-10,CE,costruction_tools_garden,39.9
2017-10,CE,electronics,475.9
2017-10,CE,fashion_bags_accessories,138.9
2017-10,CE,food_drink,215.56
2017-10,CE,furniture_decor,119.9
2017-10,CE,garden_tools,363.9
2017-10,CE,health_beauty,2122.98
2017-10,CE,housewares,274.98
2017-10,CE,luggage_accessories,424.8
2017-10,CE,market_place,109.9
2017-10,CE,office_furniture,444.93
2017-10,CE,perfumery,84.99
2017-10,CE,pet_shop,209.9
2017-10,CE,small_appliances,46.9
2017-10,CE,sports_leisure,493.89
2017-10,CE,telephony,669.86
2017-10,CE,unknown,279.99
2017-10,CE,watches_gifts,1649.9
2017-10,DF,audio,76.89
2017-10,DF,auto,365.5
2017-10,DF,baby,189.79
2017-10,DF,bed_bath_table,889.25
2017-10,DF,computers_accessories,555.0
2017-10,DF,consoles_games,547.83
2017-10,DF,cool_stuff,756.88
2017-10,DF,electronics,59.9
2017-10,DF,fashion_bags_accessories,177.9
2017-10,DF,fashion_shoes,229.6
2017-10,DF,furniture_bedroom,510.0
2017-10,DF,furniture_decor,373.98
2017-10,DF,garden_tools,539.95
2017-10,DF,health_beauty,488.7
2017-10,DF,home_appliances,699.0
2017-10,DF,housewares,164.6
2017-10,DF,perfumery,506.88
2017-10,DF,pet_shop,254.9
2017-10,DF,sports_leisure,579.99
2017-10,DF,stationery,87.9
2017-10,DF,telephony,756.78
2017-10,DF,toys,448.99
2017-10,DF,watches_gifts,3374.29
2017-10,ES,agro_industry_and_commerce,44.3
2017-10,ES,auto,250.1
2017-10,ES,baby,234.99
2017-10,ES,bed_bath_table,1035.87
2017-10,ES,books_general_interest,115.0
2017-10,ES,computers_accessories,466.01
2017-10,ES,consoles_games,242.3
2017-10,ES,cool_stuff,1444.17
2017-10,ES,electronics,83.8
2017-10,ES,food,56.97
2017-10,ES,furniture_decor,276.7
2017-10,ES,garden_tools,849.2
2017-10,ES,health_beauty,452.45
2017-10,ES,home_appliances,69.9
2017-10,ES,home_appliances_2,497.0
2017-10,ES,home_construction,978.0
2017-10,ES,housewares,313.66
2017-10,ES,luggage_accessories,267.39
2017-10,ES,office_furniture,539.92
2017-10,ES,perfumery,430.68
2017-10,ES,sports_leisure,467.74
2017-10,ES,stationery,234.79
2017-10,ES,telephony,24.99
2017-10,ES,toys,827.76
2017-10,ES,watches_gifts,177.0
2017-10,GO,audio,89.0
2017-10,GO,auto,547.2
2017-10,GO,baby,1347.98
2017-10,GO,bed_bath_table,1037.51
2017-10,GO,christmas_supplies,55.9
2017-10,GO,computers_accessories,571.4
2017-10,GO,consoles_games,309.87
2017-10,GO,cool_stuff,3168.76
2017-10,GO,fashion_bags_accessories,449.09
2017-10,GO,fashion_shoes,49.9
2017-10,GO,furniture_decor,362.5
2017-10,GO,garden_tools,479.2
2017-10,GO,health_beauty,1857.42
2017-10,GO,home_comfort_2,12.9
2017-10,GO,home_construction,326.1
2017-10,GO,housewares,69.9
2017-10,GO,luggage_accessories,79.99
2017-10,GO,office_furniture,189.99
2017-10,GO,perfumery,331.69
2017-10,GO,pet_shop,304.8
2017-10,GO,sports_leisure,1668.13
2017-10,GO,stationery,171.0
2017-10,GO,telephony,101.59
2017-10,GO,toys,1938.86
2017-10,GO,unknown,108.58
2017-10,GO,watches_gifts,961.79
2017-10,MA,baby,196.89
2017-10,MA,bed_bath_table,219.99
2017-10,MA,christmas_supplies,116.9
2017-10,MA,computers,3036.99
2017-10,MA,computers_accessories,334.9
2017-10,MA,consoles_games,19.9
2017-10,MA,construction_tools_lights,250.0
2017-10,MA,cool_stuff,858.87
2017-10,MA,fashion_bags_accessories,187.99
2017-10,MA,fashion_male_clothing,59.9
2017-10,MA,furniture_decor,369.69
2017-10,MA,garden_tools,59.9
2017-10,MA,health_beauty,633.89
2017-10,MA,home_construction,346.32
2017-10,MA,office_furniture,899.95
2017-10,MA,perfumery,253.98
2017-10,MA,pet_shop,80.04
2017-10,MA,sports_leisure,331.78
2017-10,MA,telephony,1075.43
2017-10,MA,unknown,1002.49
2017-10,MG,air_conditioning,79.0
2017-10,MG,audio,160.7
2017-10,MG,auto,2567.53
2017-10,MG,baby,1114.8
2017-10,MG,bed_bath_table,5705.02
2017-10,MG,books_general_interest,263.8
2017-10,MG,christmas_supplies,59.9
2017-10,MG,cine_photo,69.0
2017-10,MG,computers,7915.0
2017-10,MG,computers_accessories,6849.38
2017-10,MG,consoles_games,1386.77
2017-10,MG,construction_tools_construction,112.0
2017-10,MG,cool_stuff,6658.9
2017-10,MG,costruction_tools_garden,563.9
2017-10,MG,drinks,196.0
2017-10,MG,electronics,587.7
2017-10,MG,fashion_bags_accessories,1228.58
2017-10,MG,fashion_male_clothing,147.0
2017-10,MG,fashion_shoes,156.72
2017-10,MG,fashion_underwear_beach,49.9
2017-10,MG,food,56.97
2017-10,MG,food_drink,431.12
2017-10,MG,furniture_bedroom,179.9
2017-10,MG,furniture_decor,2906.03
2017-10,MG,furniture_living_room,85.8
2017-10,MG,garden_tools,2822.32
2017-10,MG,health_beauty,4426.99
2017-10,MG,home_confort,226.8
2017-10,MG,home_construction,690.55
2017-10,MG,housewares,1591.45
2017-10,MG,kitchen_dining_laundry_garden_furniture,278.9
2017-10,MG,la_cuisine,137.0
2017-10,MG,luggage_accessories,634.3
2017-10,MG,market_place,43.89
2017-10,MG,musical_instruments,826.0
2017-10,MG,office_furniture,1488.84
2017-10,MG,perfumery,1743.33
2017-10,MG,pet_shop,2107.08
2017-10,MG,signaling_and_security,116.0
2017-10,MG,small_appliances,2285.08
2017-10,MG,sports_leisure,4729.08
2017-10,MG,stationery,476.0
2017-10,MG,telephony,1954.45
2017-10,MG,toys,4154.02
2017-10,MG,unknown,1939.12
2017-10,MG,watches_gifts,8507.49
2017-10,MS,auto,2980.0
2017-10,MS,baby,119.89
2017-10,MS,bed_bath_table,426.1
2017-10,MS,books_technical,70.0
2017-10,MS,computers_accessories,161.63
2017-10,MS,consoles_games,99.99
2017-10,MS,construction_tools_safety,122.9
2017-10,MS,cool_stuff,558.0
2017-10,MS,furniture_decor,298.1
2017-10,MS,furniture_living_room,139.9
2017-10,MS,health_beauty,125.95
2017-10,MS,housewares,25.0
2017-10,MS,luggage_accessories,84.9
2017-10,MS,office_furniture,119.99
2017-10,MS,perfumery,149.9
2017-10,MS,sports_leisure,288.7
2017-10,MS,unknown,29.99
2017-10,MS,watches_gifts,466.9
2017-10,MT,auto,734.86
2017-10,MT,baby,250.0
2017-10,MT,bed_bath_table,334.62
2017-10,MT,computers,1340.0
2017-10,MT,computers_accessories,1025.12
2017-10,MT,construction_tools_lights,250.0
2017-10,MT,cool_stuff,709.95
2017-10,MT,electronics,262.64
2017-10,MT,furniture_decor,596.0
2017-10,MT,garden_tools,179.7
2017-10,MT,health_beauty,165.9
2017-10,MT,housewares,25.0
2017-10,MT,kitchen_dining_laundry_garden_furniture,564.0
2017-10,MT,luggage_accessories,88.9
2017-10,MT,office_furniture,1339.76
2017-10,MT,perfumery,141.98
2017-10,MT,sports_leisure,214.99
2017-10,MT,stationery,59.9
2017-10,MT,toys,69.01
2017-10,MT,watches_gifts,2396.68
2017-10,PA,auto,301.38
2017-10,PA,baby,418.79
2017-10,PA,bed_bath_table,99.9
2017-10,PA,computers,730.0
2017-10,PA,computers_accessories,641.2
2017-10,PA,consoles_games,101.9
2017-10,PA,cool_stuff,848.9
2017-10,PA,electronics,87.0
2017-10,PA,furniture_decor,221.6
2017-10,PA,garden_tools,668.19
2017-10,PA,health_beauty,189.11
2017-10,PA,housewares,56.9
2017-10,PA,luggage_accessories,299.0
2017-10,PA,perfumery,332.89
2017-10,PA,pet_shop,249.9
2017-10,PA,sports_leisure,995.27
2017-10,PA,telephony,109.96
2017-10,PA,toys,221.79
2017-10,PA,watches_gifts,148.9
2017-10,PB,auto,659.0
2017-10,PB,baby,159.9
2017-10,PB,bed_bath_table,229.2
2017-10,PB,computers,1340.0
2017-10,PB,computers_accessories,1199.99
2017-10,PB,cool_stuff,827.99
2017-10,PB,furniture_decor,35.99
2017-10,PB,health_beauty,1150.86
2017-10,PB,luggage_accessories,319.99
2017-10,PB,market_place,360.0
2017-10,PB,musical_instruments,799.0
2017-10,PB,office_furniture,129.9
2017-10,PB,perfumery,402.9
2017-10,PB,sports_leisure,239.0
2017-10,PB,telephony,137.79
2017-10,PB,unknown,2098.99
2017-10,PB,watches_gifts,146.0
2017-10,PE,agro_industry_and_commerce,849.98
2017-10,PE,audio,129.9
2017-10,PE,auto,368.48
2017-10,PE,baby,159.99
2017-10,PE,bed_bath_table,113.57
2017-10,PE,consoles_games,1741.99
2017-10,PE,cool_stuff,1006.69
2017-10,PE,fashion_bags_accessories,78.99
2017-10,PE,fashion_shoes,84.9
2017-10,PE,food,149.9
2017-10,PE,furniture_decor,295.0
2017-10,PE,garden_tools,276.6
2017-10,PE,health_beauty,1491.06
2017-10,PE,home_appliances_2,209.99
2017-10,PE,housewares,580.7
2017-10,PE,industry_commerce_and_business,369.0
2017-10,PE,kitchen_dining_laundry_garden_furniture,228.0
2017-10,PE,luggage_accessories,414.89
2017-10,PE,musical_instruments,34.99
2017-10,PE,office_furniture,259.93
2017-10,PE,perfumery,227.99
2017-10,PE,pet_shop,430.0
2017-10,PE,sports_leisure,2652.47
2017-10,PE,stationery,338.0
2017-10,PE,telephony,965.29
2017-10,PE,toys,910.89
2017-10,PE,unknown,1989.0
2017-10,PE,watches_gifts,762.0
2017-10,PI,auto,138.9
2017-10,PI,bed_bath_table,219.9
2017-10,PI,computers_accessories,299.9
2017-10,PI,cool_stuff,266.98
2017-10,PI,food_drink,215.56
2017-10,PI,furniture_decor,227.7
2017-10,PI,garden_tools,99.9
2017-10,PI,health_beauty,585.24
2017-10,PI,home_appliances_2,599.5
2017-10,PI,home_confort,89.9
2017-10,PI,housewares,129.0
2017-10,PI,sports_leisure,60.0
2017-10,PI,telephony,670.88
2017-10,PI,toys,443.68
2017-10,PR,air_conditioning,352.52
2017-10,PR,auto,670.9
2017-10,PR,baby,787.88
2017-10,PR,bed_bath_table,2477.23
2017-10,PR,books_technical,35.0
2017-10,PR,computers,6036.98
2017-10,PR,computers_accessories,1511.53
2017-10,PR,consoles_games,57.9
2017-10,PR,construction_tools_safety,585.46
2017-10,PR,cool_stuff,2206.75
2017-10,PR,electronics,28.9
2017-10,PR,fashion_bags_accessories,502.89
2017-10,PR,fashion_male_clothing,279.8
2017-10,PR,food,113.94
2017-10,PR,furniture_decor,2838.97
2017-10,PR,furniture_living_room,199.94
2017-10,PR,garden_tools,1334.78
2017-10,PR,health_beauty,1413.24
2017-10,PR,home_confort,358.9
2017-10,PR,housewares,393.06
2017-10,PR,kitchen_dining_laundry_garden_furniture,1200.0
2017-10,PR,luggage_accessories,229.0
2017-10,PR,office_furniture,431.92
2017-10,PR,perfumery,918.67
2017-10,PR,pet_shop,374.7
2017-10,PR,small_appliances,497.6
2017-10,PR,sports_leisure,1716.59
2017-10,PR,stationery,377.77
2017-10,PR,telephony,1490.64
2017-10,PR,toys,1267.82
2017-10,PR,unknown,417.99
2017-10,PR,watches_gifts,1530.14
2017-10,RJ,air_conditioning,119.0
2017-10,RJ,art,229.05
2017-10,RJ,audio,650.8
2017-10,RJ,auto,2385.2
2017-10,RJ,baby,2287.21
2017-10,RJ,bed_bath_table,9572.53
2017-10,RJ,books_general_interest,115.0
2017-10,RJ,books_technical,269.0
2017-10,RJ,computers,10413.97
2017-10,RJ,computers_accessories,6859.1
2017-10,RJ,consoles_games,972.37
2017-10,RJ,construction_tools_construction,562.58
2017-10,RJ,construction_tools_safety,149.9
2017-10,RJ,cool_stuff,3492.0
2017-10,RJ,costruction_tools_garden,33.6
2017-10,RJ,drinks,145.49
2017-10,RJ,dvds_blu_ray,19.9
2017-10,RJ,electronics,494.39
2017-10,RJ,fashion_bags_accessories,577.78
2017-10,RJ,fashion_shoes,196.8
2017-10,RJ,fixed_telephony,799.99
2017-10,RJ,food,113.94
2017-10,RJ,food_drink,131.2
2017-10,RJ,furniture_bedroom,254.0
2017-10,RJ,furniture_decor,6312.51
2017-10,RJ,garden_tools,4275.48
2017-10,RJ,health_beauty,6019.35
2017-10,RJ,home_appliances,74.9
2017-10,RJ,home_appliances_2,198.9
2017-10,RJ,home_comfort_2,51.6
2017-10,RJ,home_confort,693.6
2017-10,RJ,home_construction,219.81
2017-10,RJ,housewares,1384.07
2017-10,RJ,kitchen_dining_laundry_garden_furniture,569.9
2017-10,RJ,luggage_accessories,379.9
2017-10,RJ,market_place,62.8
2017-10,RJ,musical_instruments,1179.79
2017-10,RJ,office_furniture,2129.71
2017-10,RJ,party_supplies,67.9
2017-10,RJ,perfumery,2603.92
2017-10,RJ,pet_shop,663.69
2017-10,RJ,signaling_and_security,232.0
2017-10,RJ,small_appliances,597.19
2017-10,RJ,sports_leisure,6884.91
2017-10,RJ,stationery,1827.46
2017-10,RJ,telephony,3224.91
2017-10,RJ,toys,6513.31
2017-10,RJ,unknown,1133.92
2017-10,RJ,watches_gifts,7345.91
2017-10,RN,auto,143.8
2017-10,RN,bed_bath_table,569.55
2017-10,RN,christmas_supplies,19.83
2017-10,RN,computers_accessories,31.9
2017-10,RN,cool_stuff,759.9
2017-10,RN,fashion_bags_accessories,250.0
2017-10,RN,food_drink,285.55
2017-10,RN,furniture_decor,17.9
2017-10,RN,garden_tools,59.9
2017-10,RN,health_beauty,238.8
2017-10,RN,home_construction,452.6
2017-10,RN,housewares,290.0
2017-10,RN,luggage_accessories,299.9
2017-10,RN,office_furniture,139.94
2017-10,RN,stationery,99.0
2017-10,RN,telephony,289.0
2017-10,RN,watches_gifts,254.9
2017-10,RO,baby,169.0
2017-10,RO,computers_accessories,270.89
2017-10,RO,cool_stuff,305.39
2017-10,RO,dvds_blu_ray,24.9
2017-10,RO,furniture_decor,250.0
2017-10,RO,furniture_living_room,139.9
2017-10,RO,garden_tools,99.0
2017-10,RO,telephony,29.99
2017-10,RO,toys,174.9
2017-10,RO,watches_gifts,146.0
2017-10,RR,cool_stuff,59.99
2017-10,RR,health_beauty,199.0
2017-10,RR,home_appliances,129.99
2017-10,RS,agro_industry_and_commerce,22.0
2017-10,RS,audio,288.9
2017-10,RS,auto,707.85
2017-10,RS,baby,2058.29
2017-10,RS,bed_bath_table,2709.64
2017-10,RS,books_technical,237.0
2017-10,RS,cds_dvds_musicals,45.0
2017-10,RS,computers_accessories,5997.33
2017-10,RS,consoles_games,228.85
2017-10,RS,construction_tools_construction,185.9
2017-10,RS,cool_stuff,1898.64
2017-10,RS,costruction_tools_tools,199.9
2017-10,RS,dvds_blu_ray,109.9
2017-10,RS,electronics,412.4
2017-10,RS,fashion_bags_accessories,804.17
2017-10,RS,fixed_telephony,1258.99
2017-10,RS,furniture_decor,1971.55
2017-10,RS,furniture_living_room,383.99
2017-10,RS,garden_tools,2464.0
2017-10,RS,health_beauty,1557.18
2017-10,RS,home_construction,129.9
2017-10,RS,housewares,850.63
2017-10,RS,industry_commerce_and_business,159.8
2017-10,RS,luggage_accessories,83.9
2017-10,RS,market_place,32.99
2017-10,RS,musical_instruments,71.99
2017-10,RS,office_furniture,218.98
2017-10,RS,perfumery,677.35
2017-10,RS,pet_shop,139.0
2017-10,RS,small_appliances,836.8
2017-10,RS,sports_leisure,2781.91
2017-10,RS,stationery,493.9
2017-10,RS,telephony,547.9
2017-10,RS,toys,1569.47
2017-10,RS,unknown,620.0
2017-10,RS,watches_gifts,4370.33
2017-10,SC,auto,1267.49
2017-10,SC,baby,408.79
2017-10,SC,bed_bath_table,1004.16
2017-10,SC,books_technical,269.0
2017-10,SC,computers_accessories,1710.39
2017-10,SC,consoles_games,49.99
2017-10,SC,construction_tools_construction,768.0
2017-10,SC,cool_stuff,1236.86
2017-10,SC,costruction_tools_tools,29.9
2017-10,SC,dvds_blu_ray,19.9
2017-10,SC,electronics,142.3
2017-10,SC,fashion_bags_accessories,68.8
2017-10,SC,fashion_shoes,199.7
2017-10,SC,furniture_decor,1777.22
2017-10,SC,garden_tools,967.18
2017-10,SC,health_beauty,1661.68
2017-10,SC,home_appliances,129.99
2017-10,SC,home_appliances_2,89.9
2017-10,SC,home_construction,241.0
2017-10,SC,housewares,1047.96
2017-10,SC,luggage_accessories,111.9
2017-10,SC,office_furniture,169.99
2017-10,SC,perfumery,159.87
2017-10,SC,pet_shop,274.8
2017-10,SC,small_appliances,329.7
2017-10,SC,sports_leisure,1889.68
2017-10,SC,stationery,147.8
2017-10,SC,telephony,360.48
2017-10,SC,toys,1486.22
2017-10,SC,unknown,39.9
2017-10,SC,watches_gifts,2962.0
2017-10,SE,bed_bath_table,199.8
2017-10,SE,computers_accessories,47.77
2017-10,SE,cool_stuff,1568.9
2017-10,SE,electronics,18.9
2017-10,SE,furniture_decor,76.8
2017-10,SE,garden_tools,268.99
2017-10,SE,health_beauty,1154.45
2017-10,SE,home_construction,424.2
2017-10,SE,luggage_accessories,118.9
2017-10,SE,small_appliances,68.7
2017-10,SE,telephony,157.8
2017-10,SE,toys,85.0
2017-10,SE,watches_gifts,104.0
2017-10,SP,agro_industry_and_commerce,2434.0
2017-10,SP,air_conditioning,1742.0
2017-10,SP,audio,887.59
2017-10,SP,auto,5167.35
2017-10,SP,baby,5956.41
2017-10,SP,bed_bath_table,17127.94
2017-10,SP,books_general_interest,131.8
2017-10,SP,christmas_supplies,135.52
2017-10,SP,computers,4473.99
2017-10,SP,computers_accessories,12781.44
2017-10,SP,consoles_games,4446.67
2017-10,SP,construction_tools_construction,837.8
2017-10,SP,construction_tools_safety,669.7
2017-10,SP,cool_stuff,14299.54
2017-10,SP,costruction_tools_garden,109.5
2017-10,SP,costruction_tools_tools,758.9
2017-10,SP,drinks,255.49
2017-10,SP,electronics,642.63
2017-10,SP,fashion_bags_accessories,2921.67
2017-10,SP,fashion_childrens_clothes,39.99
2017-10,SP,fashion_male_clothing,485.2
2017-10,SP,fashion_shoes,459.0
2017-10,SP,fashion_sport,59.9
2017-10,SP,fashion_underwear_beach,137.9
2017-10,SP,fixed_telephony,278.0
2017-10,SP,food,314.34
2017-10,SP,food_drink,914.24
2017-10,SP,furniture_decor,9617.34
2017-10,SP,furniture_living_room,503.36
2017-10,SP,garden_tools,8502.78
2017-10,SP,health_beauty,12432.84
2017-10,SP,home_appliances,733.9
2017-10,SP,home_appliances_2,508.98
2017-10,SP,home_confort,2250.6
2017-10,SP,home_construction,392.69
2017-10,SP,housewares,8057.64
2017-10,SP,industry_commerce_and_business,1727.89
2017-10,SP,kitchen_dining_laundry_garden_furniture,543.9
2017-10,SP,luggage_accessories,2178.98
2017-10,SP,market_place,380.97
2017-10,SP,music,54.9
2017-10,SP,musical_instruments,2852.49
2017-10,SP,office_furniture,8007.13
2017-10,SP,party_supplies,69.9
2017-10,SP,perfumery,6852.36
2017-10,SP,pet_shop,2920.02
2017-10,SP,signaling_and_security,280.0
2017-10,SP,small_appliances,1802.88
2017-10,SP,sports_leisure,18795.87
2017-10,SP,stationery,2631.96
2017-10,SP,tablets_printing_image,99.0
2017-10,SP,telephony,5664.42
2017-10,SP,toys,11590.52
2017-10,SP,unknown,5823.33
2017-10,SP,watches_gifts,26058.92
2017-10,TO,computers_accessories,197.39
2017-10,TO,cool_stuff,458.89
2017-10,TO,fashion_shoes,199.7
2017-10,TO,fixed_telephony,1380.0
2017-10,TO,furniture_decor,108.0
2017-10,TO,health_beauty,84.99
2017-10,TO,perfumery,84.99
2017-10,TO,telephony,14.9
2017-10,TO,unknown,279.99
2017-11,AC,auto,189.99
2017-11,AC,baby,189.94
2017-11,AC,furniture_decor,250.0
2017-11,AC,telephony,19.99
2017-11,AL,audio,14.9
2017-11,AL,auto,89.58
2017-11,AL,computers_accessories,1304.27
2017-11,AL,construction_tools_construction,1045.0
2017-11,AL,drinks,15.49
2017-11,AL,furniture_decor,598.0
2017-11,AL,garden_tools,59.9
2017-11,AL,health_beauty,499.45
2017-11,AL,home_confort,89.9
2017-11,AL,housewares,117.8
2017-11,AL,perfumery,104.9
2017-11,AL,sports_leisure,129.29
2017-11,AL,telephony,313.99
2017-11,AL,watches_gifts,1553.79
2017-11,AM,baby,29.9
2017-11,AM,computers,1340.0
2017-11,AM,computers_accessories,277.0
2017-11,AM,electronics,26.55
2017-11,AM,market_place,180.0
2017-11,AM,musical_instruments,439.0
2017-11,AM,sports_leisure,171.9
2017-11,AM,telephony,24.9
2017-11,AM,watches_gifts,146.0
2017-11,AP,electronics,208.9
2017-11,AP,health_beauty,124.99
2017-11,AP,housewares,177.99
2017-11,BA,agro_industry_and_commerce,796.0
2017-11,BA,audio,96.79
2017-11,BA,auto,323.9
2017-11,BA,baby,564.38
2017-11,BA,bed_bath_table,1995.51
2017-11,BA,books_general_interest,29.9
2017-11,BA,computers_accessories,2467.26
2017-11,BA,consoles_games,149.0
2017-11,BA,construction_tools_construction,79.0
2017-11,BA,cool_stuff,1943.93
2017-11,BA,costruction_tools_garden,551.9
2017-11,BA,costruction_tools_tools,59.8
2017-11,BA,electronics,331.25
2017-11,BA,fashion_bags_accessories,390.19
2017-11,BA,fashion_shoes,84.9
2017-11,BA,fashion_underwear_beach,338.0
2017-11,BA,fixed_telephony,16.99
2017-11,BA,food_drink,119.9
2017-11,BA,furniture_bedroom,159.0
2017-11,BA,furniture_decor,1795.33
2017-11,BA,furniture_living_room,95.0
2017-11,BA,garden_tools,1964.33
2017-11,BA,health_beauty,1389.95
2017-11,BA,home_confort,89.9
2017-11,BA,home_construction,120.0
2017-11,BA,housewares,817.08
2017-11,BA,luggage_accessories,302.79
2017-11,BA,musical_instruments,79.9
2017-11,BA,office_furniture,539.86
2017-11,BA,perfumery,826.77
2017-11,BA,pet_shop,148.0
2017-11,BA,sports_leisure,3401.47
2017-11,BA,stationery,298.0
2017-11,BA,telephony,2628.59
2017-11,BA,toys,1934.55
2017-11,BA,unknown,13.3
2017-11,BA,watches_gifts,1876.62
2017-11,CE,auto,490.49
2017-11,CE,baby,399.9
2017-11,CE,bed_bath_table,494.68
2017-11,CE,books_technical,127.0
2017-11,CE,computers,1437.0
2017-11,CE,computers_accessories,703.99
2017-11,CE,construction_tools_safety,349.9
2017-11,CE,cool_stuff,1439.99
2017-11,CE,costruction_tools_garden,67.9
2017-11,CE,electronics,499.7
2017-11,CE,furniture_decor,1148.03
2017-11,CE,garden_tools,502.8
2017-11,CE,health_beauty,3718.4
2017-11,CE,home_construction,79.9
2017-11,CE,housewares,154.7
2017-11,CE,luggage_accessories,385.8
2017-11,CE,office_furniture,682.93
2017-11,CE,perfumery,365.89
2017-11,CE,small_appliances,57.39
2017-11,CE,sports_leisure,419.7
2017-11,CE,stationery,538.65
2017-11,CE,telephony,1259.0
2017-11,CE,toys,1263.16
2017-11,CE,watches_gifts,1766.69
2017-11,DF,audio,19.9
2017-11,DF,auto,779.58
2017-11,DF,baby,689.59
2017-11,DF,bed_bath_table,1195.74
2017-11,DF,books_technical,343.0
2017-11,DF,computers,1340.0
2017-11,DF,computers_accessories,3568.77
2017-11,DF,consoles_games,208.98
2017-11,DF,construction_tools_construction,269.0
2017-11,DF,construction_tools_lights,250.0
2017-11,DF,cool_stuff,1620.27
2017-11,DF,costruction_tools_garden,157.9
2017-11,DF,electronics,45.8
2017-11,DF,fashion_bags_accessories,39.9
2017-11,DF,food_drink,119.9
2017-11,DF,furniture_decor,590.68
2017-11,DF,garden_tools,1376.7
2017-11,DF,health_beauty,1812.13
2017-11,DF,home_appliances,16.3
2017-11,DF,home_construction,79.9
2017-11,DF,housewares,1488.24
2017-11,DF,kitchen_dining_laundry_garden_furniture,474.0
2017-11,DF,luggage_accessories,248.99
2017-11,DF,office_furniture,169.99
2017-11,DF,perfumery,1065.57
2017-11,DF,pet_shop,154.89
2017-11,DF,small_appliances,887.9
2017-11,DF,sports_leisure,954.2
2017-11,DF,telephony,818.62
2017-11,DF,toys,1943.86
2017-11,DF,unknown,409.88
2017-11,DF,watches_gifts,3265.98
2017-11,ES,agro_industry_and_commerce,398.0
2017-11,ES,audio,14.9
2017-11,ES,auto,405.29
2017-11,ES,baby,344.8
2017-11,ES,bed_bath_table,2761.55
2017-11,ES,computers_accessories,1850.16
2017-11,ES,consoles_games,87.9
2017-11,ES,cool_stuff,1479.77
2017-11,ES,electronics,308.2
2017-11,ES,fashion_bags_accessories,313.48
2017-11,ES,food,63.49
2017-11,ES,food_drink,48.9
2017-11,ES,furniture_decor,1256.9
2017-11,ES,garden_tools,991.2
2017-11,ES,health_beauty,1985.44
2017-11,ES,home_appliances,35.9
2017-11,ES,home_comfort_2,12.9
2017-11,ES,home_confort,179.8
2017-11,ES,housewares,1189.7
2017-11,ES,luggage_accessories,389.7
2017-11,ES,musical_instruments,739.9
2017-11,ES,office_furniture,778.93
2017-11,ES,perfumery,899.97
2017-11,ES,sports_leisure,1522.21
2017-11,ES,stationery,587.9
2017-11,ES,tablets_printing_image,69.9
2017-11,ES,telephony,67.89
2017-11,ES,toys,1781.61
2017-11,ES,unknown,100.89
2017-11,ES,watches_gifts,3191.58
2017-11,GO,auto,451.89
2017-11,GO,baby,181.99
2017-11,GO,bed_bath_table,1402.25
2017-11,GO,christmas_supplies,225.9
2017-11,GO,computers_accessories,1486.79
2017-11,GO,consoles_games,64.5
2017-11,GO,construction_tools_construction,589.91
2017-11,GO,construction_tools_lights,250.0
2017-11,GO,construction_tools_safety,130.9
2017-11,GO,cool_stuff,1572.69
2017-11,GO,electronics,40.8
2017-11,GO,fashion_bags_accessories,447.3
2017-11,GO,furniture_decor,1447.68
2017-11,GO,garden_tools,756.59
2017-11,GO,health_beauty,1408.01
2017-11,GO,home_appliances,45.0
2017-11,GO,home_comfort_2,12.9
2017-11,GO,home_confort,109.9
2017-11,GO,home_construction,314.8
2017-11,GO,housewares,199.87
2017-11,GO,industry_commerce_and_business,699.99
2017-11,GO,la_cuisine,137.0
2017-11,GO,luggage_accessories,248.99
2017-11,GO,market_place,24.0
2017-11,GO,musical_instruments,283.02
2017-11,GO,office_furniture,189.99
2017-11,GO,perfumery,1246.65
2017-11,GO,pet_shop,94.9
2017-11,GO,sports_leisure,1604.69
2017-11,GO,stationery,613.99
2017-11,GO,telephony,194.86
2017-11,GO,toys,900.27
2017-11,GO,unknown,298.39
2017-11,GO,watches_gifts,3049.8
2017-11,MA,air_conditioning,199.0
2017-11,MA,auto,687.3
2017-11,MA,baby,951.0
2017-11,MA,bed_bath_table,168.9
2017-11,MA,books_general_interest,35.0
2017-11,MA,computers_accessories,1272.7
2017-11,MA,cool_stuff,2736.88
2017-11,MA,electronics,28.9
2017-11,MA,fashion_bags_accessories,97.8
2017-11,MA,food_drink,65.0
2017-11,MA,furniture_decor,622.04
2017-11,MA,furniture_living_room,139.9
2017-11,MA,garden_tools,116.6
2017-11,MA,health_beauty,324.79
2017-11,MA,housewares,245.78
2017-11,MA,perfumery,143.0
2017-11,MA,sports_leisure,302.28
2017-11,MA,stationery,15.99
2017-11,MA,telephony,203.0
2017-11,MA,unknown,122.99
2017-11,MA,watches_gifts,1359.74
2017-11,MG,agro_industry_and_commerce,5934.6
2017-11,MG,air_conditioning,39.9
2017-11,MG,art,75.0
2017-11,MG,audio,302.8
2017-11,MG,auto,2215.7
2017-11,MG,baby,2592.99
2017-11,MG,bed_bath_table,10675.53
2017-11,MG,books_general_interest,74.0
2017-11,MG,christmas_supplies,425.96
2017-11,MG,computers,4311.0
2017-11,MG,computers_accessories,10491.85
2017-11,MG,consoles_games,1856.03
2017-11,MG,construction_tools_construction,1569.91
2017-11,MG,construction_tools_lights,750.0
2017-11,MG,construction_tools_safety,338.7
2017-11,MG,cool_stuff,6802.07
2017-11,MG,costruction_tools_garden,156.7
2017-11,MG,drinks,44.49
2017-11,MG,dvds_blu_ray,39.99
2017-11,MG,electronics,946.71
2017-11,MG,fashio_female_clothing,29.99
2017-11,MG,fashion_bags_accessories,2859.28
2017-11,MG,fashion_male_clothing,109.8
2017-11,MG,fashion_shoes,444.4
2017-11,MG,flowers,16.8
2017-11,MG,food_drink,54.0
2017-11,MG,furniture_bedroom,510.0
2017-11,MG,furniture_decor,6768.39
2017-11,MG,furniture_living_room,2021.46
2017-11,MG,garden_tools,5887.71
2017-11,MG,health_beauty,9744.13
2017-11,MG,home_appliances,258.84
2017-11,MG,home_appliances_2,877.44
2017-11,MG,home_confort,679.5
2017-11,MG,home_construction,852.19
2017-11,MG,housewares,5296.68
2017-11,MG,kitchen_dining_laundry_garden_furniture,209.9
2017-11,MG,luggage_accessories,639.19
2017-11,MG,market_place,119.9
2017-11,MG,musical_instruments,5191.6
2017-11,MG,office_furniture,2084.74
2017-11,MG,party_supplies,571.2
2017-11,MG,perfumery,6166.54
2017-11,MG,pet_shop,1844.42
2017-11,MG,small_appliances,150.49
2017-11,MG,sports_leisure,6656.52
2017-11,MG,stationery,1862.47
2017-11,MG,tablets_printing_image,159.8
2017-11,MG,telephony,3951.94
2017-11,MG,toys,7840.99
2017-11,MG,unknown,1426.75
2017-11,MG,watches_gifts,7755.1
2017-11,MS,audio,190.9
2017-11,MS,auto,9.2
2017-11,MS,baby,424.9
2017-11,MS,bed_bath_table,538.6
2017-11,MS,christmas_supplies,35.6
2017-11,MS,computers_accessories,256.49
2017-11,MS,consoles_games,142.89
2017-11,MS,cool_stuff,149.99
2017-11,MS,fashion_bags_accessories,29.99
2017-11,MS,food_drink,18.6
2017-11,MS,furniture_decor,244.2
2017-11,MS,furniture_living_room,139.0
2017-11,MS,garden_tools,874.28
2017-11,MS,health_beauty,1392.6
2017-11,MS,housewares,80.0
2017-11,MS,musical_instruments,389.0
2017-11,MS,pet_shop,99.9
2017-11,MS,sports_leisure,391.99
2017-11,MS,telephony,73.95
2017-11,MS,toys,179.8
2017-11,MS,watches_gifts,189.0
2017-11,MT,auto,356.2
2017-11,MT,baby,417.9
2017-11,MT,bed_bath_table,633.97
2017-11,MT,computers_accessories,3060.58
2017-11,MT,consoles_games,454.0
2017-11,MT,cool_stuff,296.98
2017-11,MT,fashion_bags_accessories,117.2
2017-11,MT,fashion_shoes,157.9
2017-11,MT,furniture_decor,109.89
2017-11,MT,garden_tools,1104.74
2017-11,MT,health_beauty,723.18
2017-11,MT,home_confort,179.8
2017-11,MT,home_construction,355.79
2017-11,MT,housewares,257.32
2017-11,MT,musical_instruments,119.9
2017-11,MT,office_furniture,599.8
2017-11,MT,pet_shop,166.83
2017-11,MT,small_appliances,178.0
2017-11,MT,sports_leisure,453.58
2017-11,MT,stationery,408.8
2017-11,MT,tablets_printing_image,35.9
2017-11,MT,telephony,80.77
2017-11,MT,toys,337.88
2017-11,MT,unknown,149.8
2017-11,MT,watches_gifts,625.0
2017-11,PA,auto,209.99
2017-11,PA,baby,300.0
2017-11,PA,bed_bath_table,211.2
2017-11,PA,computers_accessories,371.75
2017-11,PA,consoles_games,78.99
2017-11,PA,cool_stuff,597.87
2017-11,PA,electronics,32.55
2017-11,PA,fashion_bags_accessories,253.48
2017-11,PA,fashion_shoes,84.9
2017-11,PA,fixed_telephony,577.99
2017-11,PA,furniture_decor,328.77
2017-11,PA,garden_tools,277.99
2017-11,PA,health_beauty,1390.22
2017-11,PA,home_appliances,35.9
2017-11,PA,housewares,129.99
2017-11,PA,office_furniture,982.94
2017-11,PA,perfumery,586.9
2017-11,PA,sports_leisure,773.23
2017-11,PA,stationery,99.0
2017-11,PA,telephony,387.16
2017-11,PA,toys,449.98
2017-11,PA,unknown,2589.0
2017-11,PA,watches_gifts,916.73
2017-11,PB,baby,360.0
2017-11,PB,bed_bath_table,271.8
2017-11,PB,computers_accessories,243.9
2017-11,PB,consoles_games,24.5
2017-11,PB,cool_stuff,269.98
2017-11,PB,electronics,55.7
2017-11,PB,fixed_telephony,249.0
2017-11,PB,garden_tools,59.9
2017-11,PB,health_beauty,259.97
2017-11,PB,home_construction,311.25
2017-11,PB,housewares,117.9
2017-11,PB,industry_commerce_and_business,87.0
2017-11,PB,kitchen_dining_laundry_garden_furniture,409.0
2017-11,PB,market_place,62.8
2017-11,PB,small_appliances,388.9
2017-11,PB,sports_leisure,79.99
2017-11,PB,stationery,258.0
2017-11,PB,toys,69.0
2017-11,PB,watches_gifts,819.0
2017-11,PE,agro_industry_and_commerce,2990.0
2017-11,PE,auto,694.48
2017-11,PE,baby,159.8
2017-11,PE,bed_bath_table,930.27
2017-11,PE,computers_accessories,1099.57
2017-11,PE,consoles_games,196.2
2017-11,PE,construction_tools_construction,1038.0
2017-11,PE,cool_stuff,266.98
2017-11,PE,electronics,70.9
2017-11,PE,fashion_bags_accessories,413.79
2017-11,PE,food_drink,431.12
2017-11,PE,furniture_decor,1134.66
2017-11,PE,garden_tools,382.9
2017-11,PE,health_beauty,1929.55
2017-11,PE,home_confort,230.7
2017-11,PE,housewares,57.9
2017-11,PE,luggage_accessories,48.9
2017-11,PE,office_furniture,306.93
2017-11,PE,perfumery,635.49
2017-11,PE,pet_shop,408.8
2017-11,PE,sports_leisure,1135.48
2017-11,PE,stationery,776.9
2017-11,PE,telephony,348.59
2017-11,PE,toys,1166.35
2017-11,PE,unknown,102.8
2017-11,PE,watches_gifts,2642.18
2017-11,PI,air_conditioning,100.0
2017-11,PI,auto,509.9
2017-11,PI,baby,243.0
2017-11,PI,bed_bath_table,39.9
2017-11,PI,computers_accessories,347.41
2017-11,PI,cool_stuff,129.99
2017-11,PI,costruction_tools_garden,67.9
2017-11,PI,electronics,33.6
2017-11,PI,fashion_underwear_beach,152.0
2017-11,PI,furniture_decor,163.88
2017-11,PI,garden_tools,119.8
2017-11,PI,health_beauty,158.88
2017-11,PI,housewares,70.99
2017-11,PI,luggage_accessories,118.9
2017-11,PI,musical_instruments,49.9
2017-11,PI,perfumery,84.99
2017-11,PI,telephony,197.87
2017-11,PI,toys,69.9
2017-11,PI,watches_gifts,49.0
2017-11,PR,agro_industry_and_commerce,415.0
2017-11,PR,audio,19.9
2017-11,PR,auto,2839.17
2017-11,PR,baby,1323.54
2017-11,PR,bed_bath_table,4969.49
2017-11,PR,books_general_interest,358.7
2017-11,PR,christmas_supplies,132.66
2017-11,PR,computers_accessories,4226.99
2017-11,PR,consoles_games,327.89
2017-11,PR,construction_tools_construction,246.7
2017-11,PR,construction_tools_safety,199.9
2017-11,PR,cool_stuff,1632.73
2017-11,PR,electronics,338.45
2017-11,PR,fashion_bags_accessories,282.36
2017-11,PR,fashion_shoes,84.9
2017-11,PR,food,56.97
2017-11,PR,food_drink,274.3
2017-11,PR,furniture_decor,5159.66
2017-11,PR,furniture_living_room,32.99
2017-11,PR,garden_tools,1554.97
2017-11,PR,health_beauty,3352.68
2017-11,PR,home_confort,89.9
2017-11,PR,housewares,1138.6
2017-11,PR,kitchen_dining_laundry_garden_furniture,289.9
2017-11,PR,luggage_accessories,235.3
2017-11,PR,musical_instruments,510.7
2017-11,PR,office_furniture,1211.73
2017-11,PR,perfumery,1352.97
2017-11,PR,pet_shop,452.2
2017-11,PR,signaling_and_security,37.79
2017-11,PR,sports_leisure,3249.98
2017-11,PR,stationery,1088.8
2017-11,PR,telephony,806.27
2017-11,PR,toys,3552.9
2017-11,PR,unknown,190.97
2017-11,PR,watches_gifts,3713.38
2017-11,RJ,agro_industry_and_commerce,1316.99
2017-11,RJ,air_conditioning,595.89
2017-11,RJ,audio,1028.39
2017-11,RJ,auto,8386.89
2017-11,RJ,baby,1881.33
2017-11,RJ,bed_bath_table,17866.29
2017-11,RJ,books_general_interest,194.2
2017-11,RJ,books_technical,127.0
2017-11,RJ,christmas_supplies,84.3
2017-11,RJ,cine_photo,242.0
2017-11,RJ,computers_accessories,6964.82
2017-11,RJ,consoles_games,1199.36
2017-11,RJ,construction_tools_construction,748.61
2017-11,RJ,construction_tools_lights,449.48
2017-11,RJ,construction_tools_safety,81.9
2017-11,RJ,cool_stuff,7975.7
2017-11,RJ,costruction_tools_garden,20.4
2017-11,RJ,costruction_tools_tools,149.9
2017-11,RJ,dvds_blu_ray,19.9
2017-11,RJ,electronics,1490.52
2017-11,RJ,fashion_bags_accessories,1142.06
2017-11,RJ,fashion_male_clothing,59.9
2017-11,RJ,fashion_shoes,199.7
2017-11,RJ,fashion_underwear_beach,281.8
2017-11,RJ,flowers,61.2
2017-11,RJ,food,50.0
2017-11,RJ,food_drink,492.36
2017-11,RJ,furniture_decor,8478.42
2017-11,RJ,furniture_living_room,936.79
2017-11,RJ,furniture_mattress_and_upholstery,85.0
2017-11,RJ,garden_tools,7278.98
2017-11,RJ,health_beauty,6167.87
2017-11,RJ,home_appliances,725.1
2017-11,RJ,home_confort,1141.6
2017-11,RJ,home_construction,84.0
2017-11,RJ,housewares,4939.16
2017-11,RJ,industry_commerce_and_business,64.9
2017-11,RJ,kitchen_dining_laundry_garden_furniture,603.0
2017-11,RJ,luggage_accessories,1123.98
2017-11,RJ,market_place,79.9
2017-11,RJ,musical_instruments,1763.8
2017-11,RJ,office_furniture,4358.42
2017-11,RJ,party_supplies,21.9
2017-11,RJ,perfumery,3937.05
2017-11,RJ,pet_shop,2131.76
2017-11,RJ,signaling_and_security,354.0
2017-11,RJ,small_appliances,1083.18
2017-11,RJ,sports_leisure,11084.44
2017-11,RJ,stationery,2551.79
2017-11,RJ,tablets_printing_image,84.8
2017-11,RJ,telephony,3524.02
2017-11,RJ,toys,12503.29
2017-11,RJ,unknown,3054.7
2017-11,RJ,watches_gifts,16509.66
2017-11,RN,baby,64.99
2017-11,RN,bed_bath_table,99.99
2017-11,RN,books_general_interest,68.0
2017-11,RN,computers_accessories,369.73
2017-11,RN,consoles_games,755.27
2017-11,RN,cool_stuff,257.89
2017-11,RN,costruction_tools_garden,44.9
2017-11,RN,furniture_decor,896.8
2017-11,RN,furniture_mattress_and_upholstery,249.0
2017-11,RN,garden_tools,98.0
2017-11,RN,health_beauty,1799.77
2017-11,RN,home_appliances_2,689.9
2017-11,RN,housewares,69.9
2017-11,RN,kitchen_dining_laundry_garden_furniture,229.9
2017-11,RN,perfumery,102.48
2017-11,RN,pet_shop,894.0
2017-11,RN,sports_leisure,214.99
2017-11,RN,stationery,95.0
2017-11,RN,telephony,1012.16
2017-11,RN,toys,69.99
2017-11,RN,watches_gifts,133.0
2017-11,RO,auto,819.89
2017-11,RO,bed_bath_table,160.0
2017-11,RO,books_general_interest,44.99
2017-11,RO,construction_tools_construction,379.0
2017-11,RO,cool_stuff,189.9
2017-11,RO,garden_tools,154.9
2017-11,RO,health_beauty,392.9
2017-11,RO,luggage_accessories,299.9
2017-11,RO,market_place,149.99
2017-11,RO,office_furniture,118.9
2017-11,RO,pet_shop,162.0
2017-11,RO,sports_leisure,62.79
2017-11,RO,watches_gifts,2917.0
2017-11,RR,electronics,13.65
2017-11,RR,health_beauty,84.99
2017-11,RS,agro_industry_and_commerce,415.0
2017-11,RS,air_conditioning,299.9
2017-11,RS,audio,240.6
2017-11,RS,auto,1020.69
2017-11,RS,baby,1889.75
2017-11,RS,bed_bath_table,4995.87
2017-11,RS,books_general_interest,260.7
2017-11,RS,books_imported,77.0
2017-11,RS,christmas_supplies,124.9
2017-11,RS,computers_accessories,4259.85
2017-11,RS,consoles_games,753.79
2017-11,RS,construction_tools_construction,518.9
2017-11,RS,cool_stuff,5004.33
2017-11,RS,drinks,130.0
2017-11,RS,dvds_blu_ray,19.9
2017-11,RS,electronics,170.99
2017-11,RS,fashion_bags_accessories,816.36
2017-11,RS,fashion_shoes,169.8
2017-11,RS,fashion_underwear_beach,155.0
2017-11,RS,furniture_decor,3273.59
2017-11,RS,garden_tools,5884.19
2017-11,RS,health_beauty,3799.02
2017-11,RS,home_appliances,1155.15
2017-11,RS,home_appliances_2,599.9
2017-11,RS,home_confort,319.6
2017-11,RS,home_construction,602.2
2017-11,RS,housewares,2471.83
2017-11,RS,kitchen_dining_laundry_garden_furniture,320.8
2017-11,RS,luggage_accessories,281.7
2017-11,RS,musical_instruments,281.6
2017-11,RS,office_furniture,617.97
2017-11,RS,perfumery,1156.41
2017-11,RS,pet_shop,218.9
2017-11,RS,small_appliances,668.5
2017-11,RS,sports_leisure,3693.37
2017-11,RS,stationery,749.9
2017-11,RS,telephony,901.14
2017-11,RS,toys,5103.41
2017-11,RS,unknown,212.59
2017-11,RS,watches_gifts,3828.17
2017-11,SC,audio,190.9
2017-11,SC,auto,1899.32
2017-11,SC,baby,1022.68
2017-11,SC,bed_bath_table,1604.75
2017-11,SC,books_general_interest,238.8
2017-11,SC,christmas_supplies,56.52
2017-11,SC,computers,1340.0
2017-11,SC,computers_accessories,1971.89
2017-11,SC,consoles_games,507.99
2017-11,SC,construction_tools_safety,76.9
2017-11,SC,cool_stuff,2231.17
2017-11,SC,drinks,54.98
2017-11,SC,electronics,414.6
2017-11,SC,fashion_bags_accessories,497.26
2017-11,SC,fashion_male_clothing,59.9
2017-11,SC,furniture_decor,977.03
2017-11,SC,garden_tools,1991.32
2017-11,SC,health_beauty,2949.34
2017-11,SC,home_appliances,209.0
2017-11,SC,home_appliances_2,582.49
2017-11,SC,home_confort,49.9
2017-11,SC,home_construction,577.99
2017-11,SC,housewares,724.36
2017-11,SC,kitchen_dining_laundry_garden_furniture,75.8
2017-11,SC,luggage_accessories,289.7
2017-11,SC,market_place,29.9
2017-11,SC,musical_instruments,1999.0
2017-11,SC,office_furniture,599.9
2017-11,SC,perfumery,1376.97
2017-11,SC,pet_shop,311.69
2017-11,SC,small_appliances,712.5
2017-11,SC,sports_leisure,3542.0
2017-11,SC,stationery,1418.9
2017-11,SC,telephony,1855.09
2017-11,SC,toys,1463.15
2017-11,SC,unknown,1032.81
2017-11,SC,watches_gifts,2934.4
2017-11,SE,auto,42.36
2017-11,SE,baby,219.89
2017-11,SE,bed_bath_table,99.0
2017-11,SE,computers_accessories,24.9
2017-11,SE,consoles_games,78.0
2017-11,SE,cool_stuff,1170.0
2017-11,SE,food_drink,119.9
2017-11,SE,furniture_decor,1073.0
2017-11,SE,garden_tools,98.0
2017-11,SE,health_beauty,808.99
2017-11,SE,market_place,365.0
2017-11,SE,perfumery,142.5
2017-11,SE,telephony,467.98
2017-11,SE,toys,29.9
2017-11,SE,watches_gifts,839.83
2017-11,SP,agro_industry_and_commerce,1666.9
2017-11,SP,air_conditioning,2841.93
2017-11,SP,audio,1557.25
2017-11,SP,auto,11755.68
2017-11,SP,baby,6795.92
2017-11,SP,bed_bath_table,36656.44
2017-11,SP,books_general_interest,1326.68
2017-11,SP,books_imported,170.0
2017-11,SP,books_technical,171.9
2017-11,SP,cds_dvds_musicals,195.0
2017-11,SP,christmas_supplies,226.76
2017-11,SP,computers_accessories,23055.65
2017-11,SP,consoles_games,4886.99
2017-11,SP,construction_tools_construction,509.53
2017-11,SP,construction_tools_lights,500.0
2017-11,SP,construction_tools_safety,2102.49
2017-11,SP,cool_stuff,17707.56
2017-11,SP,costruction_tools_garden,150.9
2017-11,SP,costruction_tools_tools,59.8
2017-11,SP,drinks,429.16
2017-11,SP,electronics,4877.52
2017-11,SP,fashio_female_clothing,29.99
2017-11,SP,fashion_bags_accessories,5070.59
2017-11,SP,fashion_male_clothing,651.39
2017-11,SP,fashion_shoes,481.3
2017-11,SP,fashion_sport,59.9
2017-11,SP,fashion_underwear_beach,294.8
2017-11,SP,fixed_telephony,100.0
2017-11,SP,flowers,109.8
2017-11,SP,food,327.63
2017-11,SP,food_drink,701.59
2017-11,SP,furniture_bedroom,204.0
2017-11,SP,furniture_decor,25645.32
2017-11,SP,furniture_living_room,2847.81
2017-11,SP,garden_tools,12483.38
2017-11,SP,health_beauty,31594.35
2017-11,SP,home_appliances,2034.75
2017-11,SP,home_appliances_2,2105.2
2017-11,SP,home_comfort_2,12.9
2017-11,SP,home_confort,2194.89
2017-11,SP,home_construction,1558.7
2017-11,SP,housewares,14126.63
2017-11,SP,industry_commerce_and_business,1142.98
2017-11,SP,kitchen_dining_laundry_garden_furniture,2395.09
2017-11,SP,luggage_accessories,3687.31
2017-11,SP,market_place,344.49
2017-11,SP,musical_instruments,3929.57
2017-11,SP,office_furniture,4676.17
2017-11,SP,party_supplies,257.6
2017-11,SP,perfumery,11267.18
2017-11,SP,pet_shop,4079.5
2017-11,SP,signaling_and_security,205.0
2017-11,SP,small_appliances,2656.06
2017-11,SP,sports_leisure,22842.14
2017-11,SP,stationery,5042.1
2017-11,SP,telephony,6931.37
2017-11,SP,toys,21951.27
2017-11,SP,unknown,4081.68
2017-11,SP,watches_gifts,35021.69
2017-11,TO,auto,559.0
2017-11,TO,bed_bath_table,185.9
2017-11,TO,cool_stuff,219.99
2017-11,TO,electronics,57.7
2017-11,TO,fashion_bags_accessories,78.29
2017-11,TO,furniture_decor,129.0
2017-11,TO,garden_tools,256.0
2017-11,TO,health_beauty,462.8
2017-11,TO,perfumery,149.9
2017-11,TO,telephony,48.48
2017-11,TO,watches_gifts,189.0
2017-12,AC,baby,388.0
2017-12,AC,christmas_supplies,69.9
2017-12,AC,electronics,239.0
2017-12,AC,housewares,403.88
2017-12,AL,auto,20.0
2017-12,AL,bed_bath_table,228.99
2017-12,AL,cool_stuff,199.0
2017-12,AL,electronics,12.3
2017-12,AL,fixed_telephony,623.99
2017-12,AL,furniture_decor,189.9
2017-12,AL,health_beauty,524.69
2017-12,AL,perfumery,310.0
2017-12,AL,sports_leisure,115.0
2017-12,AM,computers_accessories,27.99
2017-12,AM,fashion_bags_accessories,699.99
2017-12,AM,health_beauty,179.99
2017-12,AM,pet_shop,45.0
2017-12,AM,stationery,46.5
2017-12,AM,telephony,29.99
2017-12,AP,auto,199.0
2017-12,AP,computers_accessories,105.0
2017-12,AP,telephony,189.9
2017-12,AP,watches_gifts,108.0
2017-12,BA,auto,698.32
2017-12,BA,baby,577.55
2017-12,BA,bed_bath_table,727.48
2017-12,BA,books_general_interest,74.8
2017-12,BA,books_imported,77.0
2017-12,BA,books_technical,137.94
2017-12,BA,computers,6274.0
2017-12,BA,computers_accessories,1895.68
2017-12,BA,consoles_games,340.37
2017-12,BA,cool_stuff,900.26
2017-12,BA,costruction_tools_garden,122.9
2017-12,BA,electronics,205.97
2017-12,BA,fashion_bags_accessories,574.0
2017-12,BA,fashion_male_clothing,292.5
2017-12,BA,fashion_sport,59.9
2017-12,BA,food_drink,159.98
2017-12,BA,furniture_decor,999.9
2017-12,BA,furniture_living_room,344.2
2017-12,BA,garden_tools,1383.9
2017-12,BA,health_beauty,1609.28
2017-12,BA,home_construction,834.75
2017-12,BA,housewares,39.0
2017-12,BA,musical_instruments,179.98
2017-12,BA,office_furniture,439.89
2017-12,BA,perfumery,291.78
2017-12,BA,pet_shop,39.9
2017-12,BA,sports_leisure,690.17
2017-12,BA,stationery,863.39
2017-12,BA,telephony,430.82
2017-12,BA,toys,2156.57
2017-12,BA,unknown,187.07
2017-12,BA,watches_gifts,4190.52
2017-12,CE,auto,623.02
2017-12,CE,baby,35.9
2017-12,CE,bed_bath_table,338.9
2017-12,CE,computers_accessories,531.9
2017-12,CE,consoles_games,118.99
2017-12,CE,cool_stuff,717.87
2017-12,CE,electronics,27.9
2017-12,CE,fashion_bags_accessories,49.9
2017-12,CE,furniture_decor,370.8
2017-12,CE,garden_tools,517.5
2017-12,CE,health_beauty,1448.02
2017-12,CE,home_appliances,209.0
2017-12,CE,housewares,463.5
2017-12,CE,luggage_accessories,332.89
2017-12,CE,perfumery,786.35
2017-12,CE,sports_leisure,749.59
2017-12,CE,stationery,287.0
2017-12,CE,telephony,636.77
2017-12,CE,toys,353.76
2017-12,CE,unknown,218.99
2017-12,CE,watches_gifts,1480.89
2017-12,DF,audio,59.0
2017-12,DF,auto,617.18
2017-12,DF,baby,899.9
2017-12,DF,bed_bath_table,859.18
2017-12,DF,christmas_supplies,43.6
2017-12,DF,computers_accessories,545.79
2017-12,DF,consoles_games,25.49
2017-12,DF,cool_stuff,1038.65
2017-12,DF,electronics,273.92
2017-12,DF,fashion_bags_accessories,129.6
2017-12,DF,food,170.91
2017-12,DF,furniture_decor,469.1
2017-12,DF,furniture_mattress_and_upholstery,249.0
2017-12,DF,garden_tools,49.96
2017-12,DF,health_beauty,1850.88
2017-12,DF,home_appliances,129.99
2017-12,DF,housewares,862.13
2017-12,DF,musical_instruments,79.9
2017-12,DF,office_furniture,199.99
2017-12,DF,perfumery,313.78
2017-12,DF,pet_shop,230.0
2017-12,DF,small_appliances,50.0
2017-12,DF,sports_leisure,1757.46
2017-12,DF,stationery,785.9
2017-12,DF,telephony,472.96
2017-12,DF,toys,2938.19
2017-12,DF,unknown,556.52
2017-12,DF,watches_gifts,1170.7
2017-12,ES,art,49.9
2017-12,ES,auto,1241.1
2017-12,ES,baby,567.78
2017-12,ES,bed_bath_table,1089.37
2017-12,ES,christmas_supplies,9.32
2017-12,ES,computers,599.0
2017-12,ES,computers_accessories,167.59
2017-12,ES,consoles_games,50.0
2017-12,ES,cool_stuff,457.29
2017-12,ES,electronics,23.9
2017-12,ES,fashion_bags_accessories,219.29
2017-12,ES,fashion_shoes,56.8
2017-12,ES,fashion_underwear_beach,110.0
2017-12,ES,flowers,59.9
2017-12,ES,food,149.3
2017-12,ES,food_drink,81.6
2017-12,ES,furniture_decor,977.98
2017-12,ES,furniture_living_room,91.7
2017-12,ES,garden_tools,654.49
2017-12,ES,health_beauty,518.69
2017-12,ES,home_appliances_2,119.99
2017-12,ES,home_construction,54.4
2017-12,ES,housewares,380.8
2017-12,ES,luggage_accessories,83.9
2017-12,ES,musical_instruments,169.0
2017-12,ES,perfumery,463.69
2017-12,ES,pet_shop,155.9
2017-12,ES,sports_leisure,578.1
2017-12,ES,stationery,371.58
2017-12,ES,telephony,126.96
2017-12,ES,toys,627.79
2017-12,ES,unknown,259.77
2017-12,ES,watches_gifts,1622.88
2017-12,GO,auto,384.5
2017-12,GO,baby,997.0
2017-12,GO,bed_bath_table,1070.37
2017-12,GO,computers_accessories,218.8
2017-12,GO,consoles_games,77.8
2017-12,GO,cool_stuff,806.86
2017-12,GO,costruction_tools_garden,15.6
2017-12,GO,costruction_tools_tools,29.9
2017-12,GO,drinks,45.49
2017-12,GO,electronics,51.45
2017-12,GO,fashion_bags_accessories,48.98
2017-12,GO,fashion_underwear_beach,152.0
2017-12,GO,furniture_decor,75.0
2017-12,GO,furniture_mattress_and_upholstery,85.0
2017-12,GO,garden_tools,727.98
2017-12,GO,health_beauty,2252.48
2017-12,GO,home_confort,89.9
2017-12,GO,housewares,313.99
2017-12,GO,kitchen_dining_laundry_garden_furniture,89.76
2017-12,GO,luggage_accessories,49.0
2017-12,GO,market_place,32.3
2017-12,GO,perfumery,904.61
2017-12,GO,pet_shop,119.89
2017-12,GO,signaling_and_security,670.0
2017-12,GO,sports_leisure,1351.5
2017-12,GO,stationery,594.89
2017-12,GO,telephony,544.81
2017-12,GO,toys,665.57
2017-12,GO,unknown,432.97
2017-12,GO,watches_gifts,2776.53
2017-12,MA,audio,598.99
2017-12,MA,auto,386.79
2017-12,MA,baby,124.99
2017-12,MA,bed_bath_table,608.79
2017-12,MA,computers_accessories,284.89
2017-12,MA,garden_tools,177.0
2017-12,MA,health_beauty,734.89
2017-12,MA,home_construction,37.95
2017-12,MA,housewares,295.0
2017-12,MA,luggage_accessories,248.99
2017-12,MA,musical_instruments,624.8
2017-12,MA,perfumery,129.9
2017-12,MA,pet_shop,46.9
2017-12,MA,sports_leisure,331.9
2017-12,MA,stationery,353.97
2017-12,MA,telephony,134.95
2017-12,MA,toys,260.68
2017-12,MA,unknown,49.77
2017-12,MA,watches_gifts,159.0
2017-12,MG,agro_industry_and_commerce,412.0
2017-12,MG,audio,126.79
2017-12,MG,auto,7307.12
2017-12,MG,baby,2670.36
2017-12,MG,bed_bath_table,5611.06
2017-12,MG,books_general_interest,444.2
2017-12,MG,christmas_supplies,152.09
2017-12,MG,computers,599.0
2017-12,MG,computers_accessories,5298.01
2017-12,MG,consoles_games,872.79
2017-12,MG,construction_tools_construction,1932.35
2017-12,MG,cool_stuff,3926.93
2017-12,MG,costruction_tools_garden,189.8
2017-12,MG,costruction_tools_tools,59.8
2017-12,MG,drinks,674.49
2017-12,MG,dvds_blu_ray,119.9
2017-12,MG,electronics,704.85
2017-12,MG,fashion_bags_accessories,1281.27
2017-12,MG,fashion_male_clothing,38.5
2017-12,MG,fashion_shoes,271.5
2017-12,MG,fashion_underwear_beach,152.0
2017-12,MG,food,130.0
2017-12,MG,food_drink,84.4
2017-12,MG,furniture_decor,3197.37
2017-12,MG,furniture_living_room,329.9
2017-12,MG,garden_tools,3549.19
2017-12,MG,health_beauty,7291.8
2017-12,MG,home_appliances,95.0
2017-12,MG,home_appliances_2,209.99
2017-12,MG,home_confort,76.9
2017-12,MG,home_construction,39.0
2017-12,MG,housewares,2930.08
2017-12,MG,kitchen_dining_laundry_garden_furniture,414.78
2017-12,MG,luggage_accessories,776.47
2017-12,MG,market_place,39.8
2017-12,MG,musical_instruments,2346.72
2017-12,MG,office_furniture,592.86
2017-12,MG,perfumery,3860.12
2017-12,MG,pet_shop,525.89
2017-12,MG,sports_leisure,6219.57
2017-12,MG,stationery,2455.78
2017-12,MG,telephony,1440.98
2017-12,MG,toys,7776.97
2017-12,MG,unknown,1264.68
2017-12,MG,watches_gifts,12659.84
2017-12,MS,auto,646.98
2017-12,MS,baby,265.0
2017-12,MS,bed_bath_table,422.6
2017-12,MS,books_general_interest,116.0
2017-12,MS,computers_accessories,260.88
2017-12,MS,drinks,57.49
2017-12,MS,fashion_bags_accessories,359.0
2017-12,MS,furniture_decor,320.0
2017-12,MS,health_beauty,905.43
2017-12,MS,housewares,28.9
2017-12,MS,perfumery,56.99
2017-12,MS,pet_shop,277.99
2017-12,MS,stationery,324.5
2017-12,MS,toys,522.7
2017-12,MS,unknown,122.99
2017-12,MS,watches_gifts,544.0
2017-12,MT,air_conditioning,199.0
2017-12,MT,auto,788.29
2017-12,MT,baby,452.9
2017-12,MT,bed_bath_table,479.6
2017-12,MT,computers_accessories,1390.8
2017-12,MT,consoles_games,359.0
2017-12,MT,construction_tools_construction,69.9
2017-12,MT,cool_stuff,499.96
2017-12,MT,electronics,23.7
2017-12,MT,furniture_decor,79.9
2017-12,MT,garden_tools,222.99
2017-12,MT,health_beauty,328.24
2017-12,MT,home_appliances,149.99
2017-12,MT,luggage_accessories,229.9
2017-12,MT,office_furniture,349.9
2017-12,MT,perfumery,930.7
2017-12,MT,small_appliances,597.0
2017-12,MT,sports_leisure,248.88
2017-12,MT,stationery,428.8
2017-12,MT,telephony,54.98
2017-12,MT,toys,973.88
2017-12,MT,unknown,98.9
2017-12,MT,watches_gifts,59.99
2017-12,PA,auto,647.29
2017-12,PA,baby,667.89
2017-12,PA,bed_bath_table,282.4
2017-12,PA,books_general_interest,6.0
2017-12,PA,computers_accessories,700.07
2017-12,PA,cool_stuff,436.23
2017-12,PA,electronics,126.65
2017-12,PA,fashion_bags_accessories,66.9
2017-12,PA,fashion_underwear_beach,59.8
2017-12,PA,furniture_decor,258.9
2017-12,PA,garden_tools,179.99
2017-12,PA,health_beauty,2406.69
2017-12,PA,housewares,1326.0
2017-12,PA,perfumery,702.7
2017-12,PA,pet_shop,26.99
2017-12,PA,sports_leisure,261.39
2017-12,PA,stationery,93.31
2017-12,PA,telephony,667.68
2017-12,PA,toys,310.95
2017-12,PA,unknown,100.6
2017-12,PA,watches_gifts,1091.8
2017-12,PB,auto,599.0
2017-12,PB,baby,109.9
2017-12,PB,bed_bath_table,206.0
2017-12,PB,books_general_interest,119.7
2017-12,PB,computers,1198.0
2017-12,PB,computers_accessories,508.88
2017-12,PB,construction_tools_safety,130.9
2017-12,PB,cool_stuff,243.89
2017-12,PB,fashion_bags_accessories,99.99
2017-12,PB,furniture_decor,24.75
2017-12,PB,garden_tools,59.0
2017-12,PB,health_beauty,419.87
2017-12,PB,housewares,447.99
2017-12,PB,perfumery,81.9
2017-12,PB,pet_shop,39.9
2017-12,PB,sports_leisure,435.0
2017-12,PB,stationery,363.9
2017-12,PB,toys,139.0
2017-12,PB,unknown,122.99
2017-12,PB,watches_gifts,235.0
2017-12,PE,agro_industry_and_commerce,425.0
2017-12,PE,audio,76.89
2017-12,PE,auto,857.99
2017-12,PE,baby,546.7
2017-12,PE,bed_bath_table,377.66
2017-12,PE,books_general_interest,115.0
2017-12,PE,computers,599.0
2017-12,PE,computers_accessories,862.56
2017-12,PE,consoles_games,179.39
2017-12,PE,construction_tools_construction,599.0
2017-12,PE,construction_tools_safety,200.0
2017-12,PE,cool_stuff,1101.88
2017-12,PE,electronics,105.89
2017-12,PE,fashion_bags_accessories,274.8
2017-12,PE,furniture_decor,341.79
2017-12,PE,garden_tools,208.7
2017-12,PE,health_beauty,1998.95
2017-12,PE,home_confort,289.0
2017-12,PE,home_construction,586.75
2017-12,PE,housewares,190.1
2017-12,PE,kitchen_dining_laundry_garden_furniture,400.0
2017-12,PE,office_furniture,168.98
2017-12,PE,perfumery,224.96
2017-12,PE,pet_shop,599.9
2017-12,PE,sports_leisure,1926.34
2017-12,PE,stationery,528.78
2017-12,PE,telephony,286.85
2017-12,PE,toys,1144.78
2017-12,PE,unknown,122.99
2017-12,PE,watches_gifts,329.99
2017-12,PI,agro_industry_and_commerce,267.0
2017-12,PI,bed_bath_table,169.8
2017-12,PI,computers_accessories,28.9
2017-12,PI,cool_stuff,431.98
2017-12,PI,electronics,35.2
2017-12,PI,health_beauty,84.99
2017-12,PI,home_construction,296.0
2017-12,PI,market_place,72.9
2017-12,PI,sports_leisure,194.39
2017-12,PI,stationery,566.9
2017-12,PI,telephony,51.98
2017-12,PI,toys,308.89
2017-12,PI,watches_gifts,137.99
2017-12,PR,auto,1070.99
2017-12,PR,baby,787.57
2017-12,PR,bed_bath_table,1809.32
2017-12,PR,books_general_interest,197.9
2017-12,PR,books_imported,77.0
2017-12,PR,books_technical,130.8
2017-12,PR,christmas_supplies,8.1
2017-12,PR,computers_accessories,1436.18
2017-12,PR,consoles_games,24.5
2017-12,PR,construction_tools_construction,99.9
2017-12,PR,cool_stuff,1384.62
2017-12,PR,electronics,305.01
2017-12,PR,fashion_bags_accessories,717.8
2017-12,PR,fashion_shoes,84.9
2017-12,PR,fashion_underwear_beach,59.9
2017-12,PR,food_drink,54.0
2017-12,PR,furniture_decor,2959.59
2017-12,PR,furniture_living_room,109.97
2017-12,PR,garden_tools,1509.14
2017-12,PR,health_beauty,1856.59
2017-12,PR,home_appliances,28.9
2017-12,PR,home_confort,133.9
2017-12,PR,home_construction,552.0
2017-12,PR,housewares,532.68
2017-12,PR,luggage_accessories,99.9
2017-12,PR,musical_instruments,215.78
2017-12,PR,office_furniture,129.99
2017-12,PR,party_supplies,257.6
2017-12,PR,perfumery,1258.61
2017-12,PR,pet_shop,306.79
2017-12,PR,small_appliances,193.0
2017-12,PR,sports_leisure,4125.84
2017-12,PR,stationery,823.87
2017-12,PR,telephony,345.3
2017-12,PR,toys,2661.07
2017-12,PR,unknown,466.64
2017-12,PR,watches_gifts,3078.89
2017-12,RJ,agro_industry_and_commerce,2199.0
2017-12,RJ,air_conditioning,299.9
2017-12,RJ,audio,238.9
2017-12,RJ,auto,4252.06
2017-12,RJ,baby,2298.04
2017-12,RJ,bed_bath_table,9362.23
2017-12,RJ,books_general_interest,134.9
2017-12,RJ,computers,4335.0
2017-12,RJ,computers_accessories,7294.39
2017-12,RJ,consoles_games,1042.48
2017-12,RJ,construction_tools_construction,1779.7
2017-12,RJ,construction_tools_lights,88.0
2017-12,RJ,construction_tools_safety,399.93
2017-12,RJ,cool_stuff,6457.92
2017-12,RJ,costruction_tools_garden,495.0
2017-12,RJ,drinks,258.96
2017-12,RJ,electronics,2136.04
2017-12,RJ,fashion_bags_accessories,735.7
2017-12,RJ,fashion_shoes,199.7
2017-12,RJ,fashion_underwear_beach,214.9
2017-12,RJ,fixed_telephony,39.9
2017-12,RJ,food_drink,66.9
2017-12,RJ,furniture_bedroom,185.0
2017-12,RJ,furniture_decor,3212.86
2017-12,RJ,furniture_living_room,966.56
2017-12,RJ,furniture_mattress_and_upholstery,44.7
2017-12,RJ,garden_tools,4153.06
2017-12,RJ,health_beauty,7333.2
2017-12,RJ,home_appliances,224.75
2017-12,RJ,home_appliances_2,430.8
2017-12,RJ,home_confort,598.9
2017-12,RJ,home_construction,115.9
2017-12,RJ,housewares,2007.36
2017-12,RJ,industry_commerce_and_business,179.9
2017-12,RJ,kitchen_dining_laundry_garden_furniture,299.0
2017-12,RJ,luggage_accessories,343.97
2017-12,RJ,musical_instruments,2467.58
2017-12,RJ,office_furniture,1606.78
2017-12,RJ,perfumery,3390.17
2017-12,RJ,pet_shop,575.68
2017-12,RJ,small_appliances,1257.8
2017-12,RJ,sports_leisure,8556.64
2017-12,RJ,stationery,5317.33
2017-12,RJ,telephony,1708.16
2017-12,RJ,toys,10285.21
2017-12,RJ,unknown,4085.95
2017-12,RJ,watches_gifts,8582.82
2017-12,RN,auto,559.0
2017-12,RN,bed_bath_table,144.9
2017-12,RN,books_general_interest,272.0
2017-12,RN,cool_stuff,386.88
2017-12,RN,electronics,87.99
2017-12,RN,garden_tools,105.99
2017-12,RN,health_beauty,223.63
2017-12,RN,musical_instruments,109.9
2017-12,RN,perfumery,129.9
2017-12,RN,pet_shop,65.99
2017-12,RN,sports_leisure,475.5
2017-12,RN,stationery,149.0
2017-12,RN,telephony,114.89
2017-12,RN,toys,219.89
2017-12,RN,unknown,122.99
2017-12,RO,bed_bath_table,16.9
2017-12,RO,fashion_bags_accessories,99.8
2017-12,RO,furniture_decor,84.3
2017-12,RO,health_beauty,84.99
2017-12,RO,luggage_accessories,262.0
2017-12,RO,musical_instruments,39.9
2017-12,RO,sports_leisure,67.9
2017-12,RO,stationery,109.0
2017-12,RO,telephony,19.89
2017-12,RO,toys,1164.9
2017-12,RS,auto,1725.7
2017-12,RS,baby,1362.57
2017-12,RS,bed_bath_table,2021.34
2017-12,RS,books_general_interest,147.9
2017-12,RS,books_technical,127.0
2017-12,RS,computers,1198.0
2017-12,RS,computers_accessories,872.53
2017-12,RS,consoles_games,979.89
2017-12,RS,construction_tools_construction,299.9
2017-12,RS,construction_tools_safety,26.25
2017-12,RS,cool_stuff,3384.24
2017-12,RS,costruction_tools_tools,29.9
2017-12,RS,drinks,40.0
2017-12,RS,electronics,826.0
2017-12,RS,fashion_bags_accessories,1056.8
2017-12,RS,flowers,22.8
2017-12,RS,food_drink,159.8
2017-12,RS,furniture_decor,1658.18
2017-12,RS,garden_tools,2188.69
2017-12,RS,health_beauty,4733.83
2017-12,RS,home_construction,399.0
2017-12,RS,housewares,2045.89
2017-12,RS,industry_commerce_and_business,1321.9
2017-12,RS,kitchen_dining_laundry_garden_furniture,119.0
2017-12,RS,luggage_accessories,83.9
2017-12,RS,market_place,12.0
2017-12,RS,musical_instruments,28.0
2017-12,RS,office_furniture,514.84
2017-12,RS,perfumery,1236.51
2017-12,RS,small_appliances,2096.0
2017-12,RS,sports_leisure,3141.41
2017-12,RS,stationery,795.89
2017-12,RS,telephony,1059.52
2017-12,RS,toys,3092.79
2017-12,RS,unknown,874.94
2017-12,RS,watches_gifts,2222.04
2017-12,SC,audio,598.99
2017-12,SC,auto,1454.28
2017-12,SC,baby,60.0
2017-12,SC,bed_bath_table,1036.22
2017-12,SC,books_general_interest,65.8
2017-12,SC,computers_accessories,729.76
2017-12,SC,consoles_games,275.25
2017-12,SC,construction_tools_safety,379.94
2017-12,SC,cool_stuff,1754.75
2017-12,SC,costruction_tools_tools,199.9
2017-12,SC,drinks,164.47
2017-12,SC,electronics,285.4
2017-12,SC,fashion_bags_accessories,417.79
2017-12,SC,furniture_decor,1172.38
2017-12,SC,garden_tools,1968.8
2017-12,SC,health_beauty,919.73
2017-12,SC,home_construction,441.15
2017-12,SC,housewares,1052.89
2017-12,SC,kitchen_dining_laundry_garden_furniture,340.0
2017-12,SC,luggage_accessories,129.99
2017-12,SC,musical_instruments,139.9
2017-12,SC,office_furniture,386.79
2017-12,SC,perfumery,897.85
2017-12,SC,pet_shop,299.89
2017-12,SC,small_appliances,560.9
2017-12,SC,sports_leisure,3639.55
2017-12,SC,stationery,605.2
2017-12,SC,telephony,283.81
2017-12,SC,toys,1381.22
2017-12,SC,unknown,172.89
2017-12,SC,watches_gifts,2419.4
2017-12,SE,auto,90.0
2017-12,SE,bed_bath_table,89.9
2017-12,SE,cool_stuff,75.0
2017-12,SE,electronics,43.8
2017-12,SE,food,18.45
2017-12,SE,furniture_decor,294.9
2017-12,SE,garden_tools,365.32
2017-12,SE,health_beauty,439.89
2017-12,SE,home_construction,386.75
2017-12,SE,housewares,169.99
2017-12,SE,musical_instruments,129.9
2017-12,SE,pet_shop,29.9
2017-12,SE,sports_leisure,235.0
2017-12,SE,telephony,112.98
2017-12,SE,watches_gifts,666.0
2017-12,SP,agro_industry_and_commerce,1988.7
2017-12,SP,air_conditioning,169.9
2017-12,SP,art,65.35
2017-12,SP,audio,987.37
2017-12,SP,auto,14763.85
2017-12,SP,baby,6846.43
2017-12,SP,bed_bath_table,23043.71
2017-12,SP,books_general_interest,658.0
2017-12,SP,books_imported,77.0
2017-12,SP,books_technical,274.95
2017-12,SP,cds_dvds_musicals,65.0
2017-12,SP,christmas_supplies,210.89
2017-12,SP,computers,1939.0
2017-12,SP,computers_accessories,14268.07
2017-12,SP,consoles_games,4539.06
2017-12,SP,construction_tools_construction,1049.6
2017-12,SP,construction_tools_lights,88.0
2017-12,SP,construction_tools_safety,247.9
2017-12,SP,cool_stuff,13071.37
2017-12,SP,costruction_tools_garden,105.6
2017-12,SP,costruction_tools_tools,29.9
2017-12,SP,diapers_and_hygiene,76.0
2017-12,SP,drinks,891.94
2017-12,SP,electronics,3003.64
2017-12,SP,fashion_bags_accessories,3113.55
2017-12,SP,fashion_male_clothing,119.89
2017-12,SP,fashion_shoes,486.1
2017-12,SP,fashion_underwear_beach,424.5
2017-12,SP,fixed_telephony,334.88
2017-12,SP,food,470.68
2017-12,SP,food_drink,427.0
2017-12,SP,furniture_decor,14336.49
2017-12,SP,furniture_living_room,473.68
2017-12,SP,furniture_mattress_and_upholstery,425.0
2017-12,SP,garden_tools,8773.99
2017-12,SP,health_beauty,22362.01
2017-12,SP,home_appliances,493.37
2017-12,SP,home_appliances_2,1229.38
2017-12,SP,home_confort,1069.2
2017-12,SP,home_construction,2781.65
2017-12,SP,housewares,11725.98
2017-12,SP,industry_commerce_and_business,326.7
2017-12,SP,kitchen_dining_laundry_garden_furniture,2614.76
2017-12,SP,luggage_accessories,3328.3
2017-12,SP,market_place,546.25
2017-12,SP,musical_instruments,4255.24
2017-12,SP,office_furniture,2294.35
2017-12,SP,party_supplies,257.6
2017-12,SP,perfumery,10300.43
2017-12,SP,pet_shop,3740.23
2017-12,SP,signaling_and_security,100.0
2017-12,SP,small_appliances,2785.07
2017-12,SP,sports_leisure,23551.45
2017-12,SP,stationery,8927.61
2017-12,SP,tablets_printing_image,419.4
2017-12,SP,telephony,4066.26
2017-12,SP,toys,18079.75
2017-12,SP,unknown,6236.02
2017-12,SP,watches_gifts,25613.74
2017-12,TO,auto,87.5
2017-12,TO,bed_bath_table,84.44
2017-12,TO,cool_stuff,239.99
2017-12,TO,fashion_bags_accessories,54.6
2017-12,TO,furniture_decor,49.0
2017-12,TO,health_beauty,179.99
2017-12,TO,housewares,69.8
2017-12,TO,musical_instruments,36.9
2017-12,TO,perfumery,177.99
2017-12,TO,sports_leisure,69.9
2017-12,TO,watches_gifts,406.9
2018-01,AC,books_general_interest,108.9
2018-01,AC,fashion_bags_accessories,89.9
2018-01,AC,furniture_decor,88.34
2018-01,AC,garden_tools,510.0
2018-01,AC,luggage_accessories,48.9
2018-01,AC,musical_instruments,36.9
2018-01,AL,auto,149.99
2018-01,AL,bed_bath_table,246.89
2018-01,AL,computers_accessories,79.99
2018-01,AL,consoles_games,689.89
2018-01,AL,cool_stuff,157.8
2018-01,AL,electronics,21.9
2018-01,AL,furniture_decor,139.8
2018-01,AL,garden_tools,49.9
2018-01,AL,health_beauty,593.28
2018-01,AL,home_construction,386.75
2018-01,AL,luggage_accessories,349.9
2018-01,AL,office_furniture,279.9
2018-01,AL,perfumery,53.99
2018-01,AL,pet_shop,148.0
2018-01,AL,sports_leisure,688.6
2018-01,AL,stationery,178.9
2018-01,AL,telephony,185.91
2018-01,AL,toys,259.9
2018-01,AL,unknown,122.99
2018-01,AL,watches_gifts,225.0
2018-01,AM,baby,388.0
2018-01,AM,computers_accessories,28.9
2018-01,AM,fixed_telephony,19.99
2018-01,AM,garden_tools,1688.0
2018-01,AM,luggage_accessories,289.0
2018-01,AM,office_furniture,48.9
2018-01,AM,sports_leisure,178.9
2018-01,AM,stationery,149.0
2018-01,AM,telephony,79.97
2018-01,AM,toys,54.99
2018-01,AP,computers_accessories,1546.23
2018-01,AP,electronics,13.65
2018-01,AP,musical_instruments,199.0
2018-01,AP,sports_leisure,198.9
2018-01,AP,telephony,89.89
2018-01,AP,watches_gifts,346.0
2018-01,BA,audio,108.4
2018-01,BA,auto,1657.9
2018-01,BA,baby,1020.68
2018-01,BA,bed_bath_table,566.08
2018-01,BA,books_general_interest,116.0
2018-01,BA,christmas_supplies,239.7
2018-01,BA,computers,670.0
2018-01,BA,computers_accessories,2154.04
2018-01,BA,consoles_games,127.0
2018-01,BA,construction_tools_construction,709.79
2018-01,BA,cool_stuff,1804.37
2018-01,BA,costruction_tools_garden,122.9
2018-01,BA,drinks,40.0
2018-01,BA,electronics,874.19
2018-01,BA,fashion_bags_accessories,746.7
2018-01,BA,fashion_shoes,98.7
2018-01,BA,fashion_underwear_beach,155.0
2018-01,BA,fixed_telephony,26.9
2018-01,BA,furniture_decor,1449.96
2018-01,BA,furniture_living_room,32.99
2018-01,BA,garden_tools,3028.91
2018-01,BA,health_beauty,3821.08
2018-01,BA,home_appliances,47.59
2018-01,BA,home_construction,1107.98
2018-01,BA,housewares,794.5
2018-01,BA,musical_instruments,956.5
2018-01,BA,office_furniture,983.89
2018-01,BA,perfumery,111.89
2018-01,BA,pet_shop,408.37
2018-01,BA,signaling_and_security,28.99
2018-01,BA,small_appliances,48.9
2018-01,BA,sports_leisure,6020.46
2018-01,BA,stationery,968.2
2018-01,BA,telephony,541.2
2018-01,BA,toys,419.89
2018-01,BA,unknown,1225.62
2018-01,BA,watches_gifts,3159.87
2018-01,CE,auto,385.0
2018-01,CE,baby,184.98
2018-01,CE,bed_bath_table,291.7
2018-01,CE,books_general_interest,108.9
2018-01,CE,computers_accessories,795.29
2018-01,CE,construction_tools_safety,199.9
2018-01,CE,cool_stuff,408.79
2018-01,CE,costruction_tools_garden,16.6
2018-01,CE,drinks,150.47
2018-01,CE,electronics,189.44
2018-01,CE,fashion_bags_accessories,124.1
2018-01,CE,food_drink,17.98
2018-01,CE,furniture_decor,604.6
2018-01,CE,garden_tools,99.9
2018-01,CE,health_beauty,2171.06
2018-01,CE,home_construction,580.0
2018-01,CE,housewares,1708.01
2018-01,CE,kitchen_dining_laundry_garden_furniture,140.0
2018-01,CE,musical_instruments,924.0
2018-01,CE,perfumery,39.98
2018-01,CE,pet_shop,19.99
2018-01,CE,small_appliances,299.0
2018-01,CE,sports_leisure,217.15
2018-01,CE,stationery,530.5
2018-01,CE,telephony,181.93
2018-01,CE,unknown,319.0
2018-01,CE,watches_gifts,1355.89
2018-01,DF,audio,334.8
2018-01,DF,auto,1567.47
2018-01,DF,baby,135.89
2018-01,DF,bed_bath_table,1839.09
2018-01,DF,computers_accessories,892.37
2018-01,DF,cool_stuff,271.98
2018-01,DF,costruction_tools_garden,104.9
2018-01,DF,electronics,309.2
2018-01,DF,fashion_bags_accessories,64.1
2018-01,DF,furniture_decor,897.87
2018-01,DF,garden_tools,99.9
2018-01,DF,health_beauty,906.05
2018-01,DF,home_appliances_2,895.0
2018-01,DF,home_confort,86.9
2018-01,DF,housewares,466.0
2018-01,DF,luggage_accessories,666.7
2018-01,DF,market_place,27.93
2018-01,DF,office_furniture,466.99
2018-01,DF,perfumery,718.15
2018-01,DF,pet_shop,1404.59
2018-01,DF,small_appliances,383.9
2018-01,DF,sports_leisure,1308.28
2018-01,DF,stationery,523.3
2018-01,DF,telephony,221.86
2018-01,DF,toys,193.8
2018-01,DF,unknown,451.86
2018-01,DF,watches_gifts,2196.8
2018-01,ES,air_conditioning,199.0
2018-01,ES,auto,1112.14
2018-01,ES,baby,1329.2
2018-01,ES,bed_bath_table,1390.26
2018-01,ES,books_technical,418.95
2018-01,ES,christmas_supplies,116.9
2018-01,ES,computers_accessories,1039.21
2018-01,ES,cool_stuff,2143.28
2018-01,ES,electronics,732.74
2018-01,ES,fashion_bags_accessories,303.5
2018-01,ES,fashion_shoes,84.9
2018-01,ES,food_drink,40.8
2018-01,ES,furniture_decor,546.27
2018-01,ES,garden_tools,269.7
2018-01,ES,health_beauty,597.87
2018-01,ES,home_construction,80.0
2018-01,ES,housewares,701.9
2018-01,ES,luggage_accessories,998.9
2018-01,ES,musical_instruments,638.6
2018-01,ES,office_furniture,276.93
2018-01,ES,perfumery,10.6
2018-01,ES,pet_shop,101.97
2018-01,ES,small_appliances,549.9
2018-01,ES,sports_leisure,1859.2
2018-01,ES,stationery,1090.7
2018-01,ES,telephony,779.27
2018-01,ES,toys,452.38
2018-01,ES,unknown,69.77
2018-01,ES,watches_gifts,2160.58
2018-01,GO,auto,222.3
2018-01,GO,baby,540.57
2018-01,GO,bed_bath_table,1011.18
2018-01,GO,books_general_interest,125.7
2018-01,GO,books_technical,155.0
2018-01,GO,computers_accessories,946.64
2018-01,GO,cool_stuff,638.76
2018-01,GO,costruction_tools_garden,137.2
2018-01,GO,costruction_tools_tools,149.9
2018-01,GO,drinks,118.6
2018-01,GO,electronics,73.6
2018-01,GO,fashion_bags_accessories,234.89
2018-01,GO,fashion_male_clothing,59.9
2018-01,GO,food,119.8
2018-01,GO,furniture_decor,1266.89
2018-01,GO,furniture_living_room,177.99
2018-01,GO,garden_tools,188.9
2018-01,GO,health_beauty,1469.51
2018-01,GO,home_appliances_2,37.9
2018-01,GO,home_confort,249.0
2018-01,GO,housewares,112.3
2018-01,GO,industry_commerce_and_business,440.7
2018-01,GO,luggage_accessories,26.99
2018-01,GO,office_furniture,289.49
2018-01,GO,perfumery,454.89
2018-01,GO,small_appliances,1767.39
2018-01,GO,sports_leisure,1583.29
2018-01,GO,stationery,1360.79
2018-01,GO,telephony,223.73
2018-01,GO,toys,249.88
2018-01,GO,unknown,887.94
2018-01,GO,watches_gifts,1391.67
2018-01,MA,auto,278.39
2018-01,MA,bed_bath_table,212.5
2018-01,MA,computers_accessories,1059.3
2018-01,MA,construction_tools_construction,49.99
2018-01,MA,cool_stuff,311.98
2018-01,MA,electronics,13.65
2018-01,MA,fashion_bags_accessories,169.99
2018-01,MA,furniture_decor,634.9
2018-01,MA,garden_tools,49.9
2018-01,MA,health_beauty,1329.74
2018-01,MA,housewares,222.0
2018-01,MA,musical_instruments,54.9
2018-01,MA,office_furniture,319.95
2018-01,MA,perfumery,139.0
2018-01,MA,pet_shop,139.0
2018-01,MA,sports_leisure,852.81
2018-01,MA,stationery,388.8
2018-01,MA,telephony,485.86
2018-01,MA,toys,545.87
2018-01,MA,watches_gifts,1447.99
2018-01,MG,agro_industry_and_commerce,412.0
2018-01,MG,audio,208.9
2018-01,MG,auto,6142.14
2018-01,MG,baby,2861.24
2018-01,MG,bed_bath_table,9994.32
2018-01,MG,books_general_interest,202.9
2018-01,MG,books_imported,65.0
2018-01,MG,books_technical,87.0
2018-01,MG,computers,1198.0
2018-01,MG,computers_accessories,11276.68
2018-01,MG,consoles_games,2216.74
2018-01,MG,construction_tools_construction,482.26
2018-01,MG,construction_tools_safety,898.9
2018-01,MG,cool_stuff,2509.93
2018-01,MG,costruction_tools_tools,105.7
2018-01,MG,drinks,112.98
2018-01,MG,electronics,1776.75
2018-01,MG,fashion_bags_accessories,1259.37
2018-01,MG,fashion_male_clothing,239.8
2018-01,MG,fashion_shoes,114.8
2018-01,MG,fashion_underwear_beach,214.9
2018-01,MG,flowers,33.2
2018-01,MG,food_drink,10.9
2018-01,MG,furniture_decor,6785.95
2018-01,MG,furniture_living_room,159.8
2018-01,MG,furniture_mattress_and_upholstery,75.0
2018-01,MG,garden_tools,4396.14
2018-01,MG,health_beauty,7688.54
2018-01,MG,home_appliances,557.84
2018-01,MG,home_appliances_2,731.5
2018-01,MG,home_confort,885.9
2018-01,MG,home_construction,440.7
2018-01,MG,housewares,6068.12
2018-01,MG,industry_commerce_and_business,187.9
2018-01,MG,kitchen_dining_laundry_garden_furniture,238.9
2018-01,MG,luggage_accessories,3976.86
2018-01,MG,market_place,84.85
2018-01,MG,musical_instruments,1826.9
2018-01,MG,office_furniture,2133.92
2018-01,MG,perfumery,3009.31
2018-01,MG,pet_shop,1762.95
2018-01,MG,small_appliances,2159.0
2018-01,MG,sports_leisure,11496.37
2018-01,MG,stationery,4942.97
2018-01,MG,telephony,2017.08
2018-01,MG,toys,1032.48
2018-01,MG,unknown,1976.37
2018-01,MG,watches_gifts,6484.12
2018-01,MS,art,129.99
2018-01,MS,baby,315.7
2018-01,MS,bed_bath_table,239.75
2018-01,MS,computers,599.0
2018-01,MS,computers_accessories,408.09
2018-01,MS,cool_stuff,939.99
2018-01,MS,drinks,94.98
2018-01,MS,electronics,169.7
2018-01,MS,fashion_bags_accessories,59.2
2018-01,MS,flowers,31.2
2018-01,MS,furniture_decor,478.9
2018-01,MS,garden_tools,325.89
2018-01,MS,health_beauty,1064.8
2018-01,MS,home_appliances,14.0
2018-01,MS,home_appliances_2,79.8
2018-01,MS,housewares,204.0
2018-01,MS,luggage_accessories,378.98
2018-01,MS,market_place,28.99
2018-01,MS,musical_instruments,169.9
2018-01,MS,perfumery,159.85
2018-01,MS,pet_shop,75.99
2018-01,MS,small_appliances,59.42
2018-01,MS,sports_leisure,2409.28
2018-01,MS,stationery,638.4
2018-01,MS,telephony,168.99
2018-01,MS,toys,520.68
2018-01,MS,unknown,136.29
2018-01,MS,watches_gifts,199.0
2018-01,MT,air_conditioning,71.8
2018-01,MT,auto,683.89
2018-01,MT,baby,409.88
2018-01,MT,bed_bath_table,858.0
2018-01,MT,computers_accessories,88.98
2018-01,MT,consoles_games,32.5
2018-01,MT,construction_tools_construction,1299.0
2018-01,MT,cool_stuff,325.98
2018-01,MT,electronics,41.8
2018-01,MT,fashion_male_clothing,147.5
2018-01,MT,furniture_decor,478.4
2018-01,MT,garden_tools,269.7
2018-01,MT,health_beauty,1414.73
2018-01,MT,housewares,356.99
2018-01,MT,market_place,79.9
2018-01,MT,office_furniture,192.99
2018-01,MT,perfumery,255.98
2018-01,MT,pet_shop,179.17
2018-01,MT,small_appliances,386.0
2018-01,MT,sports_leisure,1113.59
2018-01,MT,stationery,925.8
2018-01,MT,telephony,337.06
2018-01,MT,toys,69.99
2018-01,MT,unknown,180.07
2018-01,MT,watches_gifts,336.0
2018-01,PA,agro_industry_and_commerce,410.0
2018-01,PA,auto,1280.11
2018-01,PA,baby,923.36
2018-01,PA,bed_bath_table,435.6
2018-01,PA,computers,1389.0
2018-01,PA,computers_accessories,1792.67
2018-01,PA,cool_stuff,72.99
2018-01,PA,costruction_tools_tools,27.0
2018-01,PA,electronics,719.95
2018-01,PA,fashion_bags_accessories,34.9
2018-01,PA,fashion_underwear_beach,59.9
2018-01,PA,furniture_decor,667.79
2018-01,PA,garden_tools,49.9
2018-01,PA,health_beauty,464.65
2018-01,PA,housewares,371.2
2018-01,PA,musical_instruments,59.0
2018-01,PA,office_furniture,159.94
2018-01,PA,perfumery,407.86
2018-01,PA,pet_shop,159.9
2018-01,PA,small_appliances,193.0
2018-01,PA,sports_leisure,1777.7
2018-01,PA,stationery,298.9
2018-01,PA,telephony,194.95
2018-01,PA,unknown,530.6
2018-01,PA,watches_gifts,1507.0
2018-01,PB,baby,47.5
2018-01,PB,computers_accessories,391.7
2018-01,PB,cool_stuff,475.6
2018-01,PB,electronics,1868.9
2018-01,PB,fixed_telephony,1380.0
2018-01,PB,furniture_decor,249.9
2018-01,PB,garden_tools,49.9
2018-01,PB,health_beauty,792.88
2018-01,PB,luggage_accessories,54.9
2018-01,PB,pet_shop,129.99
2018-01,PB,sports_leisure,408.6
2018-01,PB,stationery,536.8
2018-01,PB,telephony,130.96
2018-01,PB,toys,89.9
2018-01,PB,unknown,192.76
2018-01,PE,agro_industry_and_commerce,934.94
2018-01,PE,auto,460.9
2018-01,PE,baby,623.88
2018-01,PE,bed_bath_table,212.15
2018-01,PE,books_technical,65.0
2018-01,PE,computers_accessories,1733.7
2018-01,PE,cool_stuff,395.49
2018-01,PE,electronics,35.55
2018-01,PE,fashion_bags_accessories,88.79
2018-01,PE,flowers,109.8
2018-01,PE,food,27.9
2018-01,PE,food_drink,25.99
2018-01,PE,furniture_decor,778.6
2018-01,PE,garden_tools,138.79
2018-01,PE,health_beauty,2774.0
2018-01,PE,housewares,442.96
2018-01,PE,luggage_accessories,99.9
2018-01,PE,musical_instruments,79.9
2018-01,PE,office_furniture,253.59
2018-01,PE,pet_shop,25.78
2018-01,PE,sports_leisure,1921.8
2018-01,PE,stationery,520.28
2018-01,PE,telephony,985.21
2018-01,PE,toys,99.99
2018-01,PE,unknown,667.74
2018-01,PE,watches_gifts,440.0
2018-01,PI,audio,19.9
2018-01,PI,auto,462.39
2018-01,PI,baby,73.5
2018-01,PI,bed_bath_table,414.89
2018-01,PI,computers_accessories,954.7
2018-01,PI,consoles_games,24.9
2018-01,PI,costruction_tools_garden,104.4
2018-01,PI,electronics,32.55
2018-01,PI,furniture_decor,250.0
2018-01,PI,health_beauty,409.89
2018-01,PI,home_confort,408.99
2018-01,PI,home_construction,54.7
2018-01,PI,industry_commerce_and_business,126.3
2018-01,PI,office_furniture,192.99
2018-01,PI,perfumery,13.99
2018-01,PI,pet_shop,15.0
2018-01,PI,sports_leisure,2287.0
2018-01,PI,stationery,337.0
2018-01,PI,telephony,57.89
2018-01,PI,unknown,57.2
2018-01,PI,watches_gifts,425.99
2018-01,PR,agro_industry_and_commerce,431.5
2018-01,PR,air_conditioning,567.59
2018-01,PR,art,139.99
2018-01,PR,audio,178.0
2018-01,PR,auto,1252.16
2018-01,PR,baby,2109.16
2018-01,PR,bed_bath_table,2836.82
2018-01,PR,books_general_interest,188.9
2018-01,PR,computers_accessories,3087.58
2018-01,PR,consoles_games,479.3
2018-01,PR,construction_tools_construction,577.37
2018-01,PR,cool_stuff,2555.78
2018-01,PR,costruction_tools_garden,396.0
2018-01,PR,drinks,104.98
2018-01,PR,electronics,702.98
2018-01,PR,fashion_bags_accessories,289.69
2018-01,PR,fashion_shoes,56.8
2018-01,PR,food_drink,35.99
2018-01,PR,furniture_decor,2761.26
2018-01,PR,furniture_living_room,59.99
2018-01,PR,garden_tools,1314.58
2018-01,PR,health_beauty,3725.4
2018-01,PR,home_appliances,165.0
2018-01,PR,home_appliances_2,1054.0
2018-01,PR,home_confort,199.0
2018-01,PR,home_construction,132.4
2018-01,PR,housewares,2346.37
2018-01,PR,luggage_accessories,567.79
2018-01,PR,musical_instruments,72.9
2018-01,PR,office_furniture,1239.39
2018-01,PR,perfumery,509.35
2018-01,PR,pet_shop,115.0
2018-01,PR,signaling_and_security,100.0
2018-01,PR,small_appliances,297.9
2018-01,PR,sports_leisure,3492.07
2018-01,PR,stationery,2240.2
2018-01,PR,telephony,833.79
2018-01,PR,toys,1239.73
2018-01,PR,unknown,887.9
2018-01,PR,watches_gifts,4653.99
2018-01,RJ,agro_industry_and_commerce,320.0
2018-01,RJ,air_conditioning,2572.08
2018-01,RJ,art,596.98
2018-01,RJ,audio,629.9
2018-01,RJ,auto,1803.47
2018-01,RJ,baby,3782.67
2018-01,RJ,bed_bath_table,10854.12
2018-01,RJ,books_general_interest,317.55
2018-01,RJ,books_imported,82.0
2018-01,RJ,books_technical,50.9
2018-01,RJ,computers,1198.0
2018-01,RJ,computers_accessories,10975.13
2018-01,RJ,consoles_games,994.88
2018-01,RJ,construction_tools_construction,2282.89
2018-01,RJ,cool_stuff,6693.3
2018-01,RJ,costruction_tools_garden,2109.89
2018-01,RJ,costruction_tools_tools,189.9
2018-01,RJ,drinks,560.43
2018-01,RJ,electronics,2476.89
2018-01,RJ,fashion_bags_accessories,1161.0
2018-01,RJ,fixed_telephony,15.3
2018-01,RJ,flowers,44.4
2018-01,RJ,food,98.75
2018-01,RJ,food_drink,66.31
2018-01,RJ,furniture_decor,6289.46
2018-01,RJ,furniture_living_room,639.82
2018-01,RJ,garden_tools,3548.27
2018-01,RJ,health_beauty,6362.36
2018-01,RJ,home_appliances,233.94
2018-01,RJ,home_appliances_2,2110.0
2018-01,RJ,home_construction,79.8
2018-01,RJ,housewares,4817.45
2018-01,RJ,industry_commerce_and_business,104.0
2018-01,RJ,kitchen_dining_laundry_garden_furniture,337.9
2018-01,RJ,luggage_accessories,1654.07
2018-01,RJ,music,24.97
2018-01,RJ,musical_instruments,599.9
2018-01,RJ,office_furniture,3611.36
2018-01,RJ,party_supplies,67.9
2018-01,RJ,perfumery,2594.23
2018-01,RJ,pet_shop,843.7
2018-01,RJ,small_appliances,3191.79
2018-01,RJ,sports_leisure,10027.15
2018-01,RJ,stationery,4713.5
2018-01,RJ,telephony,1091.49
2018-01,RJ,toys,2743.53
2018-01,RJ,unknown,1379.71
2018-01,RJ,watches_gifts,10325.01
2018-01,RN,audio,189.0
2018-01,RN,baby,124.99
2018-01,RN,bed_bath_table,813.87
2018-01,RN,books_general_interest,408.0
2018-01,RN,computers_accessories,473.79
2018-01,RN,construction_tools_construction,638.9
2018-01,RN,cool_stuff,384.9
2018-01,RN,electronics,19.9
2018-01,RN,food_drink,40.8
2018-01,RN,furniture_decor,249.63
2018-01,RN,garden_tools,49.9
2018-01,RN,health_beauty,764.0
2018-01,RN,perfumery,469.79
2018-01,RN,sports_leisure,180.49
2018-01,RN,stationery,188.0
2018-01,RN,toys,259.9
2018-01,RN,watches_gifts,271.99
2018-01,RO,auto,89.9
2018-01,RO,bed_bath_table,86.9
2018-01,RO,christmas_supplies,69.9
2018-01,RO,computers_accessories,275.0
2018-01,RO,cool_stuff,599.96
2018-01,RO,electronics,13.65
2018-01,RO,furniture_decor,149.0
2018-01,RO,health_beauty,121.0
2018-01,RO,industry_commerce_and_business,79.9
2018-01,RO,office_furniture,549.97
2018-01,RO,small_appliances,99.9
2018-01,RO,sports_leisure,53.9
2018-01,RO,stationery,64.9
2018-01,RO,telephony,32.88
2018-01,RR,sports_leisure,129.0
2018-01,RS,agro_industry_and_commerce,228.0
2018-01,RS,art,70.0
2018-01,RS,auto,1393.6
2018-01,RS,baby,1737.19
2018-01,RS,bed_bath_table,4084.96
2018-01,RS,books_general_interest,237.9
2018-01,RS,christmas_supplies,269.9
2018-01,RS,computers,599.0
2018-01,RS,computers_accessories,2986.85
2018-01,RS,consoles_games,403.99
2018-01,RS,construction_tools_construction,278.0
2018-01,RS,construction_tools_safety,209.26
2018-01,RS,cool_stuff,2352.23
2018-01,RS,costruction_tools_garden,50.5
2018-01,RS,costruction_tools_tools,59.8
2018-01,RS,drinks,94.98
2018-01,RS,electronics,716.3
2018-01,RS,fashion_bags_accessories,219.79
2018-01,RS,fashion_male_clothing,43.5
2018-01,RS,fixed_telephony,79.0
2018-01,RS,flowers,22.8
2018-01,RS,furniture_bedroom,185.0
2018-01,RS,furniture_decor,3086.07
2018-01,RS,garden_tools,2783.9
2018-01,RS,health_beauty,3375.53
2018-01,RS,home_appliances,51.45
2018-01,RS,home_confort,246.89
2018-01,RS,home_construction,696.25
2018-01,RS,housewares,1224.49
2018-01,RS,industry_commerce_and_business,104.0
2018-01,RS,kitchen_dining_laundry_garden_furniture,897.0
2018-01,RS,luggage_accessories,936.78
2018-01,RS,musical_instruments,2107.0
2018-01,RS,office_furniture,1006.84
2018-01,RS,party_supplies,67.9
2018-01,RS,perfumery,2175.67
2018-01,RS,pet_shop,278.8
2018-01,RS,small_appliances,478.0
2018-01,RS,sports_leisure,3218.0
2018-01,RS,stationery,2411.36
2018-01,RS,telephony,443.48
2018-01,RS,toys,853.69
2018-01,RS,unknown,778.24
2018-01,RS,watches_gifts,2670.4
2018-01,SC,audio,68.99
2018-01,SC,auto,1122.26
2018-01,SC,baby,1388.53
2018-01,SC,bed_bath_table,2852.67
2018-01,SC,christmas_supplies,85.2
2018-01,SC,computers_accessories,3508.81
2018-01,SC,consoles_games,219.9
2018-01,SC,construction_tools_safety,230.0
2018-01,SC,cool_stuff,1475.97
2018-01,SC,costruction_tools_garden,84.0
2018-01,SC,drinks,57.49
2018-01,SC,dvds_blu_ray,24.9
2018-01,SC,electronics,373.89
2018-01,SC,fashion_bags_accessories,549.98
2018-01,SC,fashion_shoes,254.7
2018-01,SC,fashion_sport,59.9
2018-01,SC,food,76.46
2018-01,SC,furniture_decor,2526.98
2018-01,SC,furniture_living_room,59.99
2018-01,SC,furniture_mattress_and_upholstery,75.0
2018-01,SC,garden_tools,1594.89
2018-01,SC,health_beauty,2608.47
2018-01,SC,home_appliances,14.0
2018-01,SC,home_confort,28.9
2018-01,SC,home_construction,176.8
2018-01,SC,housewares,2072.06
2018-01,SC,industry_commerce_and_business,110.0
2018-01,SC,kitchen_dining_laundry_garden_furniture,198.9
2018-01,SC,luggage_accessories,338.8
2018-01,SC,musical_instruments,759.0
2018-01,SC,office_furniture,1052.82
2018-01,SC,perfumery,851.76
2018-01,SC,pet_shop,704.89
2018-01,SC,small_appliances,193.0
2018-01,SC,sports_leisure,3753.23
2018-01,SC,stationery,1236.16
2018-01,SC,telephony,470.08
2018-01,SC,toys,2054.79
2018-01,SC,unknown,1404.52
2018-01,SC,watches_gifts,2473.94
2018-01,SE,auto,167.58
2018-01,SE,bed_bath_table,124.9
2018-01,SE,computers_accessories,433.67
2018-01,SE,cool_stuff,768.99
2018-01,SE,electronics,189.9
2018-01,SE,garden_tools,99.8
2018-01,SE,health_beauty,819.89
2018-01,SE,luggage_accessories,52.9
2018-01,SE,perfumery,50.0
2018-01,SE,sports_leisure,152.8
2018-01,SE,telephony,69.98
2018-01,SE,unknown,47.9
2018-01,SE,watches_gifts,59.99
2018-01,SP,agro_industry_and_commerce,3117.0
2018-01,SP,air_conditioning,1264.27
2018-01,SP,art,1603.81
2018-01,SP,audio,2082.39
2018-01,SP,auto,15477.44
2018-01,SP,baby,11742.01
2018-01,SP,bed_bath_table,35829.58
2018-01,SP,books_general_interest,345.45
2018-01,SP,books_imported,436.0
2018-01,SP,books_technical,399.7
2018-01,SP,christmas_supplies,69.9
2018-01,SP,cine_photo,199.98
2018-01,SP,computers,1198.0
2018-01,SP,computers_accessories,33418.76
2018-01,SP,consoles_games,2124.18
2018-01,SP,construction_tools_construction,3345.98
2018-01,SP,construction_tools_lights,2392.99
2018-01,SP,construction_tools_safety,690.83
2018-01,SP,cool_stuff,13654.34
2018-01,SP,costruction_tools_garden,801.59
2018-01,SP,diapers_and_hygiene,125.0
2018-01,SP,drinks,892.7
2018-01,SP,dvds_blu_ray,24.9
2018-01,SP,electronics,4517.2
2018-01,SP,fashio_female_clothing,161.79
2018-01,SP,fashion_bags_accessories,2535.82
2018-01,SP,fashion_male_clothing,59.9
2018-01,SP,fashion_shoes,56.8
2018-01,SP,fashion_sport,59.9
2018-01,SP,fashion_underwear_beach,324.7
2018-01,SP,fixed_telephony,922.91
2018-01,SP,flowers,43.2
2018-01,SP,food,506.65
2018-01,SP,food_drink,102.4
2018-01,SP,furniture_bedroom,729.8
2018-01,SP,furniture_decor,23418.24
2018-01,SP,furniture_living_room,1177.52
2018-01,SP,furniture_mattress_and_upholstery,710.5
2018-01,SP,garden_tools,6186.29
2018-01,SP,health_beauty,27908.08
2018-01,SP,home_appliances,641.33
2018-01,SP,home_appliances_2,3721.9
2018-01,SP,home_confort,914.58
2018-01,SP,home_construction,2012.4
2018-01,SP,housewares,15099.39
2018-01,SP,industry_commerce_and_business,1528.3
2018-01,SP,kitchen_dining_laundry_garden_furniture,3025.8
2018-01,SP,la_cuisine,112.0
2018-01,SP,luggage_accessories,8104.95
2018-01,SP,market_place,597.05
2018-01,SP,musical_instruments,6694.18
2018-01,SP,office_furniture,6425.56
2018-01,SP,perfumery,7529.08
2018-01,SP,pet_shop,4183.07
2018-01,SP,signaling_and_security,919.8
2018-01,SP,small_appliances,4154.71
2018-01,SP,small_appliances_home_oven_and_coffee,369.99
2018-01,SP,sports_leisure,30686.32
2018-01,SP,stationery,15248.36
2018-01,SP,tablets_printing_image,161.8
2018-01,SP,telephony,4996.64
2018-01,SP,toys,10211.56
2018-01,SP,unknown,9677.15
2018-01,SP,watches_gifts,30937.01
2018-01,TO,auto,145.99
2018-01,TO,baby,94.95
2018-01,TO,bed_bath_table,211.9
2018-01,TO,computers_accessories,155.79
2018-01,TO,health_beauty,222.79
2018-01,TO,housewares,439.0
2018-01,TO,pet_shop,99.9
2018-01,TO,sports_leisure,157.94
2018-01,TO,stationery,29.9
2018-01,TO,telephony,79.98
2018-01,TO,toys,29.9
2018-01,TO,watches_gifts,453.0
2018-02,AC,electronics,13.65
2018-02,AC,furniture_decor,79.0
2018-02,AC,housewares,109.18
2018-02,AL,auto,1348.99
2018-02,AL,baby,159.99
2018-02,AL,bed_bath_table,16.9
2018-02,AL,computers_accessories,512.59
2018-02,AL,consoles_games,1139.89
2018-02,AL,electronics,63.45
2018-02,AL,furniture_decor,54.9
2018-02,AL,garden_tools,179.0
2018-02,AL,health_beauty,220.68
2018-02,AL,housewares,81.9
2018-02,AL,luggage_accessories,139.0
2018-02,AL,sports_leisure,320.9
2018-02,AL,telephony,29.99
2018-02,AL,watches_gifts,324.89
2018-02,AM,baby,29.99
2018-02,AM,computers_accessories,1004.27
2018-02,AM,cool_stuff,209.99
2018-02,AM,drinks,47.49
2018-02,AM,home_appliances_2,540.0
2018-02,AM,telephony,57.98
2018-02,AM,watches_gifts,138.9
2018-02,AP,watches_gifts,1007.9
2018-02,BA,air_conditioning,189.9
2018-02,BA,art,110.99
2018-02,BA,auto,1202.03
2018-02,BA,baby,244.8
2018-02,BA,bed_bath_table,2199.16
2018-02,BA,books_technical,197.8
2018-02,BA,cine_photo,130.0
2018-02,BA,computers_accessories,2829.08
2018-02,BA,construction_tools_construction,49.0
2018-02,BA,construction_tools_lights,250.0
2018-02,BA,construction_tools_safety,1658.83
2018-02,BA,cool_stuff,954.75
2018-02,BA,costruction_tools_garden,139.9
2018-02,BA,electronics,319.99
2018-02,BA,fashion_bags_accessories,417.9
2018-02,BA,fashion_underwear_beach,59.9
2018-02,BA,fixed_telephony,3300.0
2018-02,BA,food,113.94
2018-02,BA,furniture_decor,1081.4
2018-02,BA,furniture_living_room,239.98
2018-02,BA,garden_tools,627.2
2018-02,BA,health_beauty,2205.36
2018-02,BA,home_appliances,287.4
2018-02,BA,home_construction,95.2
2018-02,BA,housewares,1254.45
2018-02,BA,luggage_accessories,389.78
2018-02,BA,musical_instruments,39.99
2018-02,BA,office_furniture,3772.83
2018-02,BA,perfumery,281.69
2018-02,BA,pet_shop,107.1
2018-02,BA,small_appliances,48.9
2018-02,BA,sports_leisure,2857.29
2018-02,BA,stationery,301.37
2018-02,BA,tablets_printing_image,109.8
2018-02,BA,telephony,373.63
2018-02,BA,toys,176.7
2018-02,BA,unknown,446.09
2018-02,BA,watches_gifts,2518.89
2018-02,CE,agro_industry_and_commerce,328.0
2018-02,CE,auto,669.8
2018-02,CE,baby,424.87
2018-02,CE,bed_bath_table,504.74
2018-02,CE,books_general_interest,84.9
2018-02,CE,christmas_supplies,79.9
2018-02,CE,computers_accessories,492.58
2018-02,CE,electronics,123.4
2018-02,CE,fashion_bags_accessories,339.8
2018-02,CE,furniture_decor,411.6
2018-02,CE,garden_tools,378.9
2018-02,CE,health_beauty,1699.41
2018-02,CE,housewares,204.8
2018-02,CE,office_furniture,159.94
2018-02,CE,perfumery,356.99
2018-02,CE,sports_leisure,408.59
2018-02,CE,telephony,217.73
2018-02,CE,toys,139.89
2018-02,CE,unknown,159.77
2018-02,CE,watches_gifts,2685.67
2018-02,DF,air_conditioning,199.0
2018-02,DF,auto,1698.75
2018-02,DF,baby,1021.76
2018-02,DF,bed_bath_table,1405.07
2018-02,DF,christmas_supplies,79.9
2018-02,DF,computers_accessories,3278.01
2018-02,DF,consoles_games,54.89
2018-02,DF,cool_stuff,228.69
2018-02,DF,drinks,94.98
2018-02,DF,electronics,109.23
2018-02,DF,fashion_bags_accessories,118.0
2018-02,DF,fashion_underwear_beach,59.9
2018-02,DF,food,47.89
2018-02,DF,furniture_decor,867.0
2018-02,DF,garden_tools,413.6
2018-02,DF,health_beauty,3047.77
2018-02,DF,home_construction,72.0
2018-02,DF,housewares,355.5
2018-02,DF,industry_commerce_and_business,748.0
2018-02,DF,luggage_accessories,147.79
2018-02,DF,perfumery,711.78
2018-02,DF,pet_shop,57.99
2018-02,DF,signaling_and_security,115.0
2018-02,DF,small_appliances_home_oven_and_coffee,750.0
2018-02,DF,sports_leisure,2805.52
2018-02,DF,stationery,269.8
2018-02,DF,telephony,268.98
2018-02,DF,toys,641.69
2018-02,DF,unknown,128.39
2018-02,DF,watches_gifts,1348.6
2018-02,ES,audio,208.9
2018-02,ES,auto,1048.59
2018-02,ES,baby,333.54
2018-02,ES,bed_bath_table,1640.97
2018-02,ES,books_technical,139.0
2018-02,ES,computers_accessories,2667.8
2018-02,ES,cool_stuff,555.75
2018-02,ES,drinks,47.49
2018-02,ES,electronics,113.79
2018-02,ES,fashion_bags_accessories,224.9
2018-02,ES,fashion_male_clothing,150.9
2018-02,ES,food,27.9
2018-02,ES,food_drink,39.9
2018-02,ES,furniture_decor,451.41
2018-02,ES,garden_tools,763.49
2018-02,ES,health_beauty,1159.47
2018-02,ES,home_construction,74.7
2018-02,ES,housewares,1380.97
2018-02,ES,market_place,160.0
2018-02,ES,perfumery,117.9
2018-02,ES,pet_shop,254.9
2018-02,ES,signaling_and_security,58.9
2018-02,ES,small_appliances,59.0
2018-02,ES,sports_leisure,2412.28
2018-02,ES,stationery,465.79
2018-02,ES,tablets_printing_image,52.0
2018-02,ES,telephony,349.8
2018-02,ES,toys,362.0
2018-02,ES,unknown,55.3
2018-02,ES,watches_gifts,1616.79
2018-02,GO,agro_industry_and_commerce,465.0
2018-02,GO,audio,590.0
2018-02,GO,auto,845.54
2018-02,GO,baby,700.0
2018-02,GO,bed_bath_table,2148.67
2018-02,GO,books_technical,41.65
2018-02,GO,christmas_supplies,79.9
2018-02,GO,computers_accessories,923.49
2018-02,GO,consoles_games,842.29
2018-02,GO,cool_stuff,486.96
2018-02,GO,costruction_tools_garden,33.0
2018-02,GO,electronics,283.64
2018-02,GO,fashion_bags_accessories,189.9
2018-02,GO,flowers,24.99
2018-02,GO,food,27.9
2018-02,GO,furniture_decor,330.68
2018-02,GO,garden_tools,1146.8
2018-02,GO,health_beauty,2839.92
2018-02,GO,home_appliances,60.0
2018-02,GO,home_comfort_2,25.8
2018-02,GO,home_confort,86.9
2018-02,GO,housewares,758.9
2018-02,GO,industry_commerce_and_business,116.0
2018-02,GO,market_place,180.0
2018-02,GO,office_furniture,223.88
2018-02,GO,perfumery,268.88
2018-02,GO,pet_shop,239.0
2018-02,GO,small_appliances,34.9
2018-02,GO,sports_leisure,903.49
2018-02,GO,stationery,49.9
2018-02,GO,telephony,310.76
2018-02,GO,toys,314.79
2018-02,GO,unknown,996.84
2018-02,GO,watches_gifts,1131.86
2018-02,MA,auto,648.59
2018-02,MA,baby,729.7
2018-02,MA,bed_bath_table,127.0
2018-02,MA,computers_accessories,1221.58
2018-02,MA,consoles_games,689.89
2018-02,MA,cool_stuff,893.98
2018-02,MA,electronics,119.05
2018-02,MA,fashion_bags_accessories,189.99
2018-02,MA,furniture_decor,319.8
2018-02,MA,furniture_living_room,1380.0
2018-02,MA,garden_tools,209.9
2018-02,MA,health_beauty,2109.99
2018-02,MA,housewares,49.7
2018-02,MA,sports_leisure,388.8
2018-02,MA,telephony,169.95
2018-02,MA,unknown,35.9
2018-02,MA,watches_gifts,593.99
2018-02,MG,agro_industry_and_commerce,501.5
2018-02,MG,air_conditioning,25.9
2018-02,MG,auto,7373.96
2018-02,MG,baby,3455.35
2018-02,MG,bed_bath_table,7747.74
2018-02,MG,books_general_interest,115.0
2018-02,MG,books_technical,154.97
2018-02,MG,computers_accessories,13144.84
2018-02,MG,consoles_games,139.98
2018-02,MG,construction_tools_construction,1569.9
2018-02,MG,construction_tools_safety,3318.8
2018-02,MG,cool_stuff,2960.1
2018-02,MG,costruction_tools_garden,285.87
2018-02,MG,costruction_tools_tools,59.8
2018-02,MG,drinks,19.49
2018-02,MG,electronics,2696.47
2018-02,MG,fashio_female_clothing,29.99
2018-02,MG,fashion_bags_accessories,2116.75
2018-02,MG,fashion_shoes,229.2
2018-02,MG,fashion_underwear_beach,49.9
2018-02,MG,fixed_telephony,290.0
2018-02,MG,food,78.31
2018-02,MG,furniture_decor,5692.03
2018-02,MG,furniture_living_room,329.9
2018-02,MG,garden_tools,4791.92
2018-02,MG,health_beauty,14725.07
2018-02,MG,home_appliances,423.11
2018-02,MG,home_appliances_2,204.0
2018-02,MG,home_comfort_2,12.9
2018-02,MG,home_confort,336.79
2018-02,MG,home_construction,544.04
2018-02,MG,housewares,4698.62
2018-02,MG,industry_commerce_and_business,427.9
2018-02,MG,kitchen_dining_laundry_garden_furniture,397.8
2018-02,MG,luggage_accessories,1508.56
2018-02,MG,music,24.97
2018-02,MG,musical_instruments,726.8
2018-02,MG,office_furniture,1359.82
2018-02,MG,perfumery,1513.96
2018-02,MG,pet_shop,1170.77
2018-02,MG,small_appliances,634.24
2018-02,MG,sports_leisure,8465.24
2018-02,MG,stationery,1403.32
2018-02,MG,tablets_printing_image,52.0
2018-02,MG,telephony,1145.79
2018-02,MG,toys,1211.81
2018-02,MG,unknown,2023.1
2018-02,MG,watches_gifts,6557.95
2018-02,MS,agro_industry_and_commerce,412.0
2018-02,MS,auto,255.2
2018-02,MS,baby,129.88
2018-02,MS,bed_bath_table,235.88
2018-02,MS,computers_accessories,557.89
2018-02,MS,construction_tools_construction,1191.1
2018-02,MS,drinks,47.49
2018-02,MS,electronics,67.6
2018-02,MS,fashion_bags_accessories,37.9
2018-02,MS,furniture_bedroom,179.0
2018-02,MS,furniture_decor,905.0
2018-02,MS,furniture_living_room,139.9
2018-02,MS,health_beauty,163.59
2018-02,MS,housewares,966.8
2018-02,MS,luggage_accessories,299.9
2018-02,MS,musical_instruments,226.8
2018-02,MS,perfumery,56.99
2018-02,MS,pet_shop,360.8
2018-02,MS,small_appliances,98.0
2018-02,MS,sports_leisure,936.79
2018-02,MS,stationery,62.0
2018-02,MS,telephony,509.99
2018-02,MS,toys,60.9
2018-02,MS,unknown,122.99
2018-02,MS,watches_gifts,568.8
2018-02,MT,agro_industry_and_commerce,410.0
2018-02,MT,audio,175.0
2018-02,MT,auto,1284.64
2018-02,MT,baby,264.9
2018-02,MT,bed_bath_table,532.6
2018-02,MT,computers_accessories,500.12
2018-02,MT,cool_stuff,672.98
2018-02,MT,electronics,149.08
2018-02,MT,fashion_bags_accessories,78.8
2018-02,MT,food,41.49
2018-02,MT,furniture_decor,189.88
2018-02,MT,furniture_living_room,319.89
2018-02,MT,garden_tools,49.9
2018-02,MT,health_beauty,1205.0
2018-02,MT,home_appliances,367.0
2018-02,MT,housewares,337.69
2018-02,MT,office_furniture,233.59
2018-02,MT,perfumery,79.99
2018-02,MT,sports_leisure,882.3
2018-02,MT,telephony,101.96
2018-02,MT,toys,49.9
2018-02,MT,unknown,245.98
2018-02,PA,auto,924.9
2018-02,PA,baby,588.2
2018-02,PA,bed_bath_table,43.98
2018-02,PA,christmas_supplies,701.4
2018-02,PA,consoles_games,801.39
2018-02,PA,cool_stuff,409.88
2018-02,PA,electronics,13.3
2018-02,PA,fashion_bags_accessories,139.79
2018-02,PA,fashion_shoes,199.7
2018-02,PA,furniture_decor,1080.9
2018-02,PA,garden_tools,299.9
2018-02,PA,health_beauty,954.85
2018-02,PA,home_appliances,26.15
2018-02,PA,housewares,81.0
2018-02,PA,perfumery,446.79
2018-02,PA,pet_shop,95.0
2018-02,PA,sports_leisure,423.36
2018-02,PA,tablets_printing_image,109.8
2018-02,PA,telephony,112.96
2018-02,PA,toys,87.49
2018-02,PA,unknown,245.98
2018-02,PA,watches_gifts,1134.99
2018-02,PB,art,110.99
2018-02,PB,auto,90.0
2018-02,PB,bed_bath_table,254.4
2018-02,PB,computers_accessories,263.86
2018-02,PB,consoles_games,399.89
2018-02,PB,cool_stuff,178.7
2018-02,PB,costruction_tools_tools,309.0
2018-02,PB,electronics,13.65
2018-02,PB,fixed_telephony,16.99
2018-02,PB,furniture_decor,99.9
2018-02,PB,garden_tools,144.7
2018-02,PB,health_beauty,364.4
2018-02,PB,home_construction,39.0
2018-02,PB,housewares,54.9
2018-02,PB,luggage_accessories,299.9
2018-02,PB,office_furniture,512.95
2018-02,PB,perfumery,233.91
2018-02,PB,pet_shop,26.9
2018-02,PB,sports_leisure,344.8
2018-02,PB,stationery,173.0
2018-02,PB,telephony,84.97
2018-02,PB,watches_gifts,733.99
2018-02,PE,agro_industry_and_commerce,412.0
2018-02,PE,art,110.99
2018-02,PE,auto,1196.9
2018-02,PE,baby,358.4
2018-02,PE,bed_bath_table,736.6
2018-02,PE,books_general_interest,44.9
2018-02,PE,christmas_supplies,141.95
2018-02,PE,computers_accessories,919.49
2018-02,PE,construction_tools_construction,189.0
2018-02,PE,cool_stuff,1648.95
2018-02,PE,electronics,207.89
2018-02,PE,fashion_bags_accessories,30.0
2018-02,PE,fashion_shoes,242.8
2018-02,PE,furniture_decor,520.15
2018-02,PE,garden_tools,170.6
2018-02,PE,health_beauty,4446.86
2018-02,PE,home_confort,86.9
2018-02,PE,housewares,58.9
2018-02,PE,kitchen_dining_laundry_garden_furniture,44.88
2018-02,PE,musical_instruments,219.9
2018-02,PE,office_furniture,94.9
2018-02,PE,perfumery,442.3
2018-02,PE,small_appliances,219.9
2018-02,PE,sports_leisure,860.49
2018-02,PE,stationery,314.68
2018-02,PE,telephony,796.95
2018-02,PE,unknown,368.97
2018-02,PE,watches_gifts,1767.78
2018-02,PI,art,221.98
2018-02,PI,bed_bath_table,269.98
2018-02,PI,books_technical,30.0
2018-02,PI,construction_tools_lights,297.0
2018-02,PI,electronics,68.45
2018-02,PI,furniture_decor,97.98
2018-02,PI,garden_tools,259.9
2018-02,PI,health_beauty,1074.68
2018-02,PI,housewares,329.5
2018-02,PI,luggage_accessories,249.89
2018-02,PI,perfumery,13.99
2018-02,PI,sports_leisure,392.6
2018-02,PI,telephony,50.98
2018-02,PI,toys,174.9
2018-02,PI,watches_gifts,678.99
2018-02,PR,agro_industry_and_commerce,412.0
2018-02,PR,art,48.9
2018-02,PR,audio,175.0
2018-02,PR,auto,2325.62
2018-02,PR,baby,2781.49
2018-02,PR,bed_bath_table,2349.19
2018-02,PR,books_general_interest,30.0
2018-02,PR,books_technical,24.9
2018-02,PR,christmas_supplies,14.4
2018-02,PR,computers_accessories,6255.42
2018-02,PR,consoles_games,159.9
2018-02,PR,construction_tools_construction,463.9
2018-02,PR,construction_tools_safety,198.0
2018-02,PR,cool_stuff,1247.85
2018-02,PR,costruction_tools_tools,89.7
2018-02,PR,drinks,47.49
2018-02,PR,electronics,715.17
2018-02,PR,fashion_bags_accessories,453.58
2018-02,PR,food,27.9
2018-02,PR,food_drink,100.8
2018-02,PR,furniture_decor,2291.13
2018-02,PR,garden_tools,850.89
2018-02,PR,health_beauty,3260.57
2018-02,PR,home_appliances_2,1781.99
2018-02,PR,housewares,1759.61
2018-02,PR,industry_commerce_and_business,213.0
2018-02,PR,luggage_accessories,366.6
2018-02,PR,market_place,445.53
2018-02,PR,musical_instruments,602.9
2018-02,PR,office_furniture,888.48
2018-02,PR,perfumery,2028.14
2018-02,PR,pet_shop,709.6
2018-02,PR,small_appliances,1948.05
2018-02,PR,small_appliances_home_oven_and_coffee,750.0
2018-02,PR,sports_leisure,3027.38
2018-02,PR,stationery,269.69
2018-02,PR,telephony,792.94
2018-02,PR,toys,417.14
2018-02,PR,unknown,1137.47
2018-02,PR,watches_gifts,3289.79
2018-02,RJ,agro_industry_and_commerce,1842.5
2018-02,RJ,air_conditioning,278.99
2018-02,RJ,art,230.99
2018-02,RJ,audio,948.99
2018-02,RJ,auto,2631.98
2018-02,RJ,baby,1717.57
2018-02,RJ,bed_bath_table,7239.97
2018-02,RJ,books_general_interest,342.5
2018-02,RJ,christmas_supplies,102.8
2018-02,RJ,computers_accessories,14250.32
2018-02,RJ,consoles_games,1475.68
2018-02,RJ,construction_tools_construction,1631.0
2018-02,RJ,construction_tools_lights,145.9
2018-02,RJ,cool_stuff,2598.41
2018-02,RJ,costruction_tools_garden,198.0
2018-02,RJ,drinks,139.98
2018-02,RJ,dvds_blu_ray,24.9
2018-02,RJ,electronics,3886.65
2018-02,RJ,fashion_bags_accessories,1934.27
2018-02,RJ,fashion_male_clothing,49.99
2018-02,RJ,fashion_shoes,214.7
2018-02,RJ,fashion_underwear_beach,49.9
2018-02,RJ,fixed_telephony,99.9
2018-02,RJ,food,282.67
2018-02,RJ,food_drink,108.0
2018-02,RJ,furniture_decor,5219.26
2018-02,RJ,furniture_living_room,1160.84
2018-02,RJ,furniture_mattress_and_upholstery,75.0
2018-02,RJ,garden_tools,4398.5
2018-02,RJ,health_beauty,10257.03
2018-02,RJ,home_appliances,407.7
2018-02,RJ,home_appliances_2,796.99
2018-02,RJ,home_confort,485.7
2018-02,RJ,home_construction,1683.47
2018-02,RJ,housewares,4739.18
2018-02,RJ,industry_commerce_and_business,845.8
2018-02,RJ,kitchen_dining_laundry_garden_furniture,379.0
2018-02,RJ,luggage_accessories,1094.78
2018-02,RJ,market_place,103.89
2018-02,RJ,musical_instruments,2463.2
2018-02,RJ,office_furniture,3181.83
2018-02,RJ,pc_gamer,129.99
2018-02,RJ,perfumery,1717.67
2018-02,RJ,pet_shop,530.0
2018-02,RJ,small_appliances,128.8
2018-02,RJ,sports_leisure,9029.78
2018-02,RJ,stationery,1538.06
2018-02,RJ,telephony,2222.98
2018-02,RJ,toys,2883.92
2018-02,RJ,unknown,1257.2
2018-02,RJ,watches_gifts,11360.84
2018-02,RN,bed_bath_table,22.9
2018-02,RN,computers_accessories,198.98
2018-02,RN,construction_tools_construction,139.97
2018-02,RN,cool_stuff,498.99
2018-02,RN,electronics,51.8
2018-02,RN,furniture_bedroom,252.0
2018-02,RN,health_beauty,201.34
2018-02,RN,home_appliances_2,750.0
2018-02,RN,housewares,13.32
2018-02,RN,perfumery,79.99
2018-02,RN,sports_leisure,120.0
2018-02,RN,unknown,122.99
2018-02,RN,watches_gifts,752.59
2018-02,RO,baby,110.0
2018-02,RO,bed_bath_table,259.9
2018-02,RO,electronics,19.9
2018-02,RO,fashion_bags_accessories,79.9
2018-02,RO,garden_tools,99.9
2018-02,RO,health_beauty,372.9
2018-02,RO,sports_leisure,239.0
2018-02,RO,stationery,116.0
2018-02,RO,telephony,27.99
2018-02,RO,toys,54.99
2018-02,RO,watches_gifts,198.9
2018-02,RR,bed_bath_table,69.9
2018-02,RR,garden_tools,30.1
2018-02,RR,telephony,29.99
2018-02,RS,auto,2949.27
2018-02,RS,baby,1049.49
2018-02,RS,bed_bath_table,3042.95
2018-02,RS,books_general_interest,183.95
2018-02,RS,cine_photo,97.99
2018-02,RS,computers_accessories,5745.0
2018-02,RS,consoles_games,44.9
2018-02,RS,construction_tools_construction,552.8
2018-02,RS,construction_tools_lights,249.95
2018-02,RS,cool_stuff,1559.84
2018-02,RS,costruction_tools_tools,618.0
2018-02,RS,drinks,47.49
2018-02,RS,electronics,443.04
2018-02,RS,fashion_bags_accessories,47.2
2018-02,RS,food,87.8
2018-02,RS,furniture_decor,3137.47
2018-02,RS,garden_tools,3276.6
2018-02,RS,health_beauty,3613.5
2018-02,RS,home_appliances,213.99
2018-02,RS,home_appliances_2,1561.0
2018-02,RS,home_confort,219.0
2018-02,RS,home_construction,1263.19
2018-02,RS,housewares,1093.11
2018-02,RS,industry_commerce_and_business,362.0
2018-02,RS,luggage_accessories,317.9
2018-02,RS,market_place,92.93
2018-02,RS,musical_instruments,389.8
2018-02,RS,office_furniture,1134.63
2018-02,RS,perfumery,1665.03
2018-02,RS,pet_shop,412.25
2018-02,RS,signaling_and_security,88.99
2018-02,RS,small_appliances,109.9
2018-02,RS,sports_leisure,5487.34
2018-02,RS,stationery,1248.25
2018-02,RS,telephony,823.96
2018-02,RS,toys,858.48
2018-02,RS,unknown,977.43
2018-02,RS,watches_gifts,1293.59
2018-02,SC,auto,1843.44
2018-02,SC,baby,1470.2
2018-02,SC,bed_bath_table,2407.25
2018-02,SC,books_general_interest,362.85
2018-02,SC,books_technical,412.69
2018-02,SC,christmas_supplies,364.9
2018-02,SC,computers_accessories,4381.09
2018-02,SC,consoles_games,99.9
2018-02,SC,construction_tools_construction,249.9
2018-02,SC,cool_stuff,1167.96
2018-02,SC,costruction_tools_tools,29.9
2018-02,SC,drinks,47.49
2018-02,SC,electronics,367.75
2018-02,SC,fashion_bags_accessories,668.09
2018-02,SC,fashion_underwear_beach,129.8
2018-02,SC,food,174.8
2018-02,SC,furniture_decor,1279.52
2018-02,SC,furniture_living_room,460.0
2018-02,SC,furniture_mattress_and_upholstery,44.7
2018-02,SC,garden_tools,1567.09
2018-02,SC,health_beauty,2570.63
2018-02,SC,home_appliances,329.9
2018-02,SC,home_appliances_2,209.99
2018-02,SC,housewares,1029.45
2018-02,SC,luggage_accessories,308.99
2018-02,SC,market_place,199.8
2018-02,SC,musical_instruments,199.0
2018-02,SC,office_furniture,159.98
2018-02,SC,perfumery,622.4
2018-02,SC,pet_shop,502.59
2018-02,SC,signaling_and_security,64.0
2018-02,SC,small_appliances,49.0
2018-02,SC,sports_leisure,3282.39
2018-02,SC,stationery,377.4
2018-02,SC,telephony,600.52
2018-02,SC,toys,279.9
2018-02,SC,unknown,614.95
2018-02,SC,watches_gifts,2956.04
2018-02,SE,computers_accessories,895.31
2018-02,SE,consoles_games,1314.99
2018-02,SE,electronics,211.3
2018-02,SE,garden_tools,265.52
2018-02,SE,health_beauty,385.89
2018-02,SE,musical_instruments,1155.0
2018-02,SE,perfumery,199.0
2018-02,SE,telephony,59.9
2018-02,SP,agro_industry_and_commerce,2602.3
2018-02,SP,air_conditioning,1933.1
2018-02,SP,art,381.87
2018-02,SP,audio,730.6
2018-02,SP,auto,12710.31
2018-02,SP,baby,9748.25
2018-02,SP,bed_bath_table,27110.54
2018-02,SP,books_general_interest,722.55
2018-02,SP,books_imported,325.0
2018-02,SP,books_technical,354.2
2018-02,SP,christmas_supplies,494.5
2018-02,SP,computers_accessories,39849.49
2018-02,SP,consoles_games,4521.24
2018-02,SP,construction_tools_construction,2954.5
2018-02,SP,construction_tools_lights,667.95
2018-02,SP,construction_tools_safety,790.12
2018-02,SP,cool_stuff,13353.48
2018-02,SP,costruction_tools_garden,881.48
2018-02,SP,costruction_tools_tools,211.8
2018-02,SP,diapers_and_hygiene,100.0
2018-02,SP,drinks,1380.56
2018-02,SP,electronics,4706.45
2018-02,SP,fashion_bags_accessories,2719.86
2018-02,SP,fashion_male_clothing,187.2
2018-02,SP,fashion_shoes,147.3
2018-02,SP,fashion_underwear_beach,49.9
2018-02,SP,fixed_telephony,1031.79
2018-02,SP,flowers,109.49
2018-02,SP,food,872.92
2018-02,SP,food_drink,769.6
2018-02,SP,furniture_bedroom,464.8
2018-02,SP,furniture_decor,13854.95
2018-02,SP,furniture_living_room,372.27
2018-02,SP,furniture_mattress_and_upholstery,225.0
2018-02,SP,garden_tools,6432.82
2018-02,SP,health_beauty,27510.65
2018-02,SP,home_appliances,3427.2
2018-02,SP,home_appliances_2,3154.86
2018-02,SP,home_confort,1797.47
2018-02,SP,home_construction,1454.3
2018-02,SP,housewares,15519.99
2018-02,SP,industry_commerce_and_business,2022.89
2018-02,SP,kitchen_dining_laundry_garden_furniture,3799.48
2018-02,SP,luggage_accessories,1300.46
2018-02,SP,market_place,738.77
2018-02,SP,music,220.0
2018-02,SP,musical_instruments,2992.34
2018-02,SP,office_furniture,5365.16
2018-02,SP,perfumery,9534.6
2018-02,SP,pet_shop,4751.34
2018-02,SP,signaling_and_security,388.9
2018-02,SP,small_appliances,1914.47
2018-02,SP,small_appliances_home_oven_and_coffee,1524.9
2018-02,SP,sports_leisure,30238.71
2018-02,SP,stationery,3501.27
2018-02,SP,tablets_printing_image,371.37
2018-02,SP,telephony,4506.69
2018-02,SP,toys,6353.95
2018-02,SP,unknown,3752.62
2018-02,SP,watches_gifts,17918.57
2018-02,TO,baby,538.9
2018-02,TO,books_technical,56.0
2018-02,TO,computers_accessories,240.78
2018-02,TO,consoles_games,79.0
2018-02,TO,cool_stuff,144.99
2018-02,TO,furniture_decor,38.4
2018-02,TO,garden_tools,131.9
2018-02,TO,health_beauty,186.99
2018-02,TO,office_furniture,199.9
2018-02,TO,sports_leisure,713.9
2018-02,TO,telephony,24.99
2018-02,TO,toys,134.9
2018-02,TO,watches_gifts,145.0
2018-03,AC,computers_accessories,27.9
2018-03,AC,furniture_decor,69.9
2018-03,AL,auto,90.48
2018-03,AL,bed_bath_table,168.98
2018-03,AL,computers_accessories,391.44
2018-03,AL,cool_stuff,215.0
2018-03,AL,dvds_blu_ray,24.9
2018-03,AL,electronics,79.8
2018-03,AL,fashion_bags_accessories,19.9
2018-03,AL,furniture_decor,228.98
2018-03,AL,health_beauty,1230.99
2018-03,AL,home_appliances_2,1595.0
2018-03,AL,market_place,190.0
2018-03,AL,sports_leisure,121.29
2018-03,AL,telephony,49.99
2018-03,AL,toys,129.8
2018-03,AL,watches_gifts,1870.4
2018-03,AM,bed_bath_table,115.9
2018-03,AM,electronics,14.4
2018-03,AM,garden_tools,99.9
2018-03,AM,health_beauty,134.67
2018-03,AM,home_appliances,69.9
2018-03,AM,home_construction,453.4
2018-03,AM,watches_gifts,84.99
2018-03,AP,cool_stuff,239.0
2018-03,AP,housewares,56.5
2018-03,AP,sports_leisure,75.0
2018-03,AP,stationery,139.9
2018-03,AP,telephony,24.99
2018-03,BA,auto,2481.67
2018-03,BA,baby,2098.19
2018-03,BA,bed_bath_table,1870.98
2018-03,BA,books_general_interest,65.0
2018-03,BA,computers_accessories,2802.19
2018-03,BA,consoles_games,553.08
2018-03,BA,construction_tools_construction,592.0
2018-03,BA,construction_tools_safety,521.9
2018-03,BA,cool_stuff,2224.74
2018-03,BA,drinks,47.49
2018-03,BA,electronics,948.65
2018-03,BA,fashion_bags_accessories,263.09
2018-03,BA,fashion_shoes,98.7
2018-03,BA,food,117.8
2018-03,BA,furniture_decor,2015.38
2018-03,BA,garden_tools,939.7
2018-03,BA,health_beauty,2128.06
2018-03,BA,home_appliances,261.0
2018-03,BA,home_construction,78.0
2018-03,BA,housewares,2249.5
2018-03,BA,luggage_accessories,163.38
2018-03,BA,market_place,79.9
2018-03,BA,musical_instruments,285.0
2018-03,BA,office_furniture,286.89
2018-03,BA,perfumery,151.88
2018-03,BA,pet_shop,417.5
2018-03,BA,small_appliances,597.88
2018-03,BA,sports_leisure,3492.41
2018-03,BA,stationery,315.99
2018-03,BA,telephony,2619.79
2018-03,BA,toys,539.48
2018-03,BA,unknown,876.85
2018-03,BA,watches_gifts,2781.86
2018-03,CE,auto,2027.78
2018-03,CE,baby,987.0
2018-03,CE,bed_bath_table,761.43
2018-03,CE,christmas_supplies,79.9
2018-03,CE,computers_accessories,342.1
2018-03,CE,consoles_games,154.08
2018-03,CE,construction_tools_construction,108.9
2018-03,CE,cool_stuff,1018.2
2018-03,CE,electronics,396.49
2018-03,CE,fashion_bags_accessories,129.8
2018-03,CE,furniture_decor,1172.5
2018-03,CE,garden_tools,646.16
2018-03,CE,health_beauty,1761.79
2018-03,CE,housewares,915.3
2018-03,CE,industry_commerce_and_business,138.0
2018-03,CE,luggage_accessories,797.79
2018-03,CE,office_furniture,973.57
2018-03,CE,perfumery,254.97
2018-03,CE,pet_shop,71.6
2018-03,CE,sports_leisure,864.3
2018-03,CE,stationery,129.0
2018-03,CE,telephony,1228.88
2018-03,CE,toys,447.89
2018-03,CE,unknown,1580.46
2018-03,CE,watches_gifts,1168.0
2018-03,DF,air_conditioning,130.0
2018-03,DF,audio,737.94
2018-03,DF,auto,1269.0
2018-03,DF,baby,1512.08
2018-03,DF,bed_bath_table,1465.43
2018-03,DF,books_general_interest,19.95
2018-03,DF,cine_photo,99.95
2018-03,DF,computers_accessories,270.89
2018-03,DF,consoles_games,157.99
2018-03,DF,construction_tools_construction,39.97
2018-03,DF,construction_tools_lights,250.0
2018-03,DF,cool_stuff,1587.77
2018-03,DF,electronics,87.84
2018-03,DF,fashion_bags_accessories,268.7
2018-03,DF,fashion_shoes,99.9
2018-03,DF,food,27.9
2018-03,DF,furniture_decor,888.22
2018-03,DF,furniture_living_room,755.89
2018-03,DF,garden_tools,53.9
2018-03,DF,health_beauty,2681.89
2018-03,DF,home_appliances,95.0
2018-03,DF,home_appliances_2,750.0
2018-03,DF,housewares,682.84
2018-03,DF,luggage_accessories,35.95
2018-03,DF,market_place,200.99
2018-03,DF,musical_instruments,94.9
2018-03,DF,office_furniture,119.99
2018-03,DF,perfumery,32.99
2018-03,DF,signaling_and_security,135.13
2018-03,DF,sports_leisure,1601.61
2018-03,DF,stationery,835.28
2018-03,DF,telephony,204.95
2018-03,DF,toys,169.7
2018-03,DF,unknown,122.99
2018-03,DF,watches_gifts,3033.0
2018-03,ES,air_conditioning,130.0
2018-03,ES,audio,432.18
2018-03,ES,auto,364.89
2018-03,ES,baby,1428.48
2018-03,ES,bed_bath_table,999.32
2018-03,ES,books_technical,97.9
2018-03,ES,computers_accessories,2060.88
2018-03,ES,consoles_games,99.99
2018-03,ES,cool_stuff,124.99
2018-03,ES,electronics,94.93
2018-03,ES,fashion_bags_accessories,157.2
2018-03,ES,food,127.44
2018-03,ES,furniture_decor,1003.79
2018-03,ES,furniture_living_room,179.99
2018-03,ES,garden_tools,325.6
2018-03,ES,health_beauty,1882.74
2018-03,ES,home_appliances,57.0
2018-03,ES,home_construction,95.2
2018-03,ES,housewares,667.8
2018-03,ES,luggage_accessories,48.0
2018-03,ES,musical_instruments,2575.68
2018-03,ES,office_furniture,369.9
2018-03,ES,perfumery,190.11
2018-03,ES,sports_leisure,1137.5
2018-03,ES,telephony,302.7
2018-03,ES,toys,360.1
2018-03,ES,unknown,446.31
2018-03,ES,watches_gifts,1412.15
2018-03,GO,agro_industry_and_commerce,19.5
2018-03,GO,audio,1162.89
2018-03,GO,auto,559.68
2018-03,GO,baby,1405.6
2018-03,GO,bed_bath_table,631.36
2018-03,GO,computers_accessories,1426.8
2018-03,GO,construction_tools_safety,99.0
2018-03,GO,cool_stuff,144.99
2018-03,GO,drinks,47.49
2018-03,GO,electronics,76.4
2018-03,GO,fashion_bags_accessories,104.5
2018-03,GO,furniture_decor,1370.09
2018-03,GO,garden_tools,638.99
2018-03,GO,health_beauty,1673.15
2018-03,GO,home_appliances,117.69
2018-03,GO,housewares,1822.74
2018-03,GO,industry_commerce_and_business,61.45
2018-03,GO,office_furniture,753.95
2018-03,GO,perfumery,373.66
2018-03,GO,pet_shop,881.98
2018-03,GO,sports_leisure,1380.38
2018-03,GO,stationery,248.9
2018-03,GO,telephony,266.61
2018-03,GO,toys,387.69
2018-03,GO,unknown,856.62
2018-03,GO,watches_gifts,1569.3
2018-03,MA,auto,416.79
2018-03,MA,bed_bath_table,47.9
2018-03,MA,computers_accessories,635.79
2018-03,MA,cool_stuff,388.99
2018-03,MA,electronics,28.65
2018-03,MA,fashion_bags_accessories,89.0
2018-03,MA,furniture_decor,296.97
2018-03,MA,garden_tools,53.9
2018-03,MA,health_beauty,942.75
2018-03,MA,home_confort,86.9
2018-03,MA,housewares,285.9
2018-03,MA,luggage_accessories,39.98
2018-03,MA,office_furniture,859.95
2018-03,MA,perfumery,288.27
2018-03,MA,sports_leisure,2661.59
2018-03,MA,stationery,258.56
2018-03,MA,telephony,73.99
2018-03,MA,toys,44.9
2018-03,MA,watches_gifts,412.98
2018-03,MG,audio,1592.79
2018-03,MG,auto,4894.13
2018-03,MG,baby,5231.38
2018-03,MG,bed_bath_table,8960.53
2018-03,MG,books_general_interest,212.9
2018-03,MG,books_technical,101.95
2018-03,MG,christmas_supplies,79.9
2018-03,MG,cine_photo,53.99
2018-03,MG,computers_accessories,11411.58
2018-03,MG,consoles_games,5484.62
2018-03,MG,construction_tools_construction,1118.46
2018-03,MG,construction_tools_lights,366.8
2018-03,MG,construction_tools_safety,574.94
2018-03,MG,cool_stuff,5797.09
2018-03,MG,costruction_tools_tools,190.0
2018-03,MG,drinks,113.98
2018-03,MG,dvds_blu_ray,24.9
2018-03,MG,electronics,3364.73
2018-03,MG,fashion_bags_accessories,1370.28
2018-03,MG,fashion_shoes,35.9
2018-03,MG,fixed_telephony,119.9
2018-03,MG,flowers,29.89
2018-03,MG,food,255.78
2018-03,MG,food_drink,828.37
2018-03,MG,furniture_decor,5614.62
2018-03,MG,furniture_living_room,68.89
2018-03,MG,garden_tools,3077.5
2018-03,MG,health_beauty,12259.59
2018-03,MG,home_appliances,552.81
2018-03,MG,home_confort,219.0
2018-03,MG,home_construction,281.05
2018-03,MG,housewares,3097.78
2018-03,MG,industry_commerce_and_business,469.0
2018-03,MG,kitchen_dining_laundry_garden_furniture,164.88
2018-03,MG,luggage_accessories,645.22
2018-03,MG,market_place,558.6
2018-03,MG,musical_instruments,989.31
2018-03,MG,office_furniture,3866.53
2018-03,MG,party_supplies,398.0
2018-03,MG,perfumery,1610.08
2018-03,MG,pet_shop,1923.36
2018-03,MG,sports_leisure,6646.72
2018-03,MG,stationery,1941.76
2018-03,MG,telephony,3953.44
2018-03,MG,toys,3238.76
2018-03,MG,unknown,1843.0
2018-03,MG,watches_gifts,9223.28
2018-03,MS,auto,464.28
2018-03,MS,baby,138.0
2018-03,MS,bed_bath_table,103.6
2018-03,MS,computers_accessories,530.6
2018-03,MS,construction_tools_construction,138.99
2018-03,MS,construction_tools_lights,250.0
2018-03,MS,cool_stuff,369.99
2018-03,MS,electronics,473.0
2018-03,MS,fashion_underwear_beach,59.9
2018-03,MS,furniture_decor,156.4
2018-03,MS,garden_tools,305.8
2018-03,MS,health_beauty,566.45
2018-03,MS,home_confort,86.9
2018-03,MS,home_construction,389.0
2018-03,MS,housewares,171.9
2018-03,MS,office_furniture,119.94
2018-03,MS,perfumery,54.9
2018-03,MS,pet_shop,158.39
2018-03,MS,sports_leisure,278.69
2018-03,MS,telephony,106.95
2018-03,MS,toys,198.7
2018-03,MS,watches_gifts,1887.6
2018-03,MT,audio,467.0
2018-03,MT,auto,485.88
2018-03,MT,baby,90.0
2018-03,MT,bed_bath_table,122.9
2018-03,MT,books_general_interest,44.5
2018-03,MT,books_technical,25.0
2018-03,MT,christmas_supplies,79.9
2018-03,MT,computers_accessories,783.25
2018-03,MT,construction_tools_construction,587.0
2018-03,MT,cool_stuff,368.99
2018-03,MT,costruction_tools_tools,190.0
2018-03,MT,electronics,116.8
2018-03,MT,fashion_bags_accessories,29.9
2018-03,MT,furniture_decor,378.6
2018-03,MT,garden_tools,340.7
2018-03,MT,health_beauty,719.9
2018-03,MT,housewares,109.7
2018-03,MT,industry_commerce_and_business,78.0
2018-03,MT,musical_instruments,88.9
2018-03,MT,perfumery,63.6
2018-03,MT,pet_shop,139.0
2018-03,MT,small_appliances,629.0
2018-03,MT,sports_leisure,448.0
2018-03,MT,stationery,125.0
2018-03,MT,telephony,83.97
2018-03,MT,toys,208.46
2018-03,MT,unknown,122.99
2018-03,MT,watches_gifts,1286.8
2018-03,PA,audio,568.0
2018-03,PA,auto,670.69
2018-03,PA,baby,1245.84
2018-03,PA,bed_bath_table,92.9
2018-03,PA,books_technical,39.9
2018-03,PA,cine_photo,199.9
2018-03,PA,computers_accessories,625.48
2018-03,PA,consoles_games,224.37
2018-03,PA,cool_stuff,169.99
2018-03,PA,costruction_tools_garden,139.9
2018-03,PA,drinks,105.0
2018-03,PA,fashion_bags_accessories,98.0
2018-03,PA,furniture_decor,274.1
2018-03,PA,garden_tools,161.7
2018-03,PA,health_beauty,1696.2
2018-03,PA,home_appliances,263.15
2018-03,PA,home_construction,129.95
2018-03,PA,housewares,208.9
2018-03,PA,office_furniture,362.98
2018-03,PA,pet_shop,89.9
2018-03,PA,sports_leisure,453.75
2018-03,PA,stationery,118.9
2018-03,PA,telephony,2025.93
2018-03,PA,toys,138.79
2018-03,PA,unknown,122.99
2018-03,PA,watches_gifts,1710.0
2018-03,PB,air_conditioning,35.9
2018-03,PB,auto,185.0
2018-03,PB,bed_bath_table,13.9
2018-03,PB,computers_accessories,629.3
2018-03,PB,construction_tools_safety,459.0
2018-03,PB,electronics,152.8
2018-03,PB,fashion_bags_accessories,226.8
2018-03,PB,furniture_decor,406.0
2018-03,PB,health_beauty,1098.93
2018-03,PB,home_confort,86.9
2018-03,PB,office_furniture,118.9
2018-03,PB,perfumery,507.0
2018-03,PB,pet_shop,45.9
2018-03,PB,small_appliances,193.0
2018-03,PB,sports_leisure,98.99
2018-03,PB,stationery,129.9
2018-03,PB,telephony,44.99
2018-03,PB,toys,35.9
2018-03,PB,watches_gifts,1617.89
2018-03,PE,auto,2326.09
2018-03,PE,baby,579.9
2018-03,PE,bed_bath_table,108.95
2018-03,PE,christmas_supplies,195.5
2018-03,PE,computers_accessories,298.89
2018-03,PE,consoles_games,1059.0
2018-03,PE,construction_tools_construction,86.99
2018-03,PE,cool_stuff,915.97
2018-03,PE,costruction_tools_garden,77.9
2018-03,PE,costruction_tools_tools,190.0
2018-03,PE,electronics,14.99
2018-03,PE,fashion_bags_accessories,109.88
2018-03,PE,food_drink,214.9
2018-03,PE,furniture_decor,1476.7
2018-03,PE,garden_tools,161.7
2018-03,PE,health_beauty,4083.57
2018-03,PE,housewares,78.14
2018-03,PE,kitchen_dining_laundry_garden_furniture,379.0
2018-03,PE,office_furniture,78.9
2018-03,PE,perfumery,587.78
2018-03,PE,pet_shop,249.99
2018-03,PE,sports_leisure,609.79
2018-03,PE,stationery,263.8
2018-03,PE,telephony,555.79
2018-03,PE,toys,459.6
2018-03,PE,unknown,122.99
2018-03,PE,watches_gifts,7415.68
2018-03,PI,auto,943.99
2018-03,PI,baby,1168.9
2018-03,PI,bed_bath_table,288.9
2018-03,PI,computers_accessories,707.81
2018-03,PI,cool_stuff,65.0
2018-03,PI,electronics,31.54
2018-03,PI,fashion_bags_accessories,49.9
2018-03,PI,fashion_shoes,199.7
2018-03,PI,food,149.9
2018-03,PI,furniture_decor,221.98
2018-03,PI,garden_tools,85.5
2018-03,PI,health_beauty,852.75
2018-03,PI,home_appliances,159.0
2018-03,PI,housewares,795.0
2018-03,PI,party_supplies,231.2
2018-03,PI,perfumery,144.56
2018-03,PI,telephony,138.87
2018-03,PI,unknown,122.99
2018-03,PI,watches_gifts,199.8
2018-03,PR,air_conditioning,380.0
2018-03,PR,audio,590.0
2018-03,PR,auto,1462.89
2018-03,PR,baby,1636.39
2018-03,PR,bed_bath_table,4399.65
2018-03,PR,books_general_interest,58.8
2018-03,PR,books_technical,26.0
2018-03,PR,computers_accessories,6885.34
2018-03,PR,consoles_games,744.8
2018-03,PR,construction_tools_construction,129.9
2018-03,PR,construction_tools_lights,250.0
2018-03,PR,cool_stuff,2563.74
2018-03,PR,costruction_tools_tools,61.9
2018-03,PR,electronics,333.98
2018-03,PR,fashion_bags_accessories,816.48
2018-03,PR,food,55.8
2018-03,PR,furniture_decor,2642.13
2018-03,PR,garden_tools,1807.47
2018-03,PR,health_beauty,3114.43
2018-03,PR,home_appliances,945.0
2018-03,PR,home_confort,173.8
2018-03,PR,housewares,1497.19
2018-03,PR,kitchen_dining_laundry_garden_furniture,119.0
2018-03,PR,luggage_accessories,478.89
2018-03,PR,musical_instruments,385.0
2018-03,PR,office_furniture,1643.75
2018-03,PR,perfumery,580.28
2018-03,PR,pet_shop,431.4
2018-03,PR,small_appliances,225.9
2018-03,PR,small_appliances_home_oven_and_coffee,2549.0
2018-03,PR,sports_leisure,5194.95
2018-03,PR,stationery,795.08
2018-03,PR,telephony,931.16
2018-03,PR,toys,938.39
2018-03,PR,unknown,653.27
2018-03,PR,watches_gifts,4481.55
2018-03,RJ,agro_industry_and_commerce,1142.0
2018-03,RJ,air_conditioning,596.2
2018-03,RJ,art,135.0
2018-03,RJ,audio,1504.89
2018-03,RJ,auto,3543.91
2018-03,RJ,baby,2149.52
2018-03,RJ,bed_bath_table,10272.15
2018-03,RJ,books_general_interest,222.9
2018-03,RJ,books_technical,131.0
2018-03,RJ,christmas_supplies,159.8
2018-03,RJ,computers_accessories,9402.79
2018-03,RJ,consoles_games,151.89
2018-03,RJ,construction_tools_construction,1771.0
2018-03,RJ,construction_tools_lights,75.9
2018-03,RJ,construction_tools_safety,9.9
2018-03,RJ,cool_stuff,4654.45
2018-03,RJ,costruction_tools_garden,587.5
2018-03,RJ,drinks,47.49
2018-03,RJ,electronics,1840.94
2018-03,RJ,fashion_bags_accessories,1138.0
2018-03,RJ,fashion_shoes,199.7
2018-03,RJ,fashion_underwear_beach,49.9
2018-03,RJ,fixed_telephony,518.6
2018-03,RJ,food,27.9
2018-03,RJ,food_drink,759.9
2018-03,RJ,furniture_bedroom,388.0
2018-03,RJ,furniture_decor,6505.0
2018-03,RJ,furniture_living_room,1380.65
2018-03,RJ,furniture_mattress_and_upholstery,110.0
2018-03,RJ,garden_tools,3154.21
2018-03,RJ,health_beauty,8457.51
2018-03,RJ,home_appliances,2684.35
2018-03,RJ,home_appliances_2,1772.8
2018-03,RJ,home_confort,458.8
2018-03,RJ,home_construction,708.29
2018-03,RJ,housewares,3280.56
2018-03,RJ,industry_commerce_and_business,392.0
2018-03,RJ,kitchen_dining_laundry_garden_furniture,167.0
2018-03,RJ,luggage_accessories,522.09
2018-03,RJ,market_place,294.7
2018-03,RJ,musical_instruments,826.21
2018-03,RJ,office_furniture,4386.0
2018-03,RJ,party_supplies,43.8
2018-03,RJ,perfumery,3193.2
2018-03,RJ,pet_shop,2102.09
2018-03,RJ,signaling_and_security,148.8
2018-03,RJ,small_appliances,1338.0
2018-03,RJ,sports_leisure,10429.98
2018-03,RJ,stationery,1827.36
2018-03,RJ,telephony,2575.73
2018-03,RJ,toys,2033.14
2018-03,RJ,unknown,929.85
2018-03,RJ,watches_gifts,11859.49
2018-03,RN,auto,304.78
2018-03,RN,baby,1103.73
2018-03,RN,bed_bath_table,453.7
2018-03,RN,books_general_interest,125.7
2018-03,RN,books_technical,65.0
2018-03,RN,consoles_games,689.89
2018-03,RN,cool_stuff,72.99
2018-03,RN,electronics,34.9
2018-03,RN,fashion_bags_accessories,848.99
2018-03,RN,furniture_decor,206.84
2018-03,RN,garden_tools,670.8
2018-03,RN,health_beauty,526.88
2018-03,RN,office_furniture,389.9
2018-03,RN,perfumery,174.56
2018-03,RN,sports_leisure,12.5
2018-03,RN,telephony,12.99
2018-03,RN,toys,109.9
2018-03,RN,unknown,122.99
2018-03,RN,watches_gifts,1256.89
2018-03,RO,baby,999.0
2018-03,RO,computers_accessories,98.0
2018-03,RO,cool_stuff,418.0
2018-03,RO,fashion_bags_accessories,48.0
2018-03,RO,garden_tools,53.9
2018-03,RO,health_beauty,130.0
2018-03,RO,housewares,120.0
2018-03,RO,sports_leisure,518.0
2018-03,RO,unknown,122.99
2018-03,RO,watches_gifts,219.0
2018-03,RR,baby,949.9
2018-03,RR,office_furniture,289.9
2018-03,RR,unknown,245.98
2018-03,RR,watches_gifts,219.0
2018-03,RS,agro_industry_and_commerce,940.5
2018-03,RS,art,28.0
2018-03,RS,audio,467.0
2018-03,RS,auto,1751.77
2018-03,RS,baby,827.49
2018-03,RS,bed_bath_table,2887.55
2018-03,RS,books_general_interest,19.95
2018-03,RS,books_technical,62.9
2018-03,RS,christmas_supplies,22.9
2018-03,RS,cine_photo,169.0
2018-03,RS,computers_accessories,5220.98
2018-03,RS,consoles_games,338.24
2018-03,RS,construction_tools_construction,49.99
2018-03,RS,cool_stuff,3658.02
2018-03,RS,costruction_tools_garden,278.8
2018-03,RS,drinks,47.49
2018-03,RS,electronics,441.9
2018-03,RS,fashion_bags_accessories,760.39
2018-03,RS,fashion_shoes,128.6
2018-03,RS,fashion_underwear_beach,59.8
2018-03,RS,furniture_decor,3875.56
2018-03,RS,furniture_living_room,309.99
2018-03,RS,garden_tools,2107.67
2018-03,RS,health_beauty,2922.73
2018-03,RS,home_appliances,1569.8
2018-03,RS,home_appliances_2,707.4
2018-03,RS,home_confort,86.9
2018-03,RS,home_construction,260.25
2018-03,RS,housewares,2780.57
2018-03,RS,industry_commerce_and_business,243.0
2018-03,RS,luggage_accessories,377.8
2018-03,RS,music,299.0
2018-03,RS,musical_instruments,184.9
2018-03,RS,office_furniture,708.84
2018-03,RS,party_supplies,21.9
2018-03,RS,perfumery,279.79
2018-03,RS,pet_shop,868.79
2018-03,RS,small_appliances,2966.9
2018-03,RS,small_appliances_home_oven_and_coffee,214.9
2018-03,RS,sports_leisure,6188.06
2018-03,RS,stationery,1246.5
2018-03,RS,telephony,2494.61
2018-03,RS,toys,1492.19
2018-03,RS,unknown,2089.25
2018-03,RS,watches_gifts,3609.83
2018-03,SC,art,57.0
2018-03,SC,audio,175.0
2018-03,SC,auto,1636.82
2018-03,SC,baby,2123.72
2018-03,SC,bed_bath_table,2157.22
2018-03,SC,cine_photo,89.0
2018-03,SC,computers_accessories,3535.77
2018-03,SC,consoles_games,32.5
2018-03,SC,construction_tools_construction,133.27
2018-03,SC,construction_tools_lights,250.0
2018-03,SC,cool_stuff,1417.99
2018-03,SC,costruction_tools_garden,58.9
2018-03,SC,costruction_tools_tools,190.0
2018-03,SC,drinks,90.49
2018-03,SC,electronics,599.86
2018-03,SC,fashion_bags_accessories,402.77
2018-03,SC,fashion_childrens_clothes,39.99
2018-03,SC,food_drink,56.9
2018-03,SC,furniture_decor,2875.28
2018-03,SC,furniture_living_room,37.9
2018-03,SC,garden_tools,1315.24
2018-03,SC,health_beauty,1873.61
2018-03,SC,home_appliances,39.5
2018-03,SC,home_confort,49.9
2018-03,SC,home_construction,539.89
2018-03,SC,housewares,556.81
2018-03,SC,industry_commerce_and_business,228.0
2018-03,SC,kitchen_dining_laundry_garden_furniture,44.88
2018-03,SC,la_cuisine,389.0
2018-03,SC,luggage_accessories,159.8
2018-03,SC,musical_instruments,59.0
2018-03,SC,office_furniture,922.83
2018-03,SC,perfumery,307.38
2018-03,SC,pet_shop,267.8
2018-03,SC,small_appliances,1047.9
2018-03,SC,small_appliances_home_oven_and_coffee,2899.0
2018-03,SC,sports_leisure,3271.21
2018-03,SC,stationery,118.99
2018-03,SC,telephony,572.71
2018-03,SC,toys,837.39
2018-03,SC,unknown,686.66
2018-03,SC,watches_gifts,4152.48
2018-03,SE,auto,466.87
2018-03,SE,computers_accessories,129.9
2018-03,SE,cool_stuff,589.8
2018-03,SE,furniture_decor,529.0
2018-03,SE,garden_tools,107.8
2018-03,SE,health_beauty,97.65
2018-03,SE,industry_commerce_and_business,138.0
2018-03,SE,signaling_and_security,169.98
2018-03,SE,sports_leisure,193.48
2018-03,SE,telephony,105.94
2018-03,SP,agro_industry_and_commerce,3059.0
2018-03,SP,air_conditioning,1235.58
2018-03,SP,art,241.5
2018-03,SP,audio,2734.0
2018-03,SP,auto,17474.97
2018-03,SP,baby,14156.63
2018-03,SP,bed_bath_table,31713.2
2018-03,SP,books_general_interest,922.24
2018-03,SP,books_imported,259.0
2018-03,SP,books_technical,363.82
2018-03,SP,christmas_supplies,237.05
2018-03,SP,cine_photo,99.95
2018-03,SP,computers_accessories,36266.82
2018-03,SP,consoles_games,2135.77
2018-03,SP,construction_tools_construction,4690.11
2018-03,SP,construction_tools_lights,1094.0
2018-03,SP,construction_tools_safety,3710.13
2018-03,SP,cool_stuff,10785.54
2018-03,SP,costruction_tools_garden,944.23
2018-03,SP,costruction_tools_tools,109.4
2018-03,SP,diapers_and_hygiene,125.0
2018-03,SP,drinks,463.27
2018-03,SP,electronics,3239.11
2018-03,SP,fashio_female_clothing,119.96
2018-03,SP,fashion_bags_accessories,3164.93
2018-03,SP,fashion_childrens_clothes,39.99
2018-03,SP,fashion_shoes,290.6
2018-03,SP,fashion_sport,89.9
2018-03,SP,fashion_underwear_beach,119.8
2018-03,SP,fixed_telephony,1292.09
2018-03,SP,flowers,59.78
2018-03,SP,food,797.38
2018-03,SP,food_drink,490.7
2018-03,SP,furniture_bedroom,683.8
2018-03,SP,furniture_decor,19111.93
2018-03,SP,furniture_living_room,788.56
2018-03,SP,furniture_mattress_and_upholstery,330.0
2018-03,SP,garden_tools,10665.74
2018-03,SP,health_beauty,33604.68
2018-03,SP,home_appliances,3062.39
2018-03,SP,home_appliances_2,823.0
2018-03,SP,home_comfort_2,34.99
2018-03,SP,home_confort,1273.28
2018-03,SP,home_construction,2315.48
2018-03,SP,housewares,15674.99
2018-03,SP,industry_commerce_and_business,1175.0
2018-03,SP,kitchen_dining_laundry_garden_furniture,1967.9
2018-03,SP,luggage_accessories,2582.87
2018-03,SP,market_place,224.55
2018-03,SP,music,24.97
2018-03,SP,musical_instruments,3442.5
2018-03,SP,office_furniture,14608.92
2018-03,SP,party_supplies,219.0
2018-03,SP,perfumery,11073.32
2018-03,SP,pet_shop,5652.61
2018-03,SP,signaling_and_security,467.99
2018-03,SP,small_appliances,6953.6
2018-03,SP,small_appliances_home_oven_and_coffee,2228.0
2018-03,SP,sports_leisure,34635.02
2018-03,SP,stationery,4498.82
2018-03,SP,tablets_printing_image,259.29
2018-03,SP,telephony,6173.57
2018-03,SP,toys,10446.87
2018-03,SP,unknown,5556.04
2018-03,SP,watches_gifts,33949.21
2018-03,TO,audio,175.0
2018-03,TO,auto,259.6
2018-03,TO,baby,987.0
2018-03,TO,bed_bath_table,149.9
2018-03,TO,computers_accessories,223.89
2018-03,TO,electronics,22.8
2018-03,TO,health_beauty,47.65
2018-03,TO,perfumery,213.55
2018-03,TO,pet_shop,99.9
2018-03,TO,sports_leisure,1343.74
2018-03,TO,telephony,210.88
2018-03,TO,toys,599.9
2018-03,TO,watches_gifts,240.0
2018-04,AC,sports_leisure,98.99
2018-04,AC,toys,74.99
2018-04,AC,watches_gifts,249.0
2018-04,AL,agro_industry_and_commerce,1476.3
2018-04,AL,auto,28.49
2018-04,AL,bed_bath_table,69.0
2018-04,AL,computers,849.99
2018-04,AL,computers_accessories,234.75
2018-04,AL,fashion_bags_accessories,35.0
2018-04,AL,food_drink,44.06
2018-04,AL,furniture_decor,229.8
2018-04,AL,garden_tools,161.7
2018-04,AL,health_beauty,210.48
2018-04,AL,home_appliances_2,750.0
2018-04,AL,home_construction,94.0
2018-04,AL,housewares,129.97
2018-04,AL,industry_commerce_and_business,199.0
2018-04,AL,perfumery,117.7
2018-04,AL,sports_leisure,179.0
2018-04,AL,telephony,12.99
2018-04,AL,toys,99.0
2018-04,AL,unknown,177.0
2018-04,AL,watches_gifts,858.0
2018-04,AM,auto,240.0
2018-04,AM,electronics,18.0
2018-04,AM,furniture_decor,59.9
2018-04,AM,health_beauty,49.9
2018-04,AM,home_construction,150.0
2018-04,AM,pet_shop,149.99
2018-04,AP,art,45.9
2018-04,AP,garden_tools,210.0
2018-04,AP,health_beauty,167.0
2018-04,AP,sports_leisure,399.8
2018-04,BA,agro_industry_and_commerce,465.0
2018-04,BA,auto,1531.46
2018-04,BA,baby,2151.76
2018-04,BA,bed_bath_table,1565.93
2018-04,BA,books_general_interest,19.95
2018-04,BA,books_technical,96.89
2018-04,BA,christmas_supplies,103.42
2018-04,BA,cine_photo,99.95
2018-04,BA,computers,790.0
2018-04,BA,computers_accessories,1779.39
2018-04,BA,consoles_games,779.0
2018-04,BA,cool_stuff,1169.69
2018-04,BA,electronics,261.43
2018-04,BA,fashion_bags_accessories,379.8
2018-04,BA,food,142.49
2018-04,BA,food_drink,49.9
2018-04,BA,furniture_bedroom,169.0
2018-04,BA,furniture_decor,2122.65
2018-04,BA,garden_tools,1292.2
2018-04,BA,health_beauty,3278.89
2018-04,BA,home_appliances,50.99
2018-04,BA,home_confort,86.9
2018-04,BA,housewares,1334.39
2018-04,BA,industry_commerce_and_business,325.0
2018-04,BA,office_furniture,639.74
2018-04,BA,perfumery,79.99
2018-04,BA,pet_shop,826.07
2018-04,BA,small_appliances,1618.0
2018-04,BA,sports_leisure,2167.66
2018-04,BA,stationery,1024.1
2018-04,BA,telephony,337.82
2018-04,BA,toys,472.66
2018-04,BA,watches_gifts,3066.73
2018-04,CE,audio,499.99
2018-04,CE,auto,1406.29
2018-04,CE,baby,329.7
2018-04,CE,bed_bath_table,370.38
2018-04,CE,books_general_interest,334.9
2018-04,CE,books_technical,30.0
2018-04,CE,computers,849.99
2018-04,CE,computers_accessories,1088.33
2018-04,CE,consoles_games,79.0
2018-04,CE,construction_tools_construction,109.9
2018-04,CE,construction_tools_safety,44.95
2018-04,CE,cool_stuff,585.89
2018-04,CE,electronics,666.79
2018-04,CE,fashion_bags_accessories,49.0
2018-04,CE,fixed_telephony,32.99
2018-04,CE,food,56.97
2018-04,CE,furniture_living_room,529.99
2018-04,CE,garden_tools,269.5
2018-04,CE,health_beauty,2392.26
2018-04,CE,home_appliances,1216.0
2018-04,CE,home_appliances_2,1699.0
2018-04,CE,home_construction,556.95
2018-04,CE,housewares,104.98
2018-04,CE,music,149.9
2018-04,CE,sports_leisure,973.17
2018-04,CE,stationery,79.6
2018-04,CE,telephony,537.84
2018-04,CE,toys,249.99
2018-04,CE,watches_gifts,1127.69
2018-04,DF,audio,14.9
2018-04,DF,auto,1511.42
2018-04,DF,baby,404.98
2018-04,DF,bed_bath_table,980.26
2018-04,DF,books_general_interest,594.9
2018-04,DF,books_technical,54.85
2018-04,DF,computers_accessories,941.18
2018-04,DF,consoles_games,36.2
2018-04,DF,construction_tools_construction,59.99
2018-04,DF,cool_stuff,463.79
2018-04,DF,electronics,354.87
2018-04,DF,fashion_bags_accessories,169.9
2018-04,DF,fashion_shoes,87.5
2018-04,DF,food,19.99
2018-04,DF,food_drink,56.9
2018-04,DF,furniture_decor,1048.92
2018-04,DF,furniture_living_room,120.0
2018-04,DF,garden_tools,303.59
2018-04,DF,health_beauty,1687.68
2018-04,DF,home_appliances,485.7
2018-04,DF,home_confort,196.8
2018-04,DF,housewares,118.8
2018-04,DF,industry_commerce_and_business,260.0
2018-04,DF,luggage_accessories,210.99
2018-04,DF,musical_instruments,244.9
2018-04,DF,office_furniture,129.98
2018-04,DF,perfumery,1210.66
2018-04,DF,pet_shop,341.98
2018-04,DF,sports_leisure,1370.16
2018-04,DF,stationery,167.39
2018-04,DF,telephony,458.71
2018-04,DF,toys,139.8
2018-04,DF,unknown,287.06
2018-04,DF,watches_gifts,3652.04
2018-04,ES,audio,14.9
2018-04,ES,auto,855.35
2018-04,ES,baby,209.79
2018-04,ES,bed_bath_table,2749.11
2018-04,ES,books_general_interest,87.0
2018-04,ES,books_technical,77.2
2018-04,ES,computers_accessories,685.78
2018-04,ES,consoles_games,745.6
2018-04,ES,construction_tools_lights,580.0
2018-04,ES,cool_stuff,490.97
2018-04,ES,electronics,296.05
2018-04,ES,fashion_bags_accessories,230.29
2018-04,ES,fashion_male_clothing,195.0
2018-04,ES,fixed_telephony,122.99
2018-04,ES,food_drink,99.8
2018-04,ES,furniture_bedroom,99.9
2018-04,ES,furniture_decor,444.86
2018-04,ES,garden_tools,195.3
2018-04,ES,health_beauty,1365.8
2018-04,ES,home_appliances,89.9
2018-04,ES,home_appliances_2,533.0
2018-04,ES,home_construction,150.0
2018-04,ES,housewares,735.49
2018-04,ES,luggage_accessories,249.99
2018-04,ES,musical_instruments,49.0
2018-04,ES,office_furniture,676.81
2018-04,ES,perfumery,234.99
2018-04,ES,pet_shop,380.98
2018-04,ES,sports_leisure,924.38
2018-04,ES,stationery,128.0
2018-04,ES,telephony,209.35
2018-04,ES,toys,488.79
2018-04,ES,unknown,34.3
2018-04,ES,watches_gifts,1133.9
2018-04,GO,auto,827.0
2018-04,GO,baby,828.79
2018-04,GO,bed_bath_table,1885.78
2018-04,GO,books_general_interest,159.8
2018-04,GO,computers_accessories,1705.87
2018-04,GO,construction_tools_safety,54.9
2018-04,GO,cool_stuff,189.9
2018-04,GO,costruction_tools_tools,91.8
2018-04,GO,electronics,15.0
2018-04,GO,fashion_shoes,157.9
2018-04,GO,furniture_decor,1213.7
2018-04,GO,garden_tools,271.7
2018-04,GO,health_beauty,2432.36
2018-04,GO,home_appliances,100.9
2018-04,GO,housewares,755.25
2018-04,GO,market_place,24.95
2018-04,GO,music,1165.97
2018-04,GO,musical_instruments,448.9
2018-04,GO,office_furniture,179.9
2018-04,GO,perfumery,721.2
2018-04,GO,pet_shop,1468.0
2018-04,GO,sports_leisure,988.98
2018-04,GO,stationery,59.9
2018-04,GO,telephony,239.92
2018-04,GO,toys,115.8
2018-04,GO,unknown,179.0
2018-04,GO,watches_gifts,2555.5
2018-04,MA,auto,192.5
2018-04,MA,baby,634.98
2018-04,MA,bed_bath_table,256.79
2018-04,MA,books_technical,47.9
2018-04,MA,cds_dvds_musicals,65.0
2018-04,MA,computers_accessories,825.07
2018-04,MA,cool_stuff,259.99
2018-04,MA,electronics,9.0
2018-04,MA,fashion_bags_accessories,267.9
2018-04,MA,furniture_decor,206.8
2018-04,MA,garden_tools,53.9
2018-04,MA,health_beauty,1091.92
2018-04,MA,home_construction,10.5
2018-04,MA,housewares,344.89
2018-04,MA,luggage_accessories,205.0
2018-04,MA,musical_instruments,915.0
2018-04,MA,office_furniture,139.99
2018-04,MA,perfumery,145.77
2018-04,MA,small_appliances,69.9
2018-04,MA,sports_leisure,215.99
2018-04,MA,telephony,151.98
2018-04,MA,toys,1135.69
2018-04,MA,watches_gifts,683.47
2018-04,MG,agro_industry_and_commerce,410.0
2018-04,MG,air_conditioning,938.0
2018-04,MG,art,168.9
2018-04,MG,arts_and_craftmanship,15.99
2018-04,MG,audio,1544.62
2018-04,MG,auto,4536.17
2018-04,MG,baby,8412.6
2018-04,MG,bed_bath_table,7328.2
2018-04,MG,books_general_interest,604.8
2018-04,MG,christmas_supplies,85.9
2018-04,MG,computers_accessories,8755.06
2018-04,MG,consoles_games,1073.98
2018-04,MG,construction_tools_construction,1127.79
2018-04,MG,construction_tools_lights,1035.0
2018-04,MG,construction_tools_safety,231.68
2018-04,MG,cool_stuff,2376.71
2018-04,MG,costruction_tools_garden,76.32
2018-04,MG,costruction_tools_tools,417.0
2018-04,MG,drinks,43.0
2018-04,MG,electronics,585.93
2018-04,MG,fashion_bags_accessories,1630.79
2018-04,MG,fashion_shoes,99.9
2018-04,MG,fixed_telephony,272.99
2018-04,MG,food,149.8
2018-04,MG,food_drink,16.0
2018-04,MG,furniture_decor,6413.94
2018-04,MG,furniture_living_room,659.88
2018-04,MG,garden_tools,5074.21
2018-04,MG,health_beauty,11414.81
2018-04,MG,home_appliances,392.14
2018-04,MG,home_appliances_2,2070.0
2018-04,MG,home_comfort_2,12.9
2018-04,MG,home_confort,369.6
2018-04,MG,home_construction,1518.53
2018-04,MG,housewares,5243.08
2018-04,MG,industry_commerce_and_business,189.95
2018-04,MG,kitchen_dining_laundry_garden_furniture,202.8
2018-04,MG,luggage_accessories,1762.34
2018-04,MG,market_place,124.85
2018-04,MG,musical_instruments,2077.9
2018-04,MG,office_furniture,1265.37
2018-04,MG,party_supplies,43.8
2018-04,MG,perfumery,2109.04
2018-04,MG,pet_shop,2344.87
2018-04,MG,signaling_and_security,159.0
2018-04,MG,small_appliances,212.17
2018-04,MG,small_appliances_home_oven_and_coffee,1499.0
2018-04,MG,sports_leisure,7361.21
2018-04,MG,stationery,1261.18
2018-04,MG,telephony,1375.87
2018-04,MG,toys,2849.26
2018-04,MG,unknown,765.56
2018-04,MG,watches_gifts,9141.11
2018-04,MS,auto,234.89
2018-04,MS,baby,424.77
2018-04,MS,bed_bath_table,528.8
2018-04,MS,computers_accessories,379.9
2018-04,MS,costruction_tools_tools,6.8
2018-04,MS,electronics,26.65
2018-04,MS,fashion_bags_accessories,49.0
2018-04,MS,fashion_shoes,98.5
2018-04,MS,furniture_decor,607.32
2018-04,MS,health_beauty,358.8
2018-04,MS,home_appliances,79.9
2018-04,MS,home_construction,65.9
2018-04,MS,housewares,419.59
2018-04,MS,office_furniture,149.94
2018-04,MS,perfumery,24.9
2018-04,MS,pet_shop,421.1
2018-04,MS,signaling_and_security,358.0
2018-04,MS,small_appliances_home_oven_and_coffee,750.0
2018-04,MS,sports_leisure,24.9
2018-04,MS,stationery,31.8
2018-04,MS,telephony,47.9
2018-04,MS,toys,54.89
2018-04,MS,watches_gifts,731.6
2018-04,MT,auto,591.98
2018-04,MT,baby,1196.99
2018-04,MT,bed_bath_table,752.19
2018-04,MT,computers_accessories,374.71
2018-04,MT,consoles_games,34.2
2018-04,MT,construction_tools_construction,959.99
2018-04,MT,construction_tools_safety,526.16
2018-04,MT,cool_stuff,602.99
2018-04,MT,drinks,19.49
2018-04,MT,food,27.9
2018-04,MT,furniture_decor,88.34
2018-04,MT,garden_tools,53.9
2018-04,MT,health_beauty,1853.78
2018-04,MT,home_construction,209.99
2018-04,MT,housewares,418.18
2018-04,MT,industry_commerce_and_business,104.0
2018-04,MT,luggage_accessories,196.0
2018-04,MT,perfumery,148.22
2018-04,MT,small_appliances_home_oven_and_coffee,750.0
2018-04,MT,sports_leisure,1090.0
2018-04,MT,stationery,96.99
2018-04,MT,telephony,144.96
2018-04,MT,toys,149.99
2018-04,MT,unknown,122.99
2018-04,MT,watches_gifts,840.55
2018-04,PA,auto,29.9
2018-04,PA,baby,2323.98
2018-04,PA,bed_bath_table,260.69
2018-04,PA,books_general_interest,125.7
2018-04,PA,computers_accessories,410.89
2018-04,PA,cool_stuff,977.87
2018-04,PA,electronics,1065.09
2018-04,PA,fashion_bags_accessories,83.99
2018-04,PA,furniture_decor,259.6
2018-04,PA,garden_tools,169.0
2018-04,PA,health_beauty,1304.14
2018-04,PA,housewares,297.7
2018-04,PA,office_furniture,159.98
2018-04,PA,perfumery,299.89
2018-04,PA,sports_leisure,2333.09
2018-04,PA,stationery,217.7
2018-04,PA,telephony,89.88
2018-04,PA,unknown,122.99
2018-04,PA,watches_gifts,623.9
2018-04,PB,auto,137.0
2018-04,PB,baby,139.39
2018-04,PB,bed_bath_table,277.0
2018-04,PB,consoles_games,25.99
2018-04,PB,cool_stuff,569.79
2018-04,PB,electronics,18.0
2018-04,PB,fashion_bags_accessories,219.9
2018-04,PB,furniture_decor,139.8
2018-04,PB,garden_tools,53.9
2018-04,PB,health_beauty,1419.1
2018-04,PB,housewares,90.05
2018-04,PB,small_appliances,586.56
2018-04,PB,sports_leisure,159.99
2018-04,PB,stationery,99.9
2018-04,PB,telephony,109.98
2018-04,PB,watches_gifts,168.9
2018-04,PE,air_conditioning,186.9
2018-04,PE,auto,1374.36
2018-04,PE,baby,585.99
2018-04,PE,bed_bath_table,567.69
2018-04,PE,books_technical,57.49
2018-04,PE,computers,1198.0
2018-04,PE,computers_accessories,1145.56
2018-04,PE,cool_stuff,1051.97
2018-04,PE,electronics,241.65
2018-04,PE,fashion_shoes,157.9
2018-04,PE,furniture_decor,276.89
2018-04,PE,furniture_living_room,139.9
2018-04,PE,garden_tools,1103.35
2018-04,PE,health_beauty,1609.29
2018-04,PE,home_appliances,36.5
2018-04,PE,home_construction,225.0
2018-04,PE,housewares,296.9
2018-04,PE,luggage_accessories,171.58
2018-04,PE,musical_instruments,566.79
2018-04,PE,office_furniture,488.9
2018-04,PE,perfumery,117.7
2018-04,PE,pet_shop,232.7
2018-04,PE,signaling_and_security,77.8
2018-04,PE,sports_leisure,585.06
2018-04,PE,stationery,438.49
2018-04,PE,telephony,351.96
2018-04,PE,toys,1041.64
2018-04,PE,watches_gifts,2743.65
2018-04,PI,air_conditioning,368.9
2018-04,PI,audio,14.9
2018-04,PI,auto,3577.0
2018-04,PI,baby,979.0
2018-04,PI,bed_bath_table,90.0
2018-04,PI,computers,849.99
2018-04,PI,computers_accessories,825.89
2018-04,PI,cool_stuff,254.0
2018-04,PI,electronics,72.0
2018-04,PI,furniture_decor,96.0
2018-04,PI,garden_tools,107.8
2018-04,PI,health_beauty,440.0
2018-04,PI,housewares,583.8
2018-04,PI,perfumery,35.4
2018-04,PI,sports_leisure,1007.56
2018-04,PI,toys,35.9
2018-04,PI,watches_gifts,1026.9
2018-04,PR,agro_industry_and_commerce,412.0
2018-04,PR,air_conditioning,34.9
2018-04,PR,art,79.99
2018-04,PR,audio,999.98
2018-04,PR,auto,1795.96
2018-04,PR,baby,1177.59
2018-04,PR,bed_bath_table,3473.49
2018-04,PR,books_general_interest,486.94
2018-04,PR,books_technical,363.95
2018-04,PR,computers,640.0
2018-04,PR,computers_accessories,2826.56
2018-04,PR,consoles_games,957.89
2018-04,PR,construction_tools_construction,3863.64
2018-04,PR,construction_tools_lights,520.0
2018-04,PR,construction_tools_safety,247.0
2018-04,PR,cool_stuff,4098.29
2018-04,PR,diapers_and_hygiene,37.0
2018-04,PR,drinks,721.76
2018-04,PR,dvds_blu_ray,74.7
2018-04,PR,electronics,501.4
2018-04,PR,fashion_bags_accessories,373.5
2018-04,PR,furniture_decor,5138.78
2018-04,PR,furniture_living_room,556.9
2018-04,PR,garden_tools,914.79
2018-04,PR,health_beauty,4208.22
2018-04,PR,home_appliances,1223.65
2018-04,PR,home_appliances_2,626.0
2018-04,PR,home_confort,89.9
2018-04,PR,home_construction,134.2
2018-04,PR,housewares,2779.22
2018-04,PR,industry_commerce_and_business,659.0
2018-04,PR,kitchen_dining_laundry_garden_furniture,82.49
2018-04,PR,luggage_accessories,1274.99
2018-04,PR,musical_instruments,4006.9
2018-04,PR,office_furniture,2187.14
2018-04,PR,perfumery,385.3
2018-04,PR,pet_shop,555.69
2018-04,PR,small_appliances,349.97
2018-04,PR,small_appliances_home_oven_and_coffee,1499.0
2018-04,PR,sports_leisure,5089.14
2018-04,PR,stationery,1100.47
2018-04,PR,tablets_printing_image,52.0
2018-04,PR,telephony,1038.44
2018-04,PR,toys,505.09
2018-04,PR,unknown,693.04
2018-04,PR,watches_gifts,7078.02
2018-04,RJ,air_conditioning,524.79
2018-04,RJ,art,440.28
2018-04,RJ,audio,1089.78
2018-04,RJ,auto,4952.12
2018-04,RJ,baby,4367.14
2018-04,RJ,bed_bath_table,10842.47
2018-04,RJ,books_general_interest,217.0
2018-04,RJ,books_technical,159.94
2018-04,RJ,christmas_supplies,15.36
2018-04,RJ,cine_photo,49.8
2018-04,RJ,computers,1699.98
2018-04,RJ,computers_accessories,4855.63
2018-04,RJ,consoles_games,121.44
2018-04,RJ,construction_tools_construction,837.94
2018-04,RJ,construction_tools_lights,162.9
2018-04,RJ,construction_tools_safety,438.66
2018-04,RJ,cool_stuff,4529.44
2018-04,RJ,costruction_tools_garden,671.89
2018-04,RJ,costruction_tools_tools,280.89
2018-04,RJ,drinks,3031.39
2018-04,RJ,electronics,1690.94
2018-04,RJ,fashion_bags_accessories,294.66
2018-04,RJ,fashion_sport,89.9
2018-04,RJ,fixed_telephony,791.0
2018-04,RJ,flowers,42.0
2018-04,RJ,food,170.91
2018-04,RJ,food_drink,59.4
2018-04,RJ,furniture_bedroom,506.0
2018-04,RJ,furniture_decor,6930.12
2018-04,RJ,furniture_living_room,1099.74
2018-04,RJ,garden_tools,3250.92
2018-04,RJ,health_beauty,9108.57
2018-04,RJ,home_appliances,494.51
2018-04,RJ,home_appliances_2,10107.9
2018-04,RJ,home_confort,86.9
2018-04,RJ,home_construction,559.15
2018-04,RJ,housewares,4727.77
2018-04,RJ,industry_commerce_and_business,507.0
2018-04,RJ,kitchen_dining_laundry_garden_furniture,1349.7
2018-04,RJ,luggage_accessories,765.77
2018-04,RJ,market_place,147.89
2018-04,RJ,music,160.99
2018-04,RJ,musical_instruments,952.33
2018-04,RJ,office_furniture,3595.02
2018-04,RJ,perfumery,2438.06
2018-04,RJ,pet_shop,2370.25
2018-04,RJ,signaling_and_security,991.43
2018-04,RJ,small_appliances,1415.31
2018-04,RJ,sports_leisure,7681.89
2018-04,RJ,stationery,880.47
2018-04,RJ,telephony,983.6
2018-04,RJ,toys,2659.83
2018-04,RJ,unknown,978.78
2018-04,RJ,watches_gifts,11877.79
2018-04,RN,art,79.99
2018-04,RN,auto,45.9
2018-04,RN,baby,99.49
2018-04,RN,bed_bath_table,34.99
2018-04,RN,books_general_interest,524.9
2018-04,RN,computers_accessories,519.8
2018-04,RN,cool_stuff,169.99
2018-04,RN,electronics,52.19
2018-04,RN,fashion_bags_accessories,117.0
2018-04,RN,fashion_shoes,199.7
2018-04,RN,food,27.9
2018-04,RN,furniture_decor,188.24
2018-04,RN,health_beauty,569.9
2018-04,RN,housewares,218.0
2018-04,RN,musical_instruments,299.9
2018-04,RN,office_furniture,154.99
2018-04,RN,perfumery,117.7
2018-04,RN,pet_shop,99.9
2018-04,RN,telephony,1058.99
2018-04,RN,toys,249.8
2018-04,RN,watches_gifts,1172.47
2018-04,RO,baby,48.9
2018-04,RO,computers_accessories,299.8
2018-04,RO,construction_tools_construction,245.6
2018-04,RO,fashion_bags_accessories,49.9
2018-04,RO,office_furniture,299.0
2018-04,RO,pet_shop,190.0
2018-04,RO,small_appliances_home_oven_and_coffee,1999.0
2018-04,RO,watches_gifts,367.57
2018-04,RR,electronics,13.65
2018-04,RR,home_appliances,699.0
2018-04,RS,agro_industry_and_commerce,77.0
2018-04,RS,air_conditioning,210.8
2018-04,RS,auto,4278.79
2018-04,RS,baby,3593.38
2018-04,RS,bed_bath_table,4239.32
2018-04,RS,books_general_interest,166.9
2018-04,RS,cine_photo,371.99
2018-04,RS,computers_accessories,2314.28
2018-04,RS,consoles_games,54.35
2018-04,RS,construction_tools_construction,322.68
2018-04,RS,construction_tools_lights,584.98
2018-04,RS,cool_stuff,3069.4
2018-04,RS,costruction_tools_garden,37.88
2018-04,RS,costruction_tools_tools,205.8
2018-04,RS,drinks,134.7
2018-04,RS,dvds_blu_ray,8.9
2018-04,RS,electronics,465.31
2018-04,RS,fashion_bags_accessories,441.76
2018-04,RS,fashion_shoes,157.9
2018-04,RS,fixed_telephony,256.0
2018-04,RS,furniture_decor,6070.82
2018-04,RS,furniture_living_room,56.9
2018-04,RS,garden_tools,1136.08
2018-04,RS,health_beauty,2595.23
2018-04,RS,home_appliances,713.6
2018-04,RS,home_appliances_2,1558.0
2018-04,RS,home_construction,381.45
2018-04,RS,housewares,2335.73
2018-04,RS,kitchen_dining_laundry_garden_furniture,149.0
2018-04,RS,luggage_accessories,419.8
2018-04,RS,market_place,172.8
2018-04,RS,musical_instruments,497.0
2018-04,RS,office_furniture,389.92
2018-04,RS,perfumery,1491.3
2018-04,RS,pet_shop,252.79
2018-04,RS,signaling_and_security,98.3
2018-04,RS,small_appliances,2081.73
2018-04,RS,sports_leisure,3627.78
2018-04,RS,stationery,312.6
2018-04,RS,telephony,374.19
2018-04,RS,toys,293.2
2018-04,RS,unknown,402.71
2018-04,RS,watches_gifts,3762.4
2018-04,SC,agro_industry_and_commerce,640.0
2018-04,SC,art,175.39
2018-04,SC,auto,2606.01
2018-04,SC,baby,4783.3
2018-04,SC,bed_bath_table,2691.35
2018-04,SC,books_general_interest,218.49
2018-04,SC,computers_accessories,1203.34
2018-04,SC,consoles_games,156.23
2018-04,SC,construction_tools_construction,448.39
2018-04,SC,construction_tools_lights,289.8
2018-04,SC,construction_tools_safety,65.0
2018-04,SC,cool_stuff,1083.27
2018-04,SC,costruction_tools_tools,45.9
2018-04,SC,drinks,119.0
2018-04,SC,electronics,1588.34
2018-04,SC,fashion_bags_accessories,50.88
2018-04,SC,fashion_shoes,180.9
2018-04,SC,fashion_underwear_beach,49.9
2018-04,SC,food,102.8
2018-04,SC,furniture_decor,4911.66
2018-04,SC,furniture_living_room,324.99
2018-04,SC,garden_tools,3750.47
2018-04,SC,health_beauty,3100.36
2018-04,SC,home_appliances,832.95
2018-04,SC,home_appliances_2,1148.0
2018-04,SC,home_construction,223.75
2018-04,SC,housewares,1010.1
2018-04,SC,industry_commerce_and_business,262.0
2018-04,SC,kitchen_dining_laundry_garden_furniture,54.9
2018-04,SC,market_place,47.9
2018-04,SC,musical_instruments,1916.05
2018-04,SC,office_furniture,949.54
2018-04,SC,perfumery,707.89
2018-04,SC,pet_shop,402.5
2018-04,SC,small_appliances,79.36
2018-04,SC,small_appliances_home_oven_and_coffee,899.0
2018-04,SC,sports_leisure,2716.16
2018-04,SC,stationery,564.84
2018-04,SC,telephony,252.74
2018-04,SC,toys,513.89
2018-04,SC,unknown,1021.42
2018-04,SC,watches_gifts,2367.1
2018-04,SE,baby,109.9
2018-04,SE,bed_bath_table,68.9
2018-04,SE,construction_tools_safety,77.9
2018-04,SE,cool_stuff,209.99
2018-04,SE,electronics,13.65
2018-04,SE,garden_tools,1670.0
2018-04,SE,health_beauty,614.78
2018-04,SE,housewares,72.9
2018-04,SE,toys,171.5
2018-04,SE,watches_gifts,99.9
2018-04,SP,agro_industry_and_commerce,1020.4
2018-04,SP,air_conditioning,997.5
2018-04,SP,art,1149.83
2018-04,SP,audio,2866.0
2018-04,SP,auto,17005.33
2018-04,SP,baby,14398.8
2018-04,SP,bed_bath_table,32269.27
2018-04,SP,books_general_interest,2733.23
2018-04,SP,books_imported,317.99
2018-04,SP,books_technical,283.88
2018-04,SP,christmas_supplies,70.47
2018-04,SP,computers,6896.97
2018-04,SP,computers_accessories,26199.11
2018-04,SP,consoles_games,1369.37
2018-04,SP,construction_tools_construction,4957.91
2018-04,SP,construction_tools_lights,1789.99
2018-04,SP,construction_tools_safety,1201.01
2018-04,SP,cool_stuff,12871.47
2018-04,SP,costruction_tools_garden,540.7
2018-04,SP,costruction_tools_tools,284.8
2018-04,SP,diapers_and_hygiene,112.0
2018-04,SP,drinks,947.1
2018-04,SP,dvds_blu_ray,8.9
2018-04,SP,electronics,2884.29
2018-04,SP,fashio_female_clothing,174.95
2018-04,SP,fashion_bags_accessories,3775.58
2018-04,SP,fashion_shoes,298.5
2018-04,SP,fashion_underwear_beach,309.5
2018-04,SP,fixed_telephony,445.97
2018-04,SP,flowers,116.4
2018-04,SP,food,966.67
2018-04,SP,food_drink,279.01
2018-04,SP,furniture_bedroom,527.0
2018-04,SP,furniture_decor,19769.48
2018-04,SP,furniture_living_room,1487.23
2018-04,SP,garden_tools,14483.73
2018-04,SP,health_beauty,39665.18
2018-04,SP,home_appliances,8460.14
2018-04,SP,home_appliances_2,2249.79
2018-04,SP,home_confort,1109.3
2018-04,SP,home_construction,4925.23
2018-04,SP,housewares,22346.5
2018-04,SP,industry_commerce_and_business,3184.66
2018-04,SP,kitchen_dining_laundry_garden_furniture,1142.68
2018-04,SP,la_cuisine,280.0
2018-04,SP,luggage_accessories,3424.02
2018-04,SP,market_place,108.84
2018-04,SP,music,220.0
2018-04,SP,musical_instruments,7400.64
2018-04,SP,office_furniture,8031.78
2018-04,SP,perfumery,6909.8
2018-04,SP,pet_shop,8246.15
2018-04,SP,signaling_and_security,537.77
2018-04,SP,small_appliances,5658.76
2018-04,SP,small_appliances_home_oven_and_coffee,3816.99
2018-04,SP,sports_leisure,26578.71
2018-04,SP,stationery,4800.02
2018-04,SP,telephony,8512.95
2018-04,SP,toys,11742.81
2018-04,SP,unknown,3203.05
2018-04,SP,watches_gifts,32880.88
2018-04,TO,auto,231.49
2018-04,TO,bed_bath_table,78.0
2018-04,TO,consoles_games,77.8
2018-04,TO,furniture_living_room,66.3
2018-04,TO,health_beauty,120.0
2018-04,TO,home_appliances,143.75
2018-04,TO,kitchen_dining_laundry_garden_furniture,129.0
2018-04,TO,office_furniture,559.8
2018-04,TO,perfumery,134.9
2018-04,TO,small_appliances_home_oven_and_coffee,1999.0
2018-04,TO,sports_leisure,219.9
2018-04,TO,telephony,21.99
2018-04,TO,toys,95.89
2018-04,TO,watches_gifts,414.0
2018-05,AC,books_general_interest,524.9
2018-05,AC,telephony,839.99
2018-05,AL,audio,137.2
2018-05,AL,baby,50.0
2018-05,AL,computers_accessories,528.6
2018-05,AL,cool_stuff,519.98
2018-05,AL,electronics,13.2
2018-05,AL,furniture_decor,27.0
2018-05,AL,health_beauty,349.9
2018-05,AL,home_appliances,55.0
2018-05,AL,housewares,43.9
2018-05,AL,office_furniture,156.94
2018-05,AL,watches_gifts,1775.37
2018-05,AM,art,58.35
2018-05,AM,books_general_interest,87.0
2018-05,AM,computers_accessories,28.9
2018-05,AM,consoles_games,79.9
2018-05,AM,health_beauty,1325.55
2018-05,AM,music,16.1
2018-05,AM,telephony,216.0
2018-05,AP,computers_accessories,299.8
2018-05,AP,housewares,256.0
2018-05,AP,sports_leisure,99.99
2018-05,AP,toys,199.99
2018-05,AP,watches_gifts,99.9
2018-05,BA,art,328.78
2018-05,BA,audio,600.9
2018-05,BA,auto,964.96
2018-05,BA,baby,443.62
2018-05,BA,bed_bath_table,1652.47
2018-05,BA,books_general_interest,45.9
2018-05,BA,computers_accessories,1478.51
2018-05,BA,consoles_games,36.2
2018-05,BA,construction_tools_construction,1856.49
2018-05,BA,cool_stuff,791.96
2018-05,BA,electronics,395.55
2018-05,BA,fashion_bags_accessories,254.9
2018-05,BA,fashion_shoes,199.7
2018-05,BA,furniture_decor,1835.15
2018-05,BA,furniture_living_room,598.89
2018-05,BA,garden_tools,3314.57
2018-05,BA,health_beauty,4970.25
2018-05,BA,home_appliances,265.85
2018-05,BA,home_appliances_2,1079.9
2018-05,BA,home_construction,127.35
2018-05,BA,housewares,2002.4
2018-05,BA,luggage_accessories,265.49
2018-05,BA,office_furniture,1505.29
2018-05,BA,perfumery,218.9
2018-05,BA,pet_shop,514.48
2018-05,BA,signaling_and_security,25.0
2018-05,BA,small_appliances,159.9
2018-05,BA,small_appliances_home_oven_and_coffee,750.0
2018-05,BA,sports_leisure,1051.8
2018-05,BA,stationery,247.44
2018-05,BA,telephony,467.33
2018-05,BA,toys,1633.01
2018-05,BA,unknown,179.5
2018-05,BA,watches_gifts,4708.0
2018-05,CE,auto,59.9
2018-05,CE,baby,527.38
2018-05,CE,bed_bath_table,99.89
2018-05,CE,books_general_interest,594.35
2018-05,CE,computers_accessories,382.89
2018-05,CE,consoles_games,201.8
2018-05,CE,construction_tools_construction,39.9
2018-05,CE,cool_stuff,89.99
2018-05,CE,costruction_tools_tools,93.0
2018-05,CE,fashion_bags_accessories,73.9
2018-05,CE,fixed_telephony,299.0
2018-05,CE,furniture_decor,239.79
2018-05,CE,garden_tools,859.99
2018-05,CE,health_beauty,1344.99
2018-05,CE,home_appliances,124.3
2018-05,CE,home_appliances_2,159.9
2018-05,CE,housewares,469.69
2018-05,CE,musical_instruments,1790.0
2018-05,CE,office_furniture,558.99
2018-05,CE,perfumery,279.59
2018-05,CE,pet_shop,35.9
2018-05,CE,sports_leisure,376.59
2018-05,CE,stationery,200.0
2018-05,CE,telephony,167.95
2018-05,CE,toys,1386.99
2018-05,CE,watches_gifts,1473.89
2018-05,DF,air_conditioning,139.0
2018-05,DF,auto,2382.17
2018-05,DF,baby,469.29
2018-05,DF,bed_bath_table,961.25
2018-05,DF,books_general_interest,95.0
2018-05,DF,computers_accessories,956.48
2018-05,DF,consoles_games,169.9
2018-05,DF,construction_tools_construction,42.99
2018-05,DF,cool_stuff,610.95
2018-05,DF,drinks,47.49
2018-05,DF,dvds_blu_ray,83.99
2018-05,DF,electronics,268.4
2018-05,DF,fashion_bags_accessories,348.9
2018-05,DF,fashion_shoes,157.9
2018-05,DF,furniture_decor,1873.05
2018-05,DF,garden_tools,2603.9
2018-05,DF,health_beauty,3839.78
2018-05,DF,home_appliances_2,139.9
2018-05,DF,housewares,1458.7
2018-05,DF,industry_commerce_and_business,99.0
2018-05,DF,luggage_accessories,594.34
2018-05,DF,musical_instruments,340.0
2018-05,DF,office_furniture,118.9
2018-05,DF,perfumery,343.89
2018-05,DF,pet_shop,159.6
2018-05,DF,small_appliances,59.99
2018-05,DF,sports_leisure,2220.49
2018-05,DF,stationery,330.07
2018-05,DF,telephony,29.99
2018-05,DF,toys,368.69
2018-05,DF,unknown,185.0
2018-05,DF,watches_gifts,3683.6
2018-05,ES,auto,208.8
2018-05,ES,baby,779.57
2018-05,ES,bed_bath_table,1247.7
2018-05,ES,books_technical,173.67
2018-05,ES,computers_accessories,542.58
2018-05,ES,consoles_games,54.99
2018-05,ES,construction_tools_construction,1066.3
2018-05,ES,construction_tools_lights,90.0
2018-05,ES,cool_stuff,520.89
2018-05,ES,costruction_tools_garden,385.0
2018-05,ES,electronics,89.25
2018-05,ES,fashion_bags_accessories,89.0
2018-05,ES,furniture_decor,1579.1
2018-05,ES,garden_tools,672.16
2018-05,ES,health_beauty,2010.32
2018-05,ES,home_appliances,22.22
2018-05,ES,home_construction,75.9
2018-05,ES,housewares,652.3
2018-05,ES,industry_commerce_and_business,38.0
2018-05,ES,musical_instruments,110.0
2018-05,ES,office_furniture,79.98
2018-05,ES,party_supplies,40.0
2018-05,ES,perfumery,636.7
2018-05,ES,pet_shop,189.99
2018-05,ES,sports_leisure,1465.53
2018-05,ES,telephony,199.93
2018-05,ES,toys,738.37
2018-05,ES,watches_gifts,4894.59
2018-05,GO,art,99.99
2018-05,GO,auto,738.87
2018-05,GO,baby,1205.28
2018-05,GO,bed_bath_table,526.68
2018-05,GO,books_general_interest,189.0
2018-05,GO,computers,1859.97
2018-05,GO,computers_accessories,807.59
2018-05,GO,construction_tools_construction,400.6
2018-05,GO,construction_tools_lights,145.0
2018-05,GO,cool_stuff,804.88
2018-05,GO,electronics,72.28
2018-05,GO,fashion_bags_accessories,115.0
2018-05,GO,fashion_shoes,99.9
2018-05,GO,food,70.47
2018-05,GO,furniture_decor,1582.6
2018-05,GO,garden_tools,918.48
2018-05,GO,health_beauty,1938.33
2018-05,GO,home_appliances_2,750.0
2018-05,GO,home_confort,86.9
2018-05,GO,home_construction,151.8
2018-05,GO,housewares,2305.9
2018-05,GO,kitchen_dining_laundry_garden_furniture,216.0
2018-05,GO,musical_instruments,28.0
2018-05,GO,office_furniture,409.87
2018-05,GO,party_supplies,43.8
2018-05,GO,perfumery,537.66
2018-05,GO,pet_shop,139.8
2018-05,GO,signaling_and_security,75.9
2018-05,GO,sports_leisure,3021.69
2018-05,GO,telephony,195.97
2018-05,GO,toys,1103.36
2018-05,GO,unknown,119.98
2018-05,GO,watches_gifts,3143.7
2018-05,MA,books_technical,57.89
2018-05,MA,cine_photo,49.8
2018-05,MA,computers_accessories,3347.75
2018-05,MA,cool_stuff,89.99
2018-05,MA,electronics,13.65
2018-05,MA,furniture_decor,229.0
2018-05,MA,garden_tools,99.8
2018-05,MA,health_beauty,980.97
2018-05,MA,housewares,48.9
2018-05,MA,industry_commerce_and_business,125.0
2018-05,MA,musical_instruments,55.0
2018-05,MA,office_furniture,289.0
2018-05,MA,small_appliances,193.0
2018-05,MA,sports_leisure,547.9
2018-05,MA,stationery,19.87
2018-05,MA,telephony,52.98
2018-05,MA,toys,309.0
2018-05,MA,watches_gifts,574.54
2018-05,MG,art,252.9
2018-05,MG,audio,14.9
2018-05,MG,auto,6517.37
2018-05,MG,baby,3407.67
2018-05,MG,bed_bath_table,9214.46
2018-05,MG,books_general_interest,153.89
2018-05,MG,books_imported,21.99
2018-05,MG,books_technical,713.51
2018-05,MG,christmas_supplies,239.8
2018-05,MG,computers_accessories,6583.25
2018-05,MG,consoles_games,657.16
2018-05,MG,construction_tools_construction,1847.29
2018-05,MG,construction_tools_lights,1184.96
2018-05,MG,construction_tools_safety,267.8
2018-05,MG,cool_stuff,4461.88
2018-05,MG,costruction_tools_garden,51.44
2018-05,MG,diapers_and_hygiene,43.0
2018-05,MG,drinks,344.19
2018-05,MG,dvds_blu_ray,83.99
2018-05,MG,electronics,2209.25
2018-05,MG,fashion_bags_accessories,2160.99
2018-05,MG,fashion_shoes,99.9
2018-05,MG,flowers,16.4
2018-05,MG,food,272.2
2018-05,MG,food_drink,119.97
2018-05,MG,furniture_bedroom,650.0
2018-05,MG,furniture_decor,4764.52
2018-05,MG,garden_tools,4270.02
2018-05,MG,health_beauty,8627.68
2018-05,MG,home_appliances,534.91
2018-05,MG,home_confort,392.8
2018-05,MG,home_construction,707.65
2018-05,MG,housewares,6599.31
2018-05,MG,industry_commerce_and_business,220.0
2018-05,MG,kitchen_dining_laundry_garden_furniture,129.9
2018-05,MG,luggage_accessories,844.08
2018-05,MG,market_place,247.99
2018-05,MG,music,272.9
2018-05,MG,musical_instruments,2259.7
2018-05,MG,office_furniture,890.72
2018-05,MG,perfumery,2235.74
2018-05,MG,pet_shop,1397.05
2018-05,MG,small_appliances,1976.97
2018-05,MG,small_appliances_home_oven_and_coffee,579.0
2018-05,MG,sports_leisure,5751.23
2018-05,MG,stationery,891.7
2018-05,MG,telephony,2226.73
2018-05,MG,toys,3002.94
2018-05,MG,unknown,390.67
2018-05,MG,watches_gifts,10973.98
2018-05,MS,auto,24.0
2018-05,MS,baby,269.8
2018-05,MS,bed_bath_table,128.24
2018-05,MS,books_technical,28.9
2018-05,MS,computers_accessories,119.0
2018-05,MS,construction_tools_safety,2062.99
2018-05,MS,cool_stuff,100.0
2018-05,MS,electronics,31.64
2018-05,MS,fashion_bags_accessories,176.8
2018-05,MS,furniture_decor,519.5
2018-05,MS,garden_tools,99.0
2018-05,MS,health_beauty,446.3
2018-05,MS,home_construction,284.45
2018-05,MS,housewares,120.0
2018-05,MS,musical_instruments,2548.9
2018-05,MS,pet_shop,392.97
2018-05,MS,sports_leisure,1294.89
2018-05,MS,stationery,341.7
2018-05,MS,telephony,174.99
2018-05,MS,toys,379.99
2018-05,MS,watches_gifts,379.0
2018-05,MT,auto,183.9
2018-05,MT,baby,463.9
2018-05,MT,bed_bath_table,537.89
2018-05,MT,books_technical,93.3
2018-05,MT,computers_accessories,358.84
2018-05,MT,construction_tools_lights,399.99
2018-05,MT,construction_tools_safety,537.43
2018-05,MT,cool_stuff,378.99
2018-05,MT,electronics,33.55
2018-05,MT,fashion_bags_accessories,34.99
2018-05,MT,fashion_shoes,99.9
2018-05,MT,furniture_decor,1441.17
2018-05,MT,garden_tools,1315.8
2018-05,MT,health_beauty,1083.79
2018-05,MT,home_construction,79.8
2018-05,MT,housewares,128.99
2018-05,MT,industry_commerce_and_business,99.0
2018-05,MT,luggage_accessories,189.9
2018-05,MT,market_place,89.9
2018-05,MT,musical_instruments,1890.0
2018-05,MT,office_furniture,164.89
2018-05,MT,pet_shop,125.5
2018-05,MT,sports_leisure,699.98
2018-05,MT,telephony,123.96
2018-05,MT,toys,988.79
2018-05,MT,watches_gifts,717.7
2018-05,PA,auto,228.99
2018-05,PA,baby,430.8
2018-05,PA,books_general_interest,39.99
2018-05,PA,cine_photo,49.8
2018-05,PA,computers_accessories,672.48
2018-05,PA,cool_stuff,157.0
2018-05,PA,electronics,108.89
2018-05,PA,fashion_bags_accessories,69.9
2018-05,PA,furniture_decor,1429.7
2018-05,PA,garden_tools,161.7
2018-05,PA,health_beauty,1127.6
2018-05,PA,housewares,109.8
2018-05,PA,portable_kitchen_food_preparers,979.0
2018-05,PA,sports_leisure,314.0
2018-05,PA,stationery,165.0
2018-05,PA,telephony,1236.99
2018-05,PA,unknown,54.0
2018-05,PA,watches_gifts,120.0
2018-05,PB,bed_bath_table,313.8
2018-05,PB,computers_accessories,572.8
2018-05,PB,electronics,14.99
2018-05,PB,furniture_decor,150.0
2018-05,PB,health_beauty,277.99
2018-05,PB,housewares,48.9
2018-05,PB,perfumery,157.8
2018-05,PB,small_appliances,899.9
2018-05,PB,stationery,119.9
2018-05,PB,telephony,89.97
2018-05,PB,toys,499.9
2018-05,PB,watches_gifts,1714.49
2018-05,PE,auto,552.87
2018-05,PE,baby,99.49
2018-05,PE,bed_bath_table,568.2
2018-05,PE,books_general_interest,49.99
2018-05,PE,cine_photo,49.8
2018-05,PE,computers_accessories,1504.94
2018-05,PE,construction_tools_construction,109.99
2018-05,PE,construction_tools_lights,169.99
2018-05,PE,cool_stuff,1314.73
2018-05,PE,costruction_tools_garden,26.84
2018-05,PE,electronics,397.12
2018-05,PE,fashion_bags_accessories,108.9
2018-05,PE,furniture_decor,421.9
2018-05,PE,garden_tools,95.0
2018-05,PE,health_beauty,859.37
2018-05,PE,housewares,861.76
2018-05,PE,industry_commerce_and_business,69.0
2018-05,PE,perfumery,340.88
2018-05,PE,sports_leisure,938.89
2018-05,PE,stationery,45.0
2018-05,PE,telephony,641.8
2018-05,PE,toys,35.9
2018-05,PE,unknown,179.97
2018-05,PE,watches_gifts,4141.7
2018-05,PI,auto,818.9
2018-05,PI,bed_bath_table,378.8
2018-05,PI,computers_accessories,149.9
2018-05,PI,consoles_games,146.7
2018-05,PI,electronics,593.7
2018-05,PI,furniture_decor,135.0
2018-05,PI,health_beauty,1049.7
2018-05,PI,home_construction,319.9
2018-05,PI,housewares,288.0
2018-05,PI,musical_instruments,780.0
2018-05,PI,office_furniture,354.78
2018-05,PI,pet_shop,98.0
2018-05,PI,sports_leisure,128.8
2018-05,PI,telephony,91.97
2018-05,PI,toys,199.99
2018-05,PI,watches_gifts,1141.57
2018-05,PR,agro_industry_and_commerce,429.0
2018-05,PR,air_conditioning,190.0
2018-05,PR,art,99.99
2018-05,PR,audio,70.9
2018-05,PR,auto,2275.87
2018-05,PR,baby,3309.38
2018-05,PR,bed_bath_table,2552.47
2018-05,PR,books_general_interest,223.89
2018-05,PR,books_technical,92.89
2018-05,PR,cine_photo,293.6
2018-05,PR,computers_accessories,916.8
2018-05,PR,consoles_games,465.89
2018-05,PR,construction_tools_construction,639.26
2018-05,PR,construction_tools_lights,29.9
2018-05,PR,construction_tools_safety,339.9
2018-05,PR,cool_stuff,1227.86
2018-05,PR,costruction_tools_tools,93.0
2018-05,PR,drinks,119.8
2018-05,PR,electronics,544.45
2018-05,PR,fashion_bags_accessories,373.38
2018-05,PR,fashion_male_clothing,129.99
2018-05,PR,food,84.87
2018-05,PR,food_drink,76.0
2018-05,PR,furniture_decor,3127.88
2018-05,PR,garden_tools,2211.6
2018-05,PR,health_beauty,3891.21
2018-05,PR,home_appliances,394.8
2018-05,PR,home_construction,428.52
2018-05,PR,housewares,2154.38
2018-05,PR,luggage_accessories,204.0
2018-05,PR,market_place,47.9
2018-05,PR,musical_instruments,1003.95
2018-05,PR,office_furniture,1061.54
2018-05,PR,perfumery,364.96
2018-05,PR,pet_shop,493.9
2018-05,PR,small_appliances,1199.0
2018-05,PR,small_appliances_home_oven_and_coffee,3598.0
2018-05,PR,sports_leisure,2864.73
2018-05,PR,stationery,125.2
2018-05,PR,telephony,491.73
2018-05,PR,toys,1847.28
2018-05,PR,unknown,280.0
2018-05,PR,watches_gifts,5783.41
2018-05,RJ,agro_industry_and_commerce,679.9
2018-05,RJ,air_conditioning,337.4
2018-05,RJ,art,334.46
2018-05,RJ,audio,84.8
2018-05,RJ,auto,4250.61
2018-05,RJ,baby,2005.37
2018-05,RJ,bed_bath_table,7139.1
2018-05,RJ,books_general_interest,594.79
2018-05,RJ,books_imported,212.0
2018-05,RJ,books_technical,200.63
2018-05,RJ,christmas_supplies,19.83
2018-05,RJ,cine_photo,49.8
2018-05,RJ,computers_accessories,3921.8
2018-05,RJ,consoles_games,11.5
2018-05,RJ,construction_tools_construction,2867.99
2018-05,RJ,construction_tools_safety,1040.89
2018-05,RJ,cool_stuff,5323.28
2018-05,RJ,costruction_tools_garden,365.1
2018-05,RJ,costruction_tools_tools,93.0
2018-05,RJ,drinks,223.49
2018-05,RJ,dvds_blu_ray,163.97
2018-05,RJ,electronics,1352.36
2018-05,RJ,fashion_bags_accessories,1130.58
2018-05,RJ,fashion_shoes,175.9
2018-05,RJ,food,255.1
2018-05,RJ,food_drink,288.02
2018-05,RJ,furniture_bedroom,466.98
2018-05,RJ,furniture_decor,6290.77
2018-05,RJ,furniture_living_room,1585.41
2018-05,RJ,garden_tools,8439.69
2018-05,RJ,health_beauty,11633.31
2018-05,RJ,home_appliances,1558.59
2018-05,RJ,home_appliances_2,5611.98
2018-05,RJ,home_confort,390.9
2018-05,RJ,home_construction,846.39
2018-05,RJ,housewares,8585.02
2018-05,RJ,industry_commerce_and_business,289.0
2018-05,RJ,kitchen_dining_laundry_garden_furniture,189.99
2018-05,RJ,luggage_accessories,641.7
2018-05,RJ,market_place,65.0
2018-05,RJ,music,440.0
2018-05,RJ,musical_instruments,1670.68
2018-05,RJ,office_furniture,1449.65
2018-05,RJ,perfumery,4142.37
2018-05,RJ,pet_shop,938.42
2018-05,RJ,small_appliances,1902.45
2018-05,RJ,small_appliances_home_oven_and_coffee,858.9
2018-05,RJ,sports_leisure,5352.48
2018-05,RJ,stationery,1961.45
2018-05,RJ,telephony,2550.73
2018-05,RJ,toys,2992.19
2018-05,RJ,unknown,347.13
2018-05,RJ,watches_gifts,19779.25
2018-05,RN,baby,14.9
2018-05,RN,computers_accessories,149.9
2018-05,RN,electronics,14.6
2018-05,RN,furniture_decor,144.9
2018-05,RN,garden_tools,147.79
2018-05,RN,health_beauty,1087.88
2018-05,RN,home_appliances,130.8
2018-05,RN,housewares,219.48
2018-05,RN,small_appliances,69.0
2018-05,RN,stationery,1727.0
2018-05,RN,telephony,67.98
2018-05,RN,toys,139.99
2018-05,RN,watches_gifts,318.8
2018-05,RO,art,99.99
2018-05,RO,bed_bath_table,139.9
2018-05,RO,construction_tools_safety,339.9
2018-05,RO,cool_stuff,189.9
2018-05,RO,costruction_tools_garden,41.47
2018-05,RO,garden_tools,107.8
2018-05,RO,health_beauty,45.0
2018-05,RO,housewares,150.0
2018-05,RO,perfumery,398.99
2018-05,RO,stationery,59.9
2018-05,RO,telephony,337.5
2018-05,RO,toys,234.89
2018-05,RO,watches_gifts,110.0
2018-05,RR,sports_leisure,89.9
2018-05,RS,agro_industry_and_commerce,68.85
2018-05,RS,air_conditioning,469.0
2018-05,RS,audio,14.9
2018-05,RS,auto,1135.69
2018-05,RS,baby,2073.99
2018-05,RS,bed_bath_table,5086.54
2018-05,RS,books_general_interest,594.35
2018-05,RS,books_technical,203.23
2018-05,RS,christmas_supplies,67.2
2018-05,RS,cine_photo,119.9
2018-05,RS,computers_accessories,3621.48
2018-05,RS,construction_tools_construction,1172.4
2018-05,RS,construction_tools_lights,499.99
2018-05,RS,cool_stuff,2094.62
2018-05,RS,drinks,318.8
2018-05,RS,electronics,529.1
2018-05,RS,fashion_bags_accessories,278.9
2018-05,RS,fixed_telephony,129.0
2018-05,RS,furniture_decor,4051.87
2018-05,RS,furniture_living_room,75.0
2018-05,RS,garden_tools,1240.78
2018-05,RS,health_beauty,2448.87
2018-05,RS,home_appliances,263.4
2018-05,RS,home_appliances_2,109.9
2018-05,RS,home_confort,329.0
2018-05,RS,home_construction,670.65
2018-05,RS,housewares,4659.54
2018-05,RS,industry_commerce_and_business,716.99
2018-05,RS,luggage_accessories,679.7
2018-05,RS,market_place,82.89
2018-05,RS,musical_instruments,1262.49
2018-05,RS,office_furniture,964.69
2018-05,RS,perfumery,1731.51
2018-05,RS,pet_shop,505.5
2018-05,RS,portable_kitchen_food_preparers,979.0
2018-05,RS,signaling_and_security,75.9
2018-05,RS,small_appliances,285.4
2018-05,RS,sports_leisure,4076.42
2018-05,RS,stationery,614.43
2018-05,RS,telephony,651.24
2018-05,RS,toys,1175.55
2018-05,RS,unknown,339.11
2018-05,RS,watches_gifts,4033.78
2018-05,SC,audio,55.0
2018-05,SC,auto,2902.54
2018-05,SC,baby,758.56
2018-05,SC,bed_bath_table,1645.45
2018-05,SC,books_general_interest,47.8
2018-05,SC,books_technical,57.89
2018-05,SC,christmas_supplies,159.8
2018-05,SC,cine_photo,873.99
2018-05,SC,computers_accessories,2766.49
2018-05,SC,consoles_games,79.9
2018-05,SC,construction_tools_construction,320.13
2018-05,SC,construction_tools_lights,169.99
2018-05,SC,construction_tools_safety,403.9
2018-05,SC,cool_stuff,1696.77
2018-05,SC,drinks,308.5
2018-05,SC,electronics,2836.94
2018-05,SC,fashion_underwear_beach,57.7
2018-05,SC,fixed_telephony,250.0
2018-05,SC,food,27.9
2018-05,SC,furniture_decor,2604.67
2018-05,SC,furniture_living_room,178.0
2018-05,SC,garden_tools,357.3
2018-05,SC,health_beauty,2385.1
2018-05,SC,home_appliances_2,1819.0
2018-05,SC,housewares,2561.71
2018-05,SC,industry_commerce_and_business,138.0
2018-05,SC,luggage_accessories,234.9
2018-05,SC,musical_instruments,260.0
2018-05,SC,office_furniture,1827.69
2018-05,SC,perfumery,1188.0
2018-05,SC,pet_shop,282.78
2018-05,SC,signaling_and_security,299.8
2018-05,SC,small_appliances,148.4
2018-05,SC,small_appliances_home_oven_and_coffee,858.9
2018-05,SC,sports_leisure,1643.33
2018-05,SC,stationery,525.13
2018-05,SC,telephony,1011.95
2018-05,SC,toys,708.89
2018-05,SC,unknown,233.5
2018-05,SC,watches_gifts,1017.7
2018-05,SE,computers_accessories,527.3
2018-05,SE,fashion_bags_accessories,79.9
2018-05,SE,health_beauty,64.99
2018-05,SE,housewares,170.0
2018-05,SE,sports_leisure,191.0
2018-05,SE,watches_gifts,49.99
2018-05,SP,agro_industry_and_commerce,2102.0
2018-05,SP,air_conditioning,715.9
2018-05,SP,art,1217.51
2018-05,SP,arts_and_craftmanship,89.8
2018-05,SP,audio,1719.08
2018-05,SP,auto,17426.51
2018-05,SP,baby,16944.65
2018-05,SP,bed_bath_table,38908.24
2018-05,SP,books_general_interest,2684.28
2018-05,SP,books_imported,176.93
2018-05,SP,books_technical,1418.62
2018-05,SP,christmas_supplies,37.9
2018-05,SP,cine_photo,621.6
2018-05,SP,computers,6839.95
2018-05,SP,computers_accessories,20393.75
2018-05,SP,consoles_games,3375.33
2018-05,SP,construction_tools_construction,10385.26
2018-05,SP,construction_tools_lights,1664.99
2018-05,SP,construction_tools_safety,1052.2
2018-05,SP,cool_stuff,9575.45
2018-05,SP,costruction_tools_garden,203.43
2018-05,SP,costruction_tools_tools,138.9
2018-05,SP,diapers_and_hygiene,74.0
2018-05,SP,drinks,1143.72
2018-05,SP,dvds_blu_ray,107.99
2018-05,SP,electronics,6637.98
2018-05,SP,fashion_bags_accessories,6194.13
2018-05,SP,fashion_shoes,749.5
2018-05,SP,fashion_underwear_beach,149.7
2018-05,SP,fixed_telephony,1168.2
2018-05,SP,food,832.39
2018-05,SP,food_drink,755.45
2018-05,SP,furniture_bedroom,368.0
2018-05,SP,furniture_decor,21095.98
2018-05,SP,furniture_living_room,283.78
2018-05,SP,garden_tools,10785.41
2018-05,SP,health_beauty,42537.5
2018-05,SP,home_appliances,2799.8
2018-05,SP,home_appliances_2,4770.66
2018-05,SP,home_confort,1509.1
2018-05,SP,home_construction,6462.87
2018-05,SP,housewares,28929.89
2018-05,SP,industry_commerce_and_business,1987.0
2018-05,SP,kitchen_dining_laundry_garden_furniture,1774.2
2018-05,SP,luggage_accessories,2964.35
2018-05,SP,market_place,423.77
2018-05,SP,musical_instruments,4758.35
2018-05,SP,office_furniture,10843.0
2018-05,SP,party_supplies,16.9
2018-05,SP,perfumery,11905.71
2018-05,SP,pet_shop,6434.57
2018-05,SP,signaling_and_security,206.9
2018-05,SP,small_appliances,3726.98
2018-05,SP,small_appliances_home_oven_and_coffee,3516.8
2018-05,SP,sports_leisure,26770.39
2018-05,SP,stationery,5549.6
2018-05,SP,tablets_printing_image,49.9
2018-05,SP,telephony,7076.6
2018-05,SP,toys,13306.81
2018-05,SP,unknown,788.18
2018-05,SP,watches_gifts,47480.02
2018-05,TO,auto,179.49
2018-05,TO,bed_bath_table,163.99
2018-05,TO,electronics,19.89
2018-05,TO,furniture_decor,162.9
2018-05,TO,health_beauty,208.0
2018-05,TO,office_furniture,159.94
2018-05,TO,sports_leisure,309.89
2018-05,TO,toys,285.89
2018-05,TO,watches_gifts,1250.0
2018-06,AC,garden_tools,119.0
2018-06,AC,stationery,129.9
2018-06,AC,watches_gifts,179.0
2018-06,AL,auto,40.0
2018-06,AL,baby,193.98
2018-06,AL,bed_bath_table,159.8
2018-06,AL,computers_accessories,300.0
2018-06,AL,cool_stuff,299.49
2018-06,AL,electronics,24.12
2018-06,AL,furniture_decor,398.0
2018-06,AL,health_beauty,499.8
2018-06,AL,home_construction,150.0
2018-06,AL,perfumery,114.9
2018-06,AL,telephony,1035.54
2018-06,AL,watches_gifts,514.97
2018-06,AM,costruction_tools_garden,72.9
2018-06,AM,health_beauty,501.83
2018-06,AM,tablets_printing_image,50.0
2018-06,AM,toys,299.99
2018-06,AP,art,99.99
2018-06,AP,auto,67.49
2018-06,BA,air_conditioning,31.0
2018-06,BA,audio,14.9
2018-06,BA,auto,2962.93
2018-06,BA,baby,719.68
2018-06,BA,bed_bath_table,1735.48
2018-06,BA,books_general_interest,19.95
2018-06,BA,books_technical,108.99
2018-06,BA,computers,5230.0
2018-06,BA,computers_accessories,849.0
2018-06,BA,consoles_games,202.49
2018-06,BA,construction_tools_construction,214.2
2018-06,BA,construction_tools_lights,214.99
2018-06,BA,cool_stuff,1296.77
2018-06,BA,costruction_tools_tools,250.0
2018-06,BA,drinks,28.9
2018-06,BA,electronics,462.69
2018-06,BA,fashion_bags_accessories,108.9
2018-06,BA,food,27.9
2018-06,BA,furniture_bedroom,80.0
2018-06,BA,furniture_decor,1576.75
2018-06,BA,garden_tools,880.88
2018-06,BA,health_beauty,3484.9
2018-06,BA,home_appliances,577.67
2018-06,BA,home_construction,195.75
2018-06,BA,housewares,1777.61
2018-06,BA,industry_commerce_and_business,140.0
2018-06,BA,musical_instruments,4187.7
2018-06,BA,office_furniture,78.9
2018-06,BA,perfumery,653.69
2018-06,BA,pet_shop,456.98
2018-06,BA,signaling_and_security,319.9
2018-06,BA,sports_leisure,1462.33
2018-06,BA,stationery,119.9
2018-06,BA,telephony,221.86
2018-06,BA,toys,424.4
2018-06,BA,unknown,29.6
2018-06,BA,watches_gifts,3561.99
2018-06,CE,agro_industry_and_commerce,124.9
2018-06,CE,audio,169.0
2018-06,CE,auto,2007.8
2018-06,CE,baby,134.9
2018-06,CE,bed_bath_table,709.5
2018-06,CE,computers,770.0
2018-06,CE,computers_accessories,307.61
2018-06,CE,construction_tools_construction,498.0
2018-06,CE,cool_stuff,2139.99
2018-06,CE,costruction_tools_garden,255.0
2018-06,CE,diapers_and_hygiene,60.0
2018-06,CE,electronics,248.9
2018-06,CE,fashion_bags_accessories,59.0
2018-06,CE,fashion_shoes,99.9
2018-06,CE,furniture_decor,350.98
2018-06,CE,garden_tools,68.26
2018-06,CE,health_beauty,1919.43
2018-06,CE,housewares,1292.94
2018-06,CE,industry_commerce_and_business,110.0
2018-06,CE,luggage_accessories,369.99
2018-06,CE,musical_instruments,164.9
2018-06,CE,office_furniture,299.98
2018-06,CE,perfumery,853.0
2018-06,CE,pet_shop,44.99
2018-06,CE,sports_leisure,1395.58
2018-06,CE,stationery,288.89
2018-06,CE,toys,228.99
2018-06,CE,watches_gifts,1267.99
2018-06,DF,art,49.9
2018-06,DF,audio,600.9
2018-06,DF,auto,1943.33
2018-06,DF,baby,675.6
2018-06,DF,bed_bath_table,476.5
2018-06,DF,books_general_interest,174.89
2018-06,DF,christmas_supplies,69.9
2018-06,DF,computers_accessories,561.82
2018-06,DF,consoles_games,507.29
2018-06,DF,construction_tools_construction,578.19
2018-06,DF,construction_tools_safety,25.0
2018-06,DF,cool_stuff,868.97
2018-06,DF,electronics,438.94
2018-06,DF,fashion_bags_accessories,518.9
2018-06,DF,furniture_decor,205.1
2018-06,DF,garden_tools,194.89
2018-06,DF,health_beauty,4039.02
2018-06,DF,home_appliances,115.39
2018-06,DF,home_construction,119.85
2018-06,DF,housewares,1338.99
2018-06,DF,industry_commerce_and_business,165.0
2018-06,DF,music,50.35
2018-06,DF,perfumery,343.0
2018-06,DF,pet_shop,629.85
2018-06,DF,signaling_and_security,56.0
2018-06,DF,small_appliances,849.0
2018-06,DF,sports_leisure,946.2
2018-06,DF,stationery,244.0
2018-06,DF,telephony,185.76
2018-06,DF,toys,269.7
2018-06,DF,watches_gifts,2004.59
2018-06,ES,audio,14.9
2018-06,ES,auto,2557.5
2018-06,ES,baby,351.75
2018-06,ES,bed_bath_table,1005.09
2018-06,ES,books_general_interest,29.95
2018-06,ES,books_technical,17.99
2018-06,ES,computers_accessories,379.8
2018-06,ES,consoles_games,438.5
2018-06,ES,construction_tools_construction,622.96
2018-06,ES,construction_tools_lights,113.3
2018-06,ES,cool_stuff,265.0
2018-06,ES,electronics,296.92
2018-06,ES,fashion_bags_accessories,32.0
2018-06,ES,fashion_shoes,89.9
2018-06,ES,food,50.9
2018-06,ES,furniture_decor,954.78
2018-06,ES,garden_tools,1209.78
2018-06,ES,health_beauty,2580.89
2018-06,ES,home_confort,79.9
2018-06,ES,home_construction,119.85
2018-06,ES,housewares,471.0
2018-06,ES,industry_commerce_and_business,98.0
2018-06,ES,market_place,65.0
2018-06,ES,office_furniture,252.92
2018-06,ES,perfumery,126.8
2018-06,ES,pet_shop,237.97
2018-06,ES,sports_leisure,1047.39
2018-06,ES,stationery,353.4
2018-06,ES,telephony,1170.25
2018-06,ES,toys,1106.87
2018-06,ES,watches_gifts,961.7
2018-06,GO,agro_industry_and_commerce,549.0
2018-06,GO,auto,1177.0
2018-06,GO,baby,787.64
2018-06,GO,bed_bath_table,410.88
2018-06,GO,computers_accessories,79.66
2018-06,GO,consoles_games,259.8
2018-06,GO,construction_tools_construction,72.89
2018-06,GO,construction_tools_lights,230.0
2018-06,GO,electronics,101.9
2018-06,GO,fashion_bags_accessories,417.99
2018-06,GO,fashion_underwear_beach,59.9
2018-06,GO,fixed_telephony,77.9
2018-06,GO,furniture_decor,620.77
2018-06,GO,furniture_living_room,69.99
2018-06,GO,garden_tools,43.2
2018-06,GO,health_beauty,1648.64
2018-06,GO,home_appliances,70.34
2018-06,GO,home_appliances_2,750.0
2018-06,GO,home_construction,129.95
2018-06,GO,housewares,1963.08
2018-06,GO,industry_commerce_and_business,110.0
2018-06,GO,musical_instruments,126.12
2018-06,GO,perfumery,222.3
2018-06,GO,signaling_and_security,79.9
2018-06,GO,small_appliances,229.7
2018-06,GO,sports_leisure,829.98
2018-06,GO,stationery,227.0
2018-06,GO,telephony,439.18
2018-06,GO,toys,94.88
2018-06,GO,unknown,139.77
2018-06,GO,watches_gifts,2338.7
2018-06,MA,audio,44.99
2018-06,MA,auto,413.78
2018-06,MA,baby,738.9
2018-06,MA,bed_bath_table,173.4
2018-06,MA,computers_accessories,647.13
2018-06,MA,cool_stuff,209.99
2018-06,MA,garden_tools,44.0
2018-06,MA,health_beauty,1210.75
2018-06,MA,home_construction,318.99
2018-06,MA,office_furniture,139.98
2018-06,MA,perfumery,229.0
2018-06,MA,sports_leisure,59.0
2018-06,MA,telephony,70.98
2018-06,MA,toys,188.8
2018-06,MA,watches_gifts,1419.79
2018-06,MG,art,154.9
2018-06,MG,audio,14.9
2018-06,MG,auto,3185.51
2018-06,MG,baby,3687.97
2018-06,MG,bed_bath_table,8687.82
2018-06,MG,books_general_interest,419.32
2018-06,MG,books_imported,59.89
2018-06,MG,books_technical,422.63
2018-06,MG,christmas_supplies,79.0
2018-06,MG,cine_photo,143.9
2018-06,MG,computers_accessories,5600.91
2018-06,MG,consoles_games,178.9
2018-06,MG,construction_tools_construction,3532.32
2018-06,MG,construction_tools_lights,1234.27
2018-06,MG,construction_tools_safety,139.79
2018-06,MG,cool_stuff,1532.58
2018-06,MG,costruction_tools_tools,185.0
2018-06,MG,electronics,898.39
2018-06,MG,fashion_bags_accessories,859.48
2018-06,MG,fashion_shoes,169.8
2018-06,MG,fashion_underwear_beach,19.5
2018-06,MG,fixed_telephony,268.99
2018-06,MG,furniture_decor,4386.17
2018-06,MG,furniture_living_room,425.7
2018-06,MG,garden_tools,3119.75
2018-06,MG,health_beauty,14649.2
2018-06,MG,home_appliances,254.0
2018-06,MG,home_appliances_2,243.9
2018-06,MG,home_construction,1652.25
2018-06,MG,housewares,7889.83
2018-06,MG,kitchen_dining_laundry_garden_furniture,543.95
2018-06,MG,luggage_accessories,747.9
2018-06,MG,music,3.85
2018-06,MG,musical_instruments,1217.57
2018-06,MG,office_furniture,1106.79
2018-06,MG,perfumery,3234.35
2018-06,MG,pet_shop,3960.81
2018-06,MG,small_appliances,4690.0
2018-06,MG,small_appliances_home_oven_and_coffee,1999.0
2018-06,MG,sports_leisure,5792.05
2018-06,MG,stationery,907.86
2018-06,MG,telephony,2643.73
2018-06,MG,toys,3572.12
2018-06,MG,unknown,137.77
2018-06,MG,watches_gifts,11103.4
2018-06,MS,auto,1980.5
2018-06,MS,bed_bath_table,198.79
2018-06,MS,computers_accessories,1346.78
2018-06,MS,construction_tools_lights,230.0
2018-06,MS,cool_stuff,70.9
2018-06,MS,electronics,263.58
2018-06,MS,fashion_shoes,89.9
2018-06,MS,food,27.9
2018-06,MS,furniture_decor,694.29
2018-06,MS,garden_tools,369.0
2018-06,MS,health_beauty,1165.99
2018-06,MS,housewares,131.9
2018-06,MS,market_place,89.9
2018-06,MS,musical_instruments,247.9
2018-06,MS,office_furniture,349.9
2018-06,MS,perfumery,483.9
2018-06,MS,pet_shop,304.99
2018-06,MS,sports_leisure,347.88
2018-06,MS,stationery,9.9
2018-06,MS,telephony,175.46
2018-06,MS,toys,69.99
2018-06,MS,watches_gifts,237.9
2018-06,MT,agro_industry_and_commerce,120.0
2018-06,MT,audio,14.9
2018-06,MT,auto,316.5
2018-06,MT,baby,873.8
2018-06,MT,bed_bath_table,34.99
2018-06,MT,books_technical,103.99
2018-06,MT,computers_accessories,124.9
2018-06,MT,consoles_games,38.9
2018-06,MT,cool_stuff,419.38
2018-06,MT,furniture_decor,761.98
2018-06,MT,garden_tools,55.0
2018-06,MT,health_beauty,972.38
2018-06,MT,home_construction,119.85
2018-06,MT,housewares,292.1
2018-06,MT,kitchen_dining_laundry_garden_furniture,96.0
2018-06,MT,office_furniture,299.89
2018-06,MT,perfumery,148.29
2018-06,MT,pet_shop,340.9
2018-06,MT,signaling_and_security,2919.4
2018-06,MT,sports_leisure,405.38
2018-06,MT,telephony,172.87
2018-06,MT,toys,621.0
2018-06,MT,watches_gifts,1082.89
2018-06,PA,auto,249.8
2018-06,PA,baby,489.7
2018-06,PA,bed_bath_table,159.9
2018-06,PA,books_technical,108.99
2018-06,PA,computers_accessories,182.88
2018-06,PA,construction_tools_construction,487.89
2018-06,PA,cool_stuff,259.99
2018-06,PA,electronics,78.86
2018-06,PA,fashion_bags_accessories,289.9
2018-06,PA,furniture_decor,361.0
2018-06,PA,garden_tools,667.89
2018-06,PA,health_beauty,2241.91
2018-06,PA,home_appliances,99.75
2018-06,PA,housewares,575.4
2018-06,PA,musical_instruments,450.0
2018-06,PA,office_furniture,659.78
2018-06,PA,perfumery,159.9
2018-06,PA,sports_leisure,368.7
2018-06,PA,stationery,21.2
2018-06,PA,telephony,458.88
2018-06,PA,watches_gifts,985.89
2018-06,PB,auto,62.49
2018-06,PB,computers,4590.0
2018-06,PB,computers_accessories,374.2
2018-06,PB,construction_tools_construction,226.9
2018-06,PB,health_beauty,1044.28
2018-06,PB,home_construction,234.0
2018-06,PB,housewares,11.97
2018-06,PB,luggage_accessories,195.0
2018-06,PB,office_furniture,139.99
2018-06,PB,sports_leisure,189.0
2018-06,PB,telephony,1989.0
2018-06,PB,toys,1480.0
2018-06,PB,watches_gifts,2457.0
2018-06,PE,auto,173.99
2018-06,PE,baby,554.6
2018-06,PE,bed_bath_table,670.49
2018-06,PE,christmas_supplies,35.0
2018-06,PE,computers_accessories,743.39
2018-06,PE,construction_tools_lights,169.99
2018-06,PE,construction_tools_safety,230.0
2018-06,PE,cool_stuff,408.99
2018-06,PE,electronics,45.04
2018-06,PE,fashion_bags_accessories,59.8
2018-06,PE,garden_tools,499.89
2018-06,PE,health_beauty,4080.24
2018-06,PE,home_appliances,111.0
2018-06,PE,home_appliances_2,750.0
2018-06,PE,housewares,218.89
2018-06,PE,musical_instruments,955.9
2018-06,PE,perfumery,85.9
2018-06,PE,pet_shop,129.16
2018-06,PE,sports_leisure,958.69
2018-06,PE,stationery,91.99
2018-06,PE,telephony,527.91
2018-06,PE,toys,298.49
2018-06,PE,watches_gifts,2432.59
2018-06,PI,auto,190.0
2018-06,PI,bed_bath_table,139.8
2018-06,PI,computers_accessories,1002.19
2018-06,PI,cool_stuff,209.99
2018-06,PI,dvds_blu_ray,25.0
2018-06,PI,electronics,149.0
2018-06,PI,fixed_telephony,125.0
2018-06,PI,health_beauty,530.1
2018-06,PI,home_appliances,100.0
2018-06,PI,office_furniture,144.9
2018-06,PI,perfumery,538.97
2018-06,PI,pet_shop,154.89
2018-06,PI,telephony,98.98
2018-06,PI,toys,428.9
2018-06,PI,watches_gifts,1007.98
2018-06,PR,agro_industry_and_commerce,35.0
2018-06,PR,air_conditioning,1599.0
2018-06,PR,art,135.07
2018-06,PR,auto,1256.18
2018-06,PR,baby,1245.79
2018-06,PR,bed_bath_table,2174.71
2018-06,PR,books_general_interest,35.9
2018-06,PR,books_technical,123.99
2018-06,PR,computers_accessories,1646.11
2018-06,PR,consoles_games,378.5
2018-06,PR,construction_tools_construction,1550.82
2018-06,PR,construction_tools_lights,399.99
2018-06,PR,construction_tools_safety,416.25
2018-06,PR,cool_stuff,919.96
2018-06,PR,costruction_tools_garden,177.89
2018-06,PR,diapers_and_hygiene,60.0
2018-06,PR,drinks,281.29
2018-06,PR,electronics,443.52
2018-06,PR,fashion_bags_accessories,483.48
2018-06,PR,fashion_male_clothing,65.0
2018-06,PR,fixed_telephony,142.85
2018-06,PR,food,27.9
2018-06,PR,furniture_decor,3485.64
2018-06,PR,furniture_living_room,68.0
2018-06,PR,garden_tools,827.0
2018-06,PR,health_beauty,4647.46
2018-06,PR,home_appliances,89.19
2018-06,PR,home_appliances_2,538.8
2018-06,PR,home_construction,507.65
2018-06,PR,housewares,3090.2
2018-06,PR,kitchen_dining_laundry_garden_furniture,56.9
2018-06,PR,luggage_accessories,295.89
2018-06,PR,musical_instruments,807.9
2018-06,PR,office_furniture,409.87
2018-06,PR,perfumery,729.92
2018-06,PR,pet_shop,412.39
2018-06,PR,small_appliances,1206.14
2018-06,PR,sports_leisure,2445.62
2018-06,PR,stationery,718.6
2018-06,PR,telephony,2499.94
2018-06,PR,toys,2036.88
2018-06,PR,unknown,219.99
2018-06,PR,watches_gifts,3518.68
2018-06,RJ,air_conditioning,81.1
2018-06,RJ,art,438.88
2018-06,RJ,audio,101.6
2018-06,RJ,auto,5662.23
2018-06,RJ,baby,3432.54
2018-06,RJ,bed_bath_table,7256.43
2018-06,RJ,books_general_interest,69.97
2018-06,RJ,books_imported,119.78
2018-06,RJ,books_technical,76.99
2018-06,RJ,christmas_supplies,63.56
2018-06,RJ,computers_accessories,5735.41
2018-06,RJ,consoles_games,162.4
2018-06,RJ,construction_tools_construction,2111.02
2018-06,RJ,construction_tools_lights,169.0
2018-06,RJ,construction_tools_safety,515.25
2018-06,RJ,cool_stuff,2646.51
2018-06,RJ,diapers_and_hygiene,60.0
2018-06,RJ,drinks,500.9
2018-06,RJ,electronics,989.88
2018-06,RJ,fashion_bags_accessories,618.96
2018-06,RJ,fashion_shoes,390.49
2018-06,RJ,fixed_telephony,125.0
2018-06,RJ,flowers,108.0
2018-06,RJ,food,332.29
2018-06,RJ,food_drink,117.92
2018-06,RJ,furniture_bedroom,150.0
2018-06,RJ,furniture_decor,5138.29
2018-06,RJ,furniture_living_room,758.67
2018-06,RJ,garden_tools,2045.62
2018-06,RJ,health_beauty,9842.02
2018-06,RJ,home_appliances,227.19
2018-06,RJ,home_appliances_2,2753.0
2018-06,RJ,home_confort,208.9
2018-06,RJ,home_construction,883.9
2018-06,RJ,housewares,5910.55
2018-06,RJ,industry_commerce_and_business,236.0
2018-06,RJ,kitchen_dining_laundry_garden_furniture,727.8
2018-06,RJ,luggage_accessories,154.1
2018-06,RJ,musical_instruments,245.25
2018-06,RJ,office_furniture,1673.7
2018-06,RJ,perfumery,3862.77
2018-06,RJ,pet_shop,2156.49
2018-06,RJ,signaling_and_security,315.39
2018-06,RJ,small_appliances,1228.42
2018-06,RJ,small_appliances_home_oven_and_coffee,750.0
2018-06,RJ,sports_leisure,5566.86
2018-06,RJ,stationery,2364.78
2018-06,RJ,telephony,2697.82
2018-06,RJ,toys,1650.24
2018-06,RJ,watches_gifts,16690.02
2018-06,RN,auto,93.97
2018-06,RN,bed_bath_table,165.9
2018-06,RN,computers_accessories,149.9
2018-06,RN,construction_tools_construction,55.0
2018-06,RN,construction_tools_safety,138.9
2018-06,RN,electronics,18.9
2018-06,RN,fashion_bags_accessories,129.9
2018-06,RN,food_drink,29.7
2018-06,RN,furniture_decor,421.8
2018-06,RN,health_beauty,2336.44
2018-06,RN,housewares,214.8
2018-06,RN,office_furniture,389.9
2018-06,RN,perfumery,351.79
2018-06,RN,pet_shop,137.9
2018-06,RN,sports_leisure,67.0
2018-06,RN,stationery,189.9
2018-06,RN,telephony,1128.99
2018-06,RN,unknown,129.77
2018-06,RN,watches_gifts,343.0
2018-06,RO,baby,29.99
2018-06,RO,computers_accessories,151.49
2018-06,RO,cool_stuff,337.99
2018-06,RO,fashion_bags_accessories,295.0
2018-06,RO,furniture_decor,113.3
2018-06,RO,health_beauty,555.0
2018-06,RO,luggage_accessories,169.9
2018-06,RO,stationery,29.9
2018-06,RO,unknown,239.0
2018-06,RR,furniture_decor,403.1
2018-06,RR,home_appliances,125.19
2018-06,RR,perfumery,244.0
2018-06,RR,sports_leisure,559.7
2018-06,RS,agro_industry_and_commerce,479.0
2018-06,RS,art,189.89
2018-06,RS,audio,586.0
2018-06,RS,auto,3760.94
2018-06,RS,baby,2005.22
2018-06,RS,bed_bath_table,6261.57
2018-06,RS,books_general_interest,55.9
2018-06,RS,books_imported,59.89
2018-06,RS,books_technical,17.45
2018-06,RS,cine_photo,46.8
2018-06,RS,computers_accessories,2592.29
2018-06,RS,construction_tools_construction,743.8
2018-06,RS,construction_tools_safety,31.9
2018-06,RS,cool_stuff,689.96
2018-06,RS,electronics,515.22
2018-06,RS,fashion_bags_accessories,229.98
2018-06,RS,fashion_male_clothing,40.0
2018-06,RS,food_drink,47.7
2018-06,RS,furniture_decor,4043.6
2018-06,RS,furniture_living_room,439.9
2018-06,RS,garden_tools,1433.65
2018-06,RS,health_beauty,3316.26
2018-06,RS,home_appliances,859.37
2018-06,RS,home_construction,447.8
2018-06,RS,housewares,3124.24
2018-06,RS,industry_commerce_and_business,60.0
2018-06,RS,kitchen_dining_laundry_garden_furniture,239.0
2018-06,RS,musical_instruments,70.0
2018-06,RS,office_furniture,139.94
2018-06,RS,perfumery,1516.69
2018-06,RS,pet_shop,459.68
2018-06,RS,signaling_and_security,410.99
2018-06,RS,small_appliances,2200.99
2018-06,RS,sports_leisure,1603.04
2018-06,RS,stationery,735.4
2018-06,RS,telephony,1298.37
2018-06,RS,toys,699.9
2018-06,RS,watches_gifts,2641.5
2018-06,SC,audio,54.9
2018-06,SC,auto,2074.14
2018-06,SC,baby,722.39
2018-06,SC,bed_bath_table,2655.35
2018-06,SC,books_general_interest,49.9
2018-06,SC,books_imported,24.95
2018-06,SC,books_technical,44.85
2018-06,SC,computers_accessories,1256.13
2018-06,SC,consoles_games,194.9
2018-06,SC,construction_tools_construction,2239.8
2018-06,SC,construction_tools_lights,169.99
2018-06,SC,construction_tools_safety,516.16
2018-06,SC,cool_stuff,688.88
2018-06,SC,electronics,149.79
2018-06,SC,fashion_bags_accessories,373.8
2018-06,SC,food,27.9
2018-06,SC,food_drink,14.9
2018-06,SC,furniture_bedroom,574.0
2018-06,SC,furniture_decor,1134.9
2018-06,SC,furniture_living_room,268.99
2018-06,SC,garden_tools,452.36
2018-06,SC,health_beauty,3091.64
2018-06,SC,home_appliances,309.0
2018-06,SC,home_appliances_2,199.0
2018-06,SC,home_confort,139.99
2018-06,SC,home_construction,349.75
2018-06,SC,housewares,4795.52
2018-06,SC,industry_commerce_and_business,393.9
2018-06,SC,luggage_accessories,851.82
2018-06,SC,musical_instruments,149.0
2018-06,SC,perfumery,1647.46
2018-06,SC,pet_shop,787.68
2018-06,SC,signaling_and_security,39.8
2018-06,SC,sports_leisure,1146.59
2018-06,SC,stationery,269.7
2018-06,SC,telephony,2027.77
2018-06,SC,toys,80.98
2018-06,SC,unknown,558.9
2018-06,SC,watches_gifts,2213.24
2018-06,SE,auto,209.7
2018-06,SE,bed_bath_table,39.9
2018-06,SE,books_imported,59.89
2018-06,SE,computers_accessories,247.88
2018-06,SE,construction_tools_lights,230.0
2018-06,SE,cool_stuff,229.99
2018-06,SE,electronics,449.5
2018-06,SE,fashion_bags_accessories,168.8
2018-06,SE,furniture_decor,41.89
2018-06,SE,health_beauty,738.88
2018-06,SE,home_confort,219.0
2018-06,SE,sports_leisure,439.79
2018-06,SE,watches_gifts,211.0
2018-06,SP,agro_industry_and_commerce,2207.9
2018-06,SP,air_conditioning,1856.8
2018-06,SP,art,1431.51
2018-06,SP,audio,213.7
2018-06,SP,auto,14362.81
2018-06,SP,baby,13856.97
2018-06,SP,bed_bath_table,37740.78
2018-06,SP,books_general_interest,2419.71
2018-06,SP,books_imported,143.77
2018-06,SP,books_technical,721.56
2018-06,SP,christmas_supplies,58.73
2018-06,SP,cine_photo,245.15
2018-06,SP,computers,2537.0
2018-06,SP,computers_accessories,17526.89
2018-06,SP,consoles_games,4541.33
2018-06,SP,construction_tools_construction,10013.93
2018-06,SP,construction_tools_lights,1375.88
2018-06,SP,construction_tools_safety,552.12
2018-06,SP,cool_stuff,5821.04
2018-06,SP,costruction_tools_garden,293.65
2018-06,SP,costruction_tools_tools,92.0
2018-06,SP,diapers_and_hygiene,141.0
2018-06,SP,drinks,755.98
2018-06,SP,dvds_blu_ray,357.88
2018-06,SP,electronics,4089.42
2018-06,SP,fashion_bags_accessories,3109.06
2018-06,SP,fashion_childrens_clothes,89.99
2018-06,SP,fashion_male_clothing,342.8
2018-06,SP,fashion_shoes,390.59
2018-06,SP,fashion_underwear_beach,49.9
2018-06,SP,fixed_telephony,1340.58
2018-06,SP,food,876.39
2018-06,SP,food_drink,83.63
2018-06,SP,furniture_bedroom,755.99
2018-06,SP,furniture_decor,16919.89
2018-06,SP,furniture_living_room,1510.37
2018-06,SP,garden_tools,5918.55
2018-06,SP,health_beauty,41407.7
2018-06,SP,home_appliances,2892.29
2018-06,SP,home_appliances_2,2648.03
2018-06,SP,home_comfort_2,25.8
2018-06,SP,home_confort,1738.7
2018-06,SP,home_construction,3865.0
2018-06,SP,housewares,22769.69
2018-06,SP,industry_commerce_and_business,1297.0
2018-06,SP,kitchen_dining_laundry_garden_furniture,1874.78
2018-06,SP,luggage_accessories,2286.28
2018-06,SP,market_place,401.56
2018-06,SP,music,54.88
2018-06,SP,musical_instruments,7555.68
2018-06,SP,office_furniture,6039.14
2018-06,SP,party_supplies,84.8
2018-06,SP,perfumery,10573.5
2018-06,SP,pet_shop,9234.1
2018-06,SP,signaling_and_security,1721.8
2018-06,SP,small_appliances,5027.38
2018-06,SP,small_appliances_home_oven_and_coffee,750.0
2018-06,SP,sports_leisure,18533.33
2018-06,SP,stationery,6156.76
2018-06,SP,telephony,3461.59
2018-06,SP,toys,7542.82
2018-06,SP,unknown,932.33
2018-06,SP,watches_gifts,26976.75
2018-06,TO,auto,214.0
2018-06,TO,baby,48.9
2018-06,TO,construction_tools_lights,46.0
2018-06,TO,fashion_bags_accessories,115.0
2018-06,TO,furniture_decor,29.99
2018-06,TO,health_beauty,240.96
2018-06,TO,home_appliances_2,429.99
2018-06,TO,housewares,43.9
2018-06,TO,perfumery,843.8
2018-06,TO,pet_shop,43.0
2018-06,TO,sports_leisure,751.9
2018-06,TO,telephony,364.98
2018-06,TO,watches_gifts,877.0
2018-07,AC,computers_accessories,289.0
2018-07,AC,furniture_decor,479.4
2018-07,AC,health_beauty,527.9
2018-07,AC,sports_leisure,173.67
2018-07,AL,air_conditioning,540.0
2018-07,AL,auto,446.88
2018-07,AL,baby,70.0
2018-07,AL,bed_bath_table,80.0
2018-07,AL,computers_accessories,199.8
2018-07,AL,consoles_games,599.0
2018-07,AL,furniture_decor,70.0
2018-07,AL,furniture_living_room,69.99
2018-07,AL,garden_tools,99.99
2018-07,AL,health_beauty,1345.98
2018-07,AL,housewares,39.9
2018-07,AL,sports_leisure,169.9
2018-07,AL,telephony,49.99
2018-07,AL,toys,19.9
2018-07,AL,watches_gifts,55.0
2018-07,AM,auto,447.9
2018-07,AM,bed_bath_table,95.8
2018-07,AM,computers_accessories,66.78
2018-07,AM,furniture_decor,89.9
2018-07,AM,health_beauty,199.08
2018-07,AM,perfumery,44.99
2018-07,AM,pet_shop,69.9
2018-07,AM,sports_leisure,266.3
2018-07,AM,stationery,318.49
2018-07,AM,watches_gifts,405.77
2018-07,AP,auto,949.9
2018-07,AP,consoles_games,85.95
2018-07,AP,furniture_decor,75.0
2018-07,AP,health_beauty,122.99
2018-07,AP,sports_leisure,39.0
2018-07,AP,watches_gifts,78.0
2018-07,BA,art,219.28
2018-07,BA,auto,6856.48
2018-07,BA,baby,2566.91
2018-07,BA,bed_bath_table,2192.54
2018-07,BA,books_general_interest,69.9
2018-07,BA,computers,650.0
2018-07,BA,computers_accessories,1568.29
2018-07,BA,consoles_games,36.2
2018-07,BA,construction_tools_construction,723.33
2018-07,BA,construction_tools_lights,124.17
2018-07,BA,construction_tools_safety,166.3
2018-07,BA,cool_stuff,576.88
2018-07,BA,costruction_tools_garden,41.89
2018-07,BA,drinks,145.9
2018-07,BA,electronics,215.59
2018-07,BA,fashion_bags_accessories,887.8
2018-07,BA,fashion_male_clothing,52.9
2018-07,BA,food,148.8
2018-07,BA,food_drink,116.64
2018-07,BA,furniture_decor,1563.55
2018-07,BA,furniture_living_room,179.8
2018-07,BA,garden_tools,2153.76
2018-07,BA,health_beauty,4587.32
2018-07,BA,home_appliances,175.0
2018-07,BA,home_appliances_2,30.09
2018-07,BA,home_confort,230.0
2018-07,BA,home_construction,95.2
2018-07,BA,housewares,990.57
2018-07,BA,luggage_accessories,129.9
2018-07,BA,musical_instruments,28.0
2018-07,BA,office_furniture,264.89
2018-07,BA,perfumery,723.48
2018-07,BA,pet_shop,740.03
2018-07,BA,portable_kitchen_food_preparers,21.52
2018-07,BA,signaling_and_security,230.0
2018-07,BA,small_appliances,69.9
2018-07,BA,small_appliances_home_oven_and_coffee,824.9
2018-07,BA,sports_leisure,1969.09
2018-07,BA,stationery,407.7
2018-07,BA,telephony,2167.8
2018-07,BA,toys,799.66
2018-07,BA,unknown,484.9
2018-07,BA,watches_gifts,5642.15
2018-07,CE,audio,219.0
2018-07,CE,auto,277.8
2018-07,CE,baby,26.5
2018-07,CE,bed_bath_table,89.8
2018-07,CE,computers_accessories,1223.28
2018-07,CE,construction_tools_construction,437.99
2018-07,CE,cool_stuff,468.7
2018-07,CE,electronics,110.79
2018-07,CE,fashion_bags_accessories,24.99
2018-07,CE,food,99.0
2018-07,CE,food_drink,58.32
2018-07,CE,furniture_decor,1175.9
2018-07,CE,furniture_living_room,72.99
2018-07,CE,health_beauty,3837.11
2018-07,CE,home_appliances,35.0
2018-07,CE,home_appliances_2,795.0
2018-07,CE,home_confort,89.9
2018-07,CE,home_construction,285.0
2018-07,CE,housewares,285.9
2018-07,CE,musical_instruments,104.0
2018-07,CE,perfumery,571.98
2018-07,CE,sports_leisure,1128.7
2018-07,CE,stationery,253.19
2018-07,CE,telephony,65.88
2018-07,CE,watches_gifts,1750.7
2018-07,DF,art,99.99
2018-07,DF,arts_and_craftmanship,129.49
2018-07,DF,audio,110.0
2018-07,DF,auto,2483.17
2018-07,DF,baby,322.88
2018-07,DF,bed_bath_table,1003.91
2018-07,DF,books_general_interest,18.9
2018-07,DF,books_technical,274.95
2018-07,DF,computers_accessories,999.41
2018-07,DF,consoles_games,69.99
2018-07,DF,construction_tools_construction,95.8
2018-07,DF,construction_tools_lights,288.0
2018-07,DF,cool_stuff,459.79
2018-07,DF,costruction_tools_garden,89.0
2018-07,DF,electronics,96.37
2018-07,DF,fashion_bags_accessories,118.9
2018-07,DF,fixed_telephony,33.0
2018-07,DF,food,54.49
2018-07,DF,furniture_decor,432.89
2018-07,DF,garden_tools,282.74
2018-07,DF,health_beauty,1550.47
2018-07,DF,home_appliances,79.5
2018-07,DF,home_appliances_2,795.0
2018-07,DF,home_construction,150.0
2018-07,DF,housewares,2120.73
2018-07,DF,kitchen_dining_laundry_garden_furniture,669.9
2018-07,DF,luggage_accessories,149.0
2018-07,DF,market_place,34.99
2018-07,DF,musical_instruments,1409.0
2018-07,DF,office_furniture,314.9
2018-07,DF,perfumery,827.68
2018-07,DF,pet_shop,866.77
2018-07,DF,small_appliances,267.0
2018-07,DF,sports_leisure,1551.35
2018-07,DF,stationery,15.45
2018-07,DF,telephony,312.36
2018-07,DF,toys,231.19
2018-07,DF,unknown,17.9
2018-07,DF,watches_gifts,3858.58
2018-07,ES,auto,806.19
2018-07,ES,baby,327.25
2018-07,ES,bed_bath_table,643.02
2018-07,ES,books_general_interest,704.9
2018-07,ES,books_technical,103.99
2018-07,ES,cine_photo,94.9
2018-07,ES,computers,6729.0
2018-07,ES,computers_accessories,546.81
2018-07,ES,consoles_games,52.88
2018-07,ES,construction_tools_construction,465.06
2018-07,ES,cool_stuff,189.9
2018-07,ES,costruction_tools_tools,261.25
2018-07,ES,electronics,590.79
2018-07,ES,fashion_bags_accessories,93.5
2018-07,ES,fixed_telephony,7160.0
2018-07,ES,flowers,17.99
2018-07,ES,food,19.3
2018-07,ES,furniture_decor,681.3
2018-07,ES,furniture_living_room,74.99
2018-07,ES,garden_tools,653.0
2018-07,ES,health_beauty,1421.43
2018-07,ES,home_appliances,42.49
2018-07,ES,home_construction,429.65
2018-07,ES,housewares,1285.79
2018-07,ES,musical_instruments,287.9
2018-07,ES,perfumery,141.8
2018-07,ES,pet_shop,49.9
2018-07,ES,sports_leisure,561.32
2018-07,ES,stationery,777.9
2018-07,ES,telephony,1462.85
2018-07,ES,toys,360.63
2018-07,ES,watches_gifts,2963.68
2018-07,GO,agro_industry_and_commerce,384.9
2018-07,GO,art,99.99
2018-07,GO,auto,253.41
2018-07,GO,baby,782.54
2018-07,GO,bed_bath_table,2176.47
2018-07,GO,books_general_interest,29.99
2018-07,GO,cine_photo,119.0
2018-07,GO,computers_accessories,569.22
2018-07,GO,consoles_games,14.9
2018-07,GO,construction_tools_construction,50.0
2018-07,GO,cool_stuff,719.97
2018-07,GO,costruction_tools_tools,2198.0
2018-07,GO,electronics,9.9
2018-07,GO,fashion_bags_accessories,90.89
2018-07,GO,fashion_underwear_beach,49.9
2018-07,GO,food,94.29
2018-07,GO,furniture_bedroom,159.0
2018-07,GO,furniture_decor,494.0
2018-07,GO,garden_tools,238.99
2018-07,GO,health_beauty,2518.15
2018-07,GO,home_comfort_2,12.9
2018-07,GO,home_construction,329.9
2018-07,GO,housewares,2215.67
2018-07,GO,perfumery,835.8
2018-07,GO,pet_shop,279.88
2018-07,GO,signaling_and_security,245.54
2018-07,GO,small_appliances,349.0
2018-07,GO,sports_leisure,689.78
2018-07,GO,stationery,443.09
2018-07,GO,telephony,1319.86
2018-07,GO,toys,229.9
2018-07,GO,unknown,137.77
2018-07,GO,watches_gifts,2360.7
2018-07,MA,auto,430.3
2018-07,MA,baby,29.0
2018-07,MA,bed_bath_table,52.58
2018-07,MA,computers_accessories,342.36
2018-07,MA,fashion_bags_accessories,299.9
2018-07,MA,garden_tools,92.89
2018-07,MA,health_beauty,633.88
2018-07,MA,housewares,320.0
2018-07,MA,office_furniture,199.98
2018-07,MA,perfumery,235.9
2018-07,MA,pet_shop,189.9
2018-07,MA,sports_leisure,784.08
2018-07,MA,stationery,153.9
2018-07,MA,telephony,633.98
2018-07,MA,watches_gifts,1496.79
2018-07,MG,agro_industry_and_commerce,1589.5
2018-07,MG,air_conditioning,139.0
2018-07,MG,art,245.06
2018-07,MG,arts_and_craftmanship,57.9
2018-07,MG,audio,598.99
2018-07,MG,auto,4799.74
2018-07,MG,baby,1870.26
2018-07,MG,bed_bath_table,5919.31
2018-07,MG,books_general_interest,641.1
2018-07,MG,books_technical,142.98
2018-07,MG,computers_accessories,3396.82
2018-07,MG,consoles_games,563.67
2018-07,MG,construction_tools_construction,2312.15
2018-07,MG,construction_tools_lights,1045.79
2018-07,MG,construction_tools_safety,627.75
2018-07,MG,cool_stuff,285.49
2018-07,MG,costruction_tools_tools,702.75
2018-07,MG,drinks,75.0
2018-07,MG,electronics,1027.8
2018-07,MG,fashion_bags_accessories,338.67
2018-07,MG,fashion_male_clothing,40.9
2018-07,MG,fashion_shoes,89.9
2018-07,MG,fixed_telephony,109.9
2018-07,MG,food,276.98
2018-07,MG,food_drink,71.98
2018-07,MG,furniture_bedroom,169.0
2018-07,MG,furniture_decor,5210.18
2018-07,MG,furniture_living_room,144.89
2018-07,MG,garden_tools,3149.93
2018-07,MG,health_beauty,18302.91
2018-07,MG,home_appliances,574.1
2018-07,MG,home_appliances_2,380.08
2018-07,MG,home_confort,311.6
2018-07,MG,home_construction,564.8
2018-07,MG,housewares,7028.63
2018-07,MG,industry_commerce_and_business,62.21
2018-07,MG,kitchen_dining_laundry_garden_furniture,34.95
2018-07,MG,luggage_accessories,1422.74
2018-07,MG,market_place,55.99
2018-07,MG,musical_instruments,65.9
2018-07,MG,office_furniture,569.97
2018-07,MG,perfumery,1602.9
2018-07,MG,pet_shop,1795.14
2018-07,MG,portable_kitchen_food_preparers,34.9
2018-07,MG,signaling_and_security,324.65
2018-07,MG,small_appliances,89.0
2018-07,MG,small_appliances_home_oven_and_coffee,265.19
2018-07,MG,sports_leisure,8980.13
2018-07,MG,stationery,1177.89
2018-07,MG,telephony,875.4
2018-07,MG,toys,2394.04
2018-07,MG,unknown,136.8
2018-07,MG,watches_gifts,9634.85
2018-07,MS,auto,244.7
2018-07,MS,baby,188.9
2018-07,MS,bed_bath_table,170.9
2018-07,MS,computers_accessories,401.6
2018-07,MS,construction_tools_construction,6.1
2018-07,MS,construction_tools_lights,254.99
2018-07,MS,cool_stuff,942.29
2018-07,MS,costruction_tools_garden,35.0
2018-07,MS,electronics,198.9
2018-07,MS,fashion_bags_accessories,49.0
2018-07,MS,food,129.99
2018-07,MS,furniture_decor,230.0
2018-07,MS,garden_tools,97.6
2018-07,MS,health_beauty,1333.65
2018-07,MS,home_appliances,53.55
2018-07,MS,home_construction,279.65
2018-07,MS,housewares,525.89
2018-07,MS,luggage_accessories,86.25
2018-07,MS,perfumery,199.79
2018-07,MS,pet_shop,59.99
2018-07,MS,small_appliances,89.0
2018-07,MS,sports_leisure,403.89
2018-07,MS,stationery,119.0
2018-07,MS,toys,39.9
2018-07,MS,unknown,95.0
2018-07,MS,watches_gifts,575.3
2018-07,MT,air_conditioning,315.0
2018-07,MT,audio,14.9
2018-07,MT,auto,194.0
2018-07,MT,baby,19.99
2018-07,MT,bed_bath_table,598.63
2018-07,MT,cine_photo,675.99
2018-07,MT,computers_accessories,475.91
2018-07,MT,consoles_games,45.9
2018-07,MT,construction_tools_construction,299.99
2018-07,MT,cool_stuff,229.99
2018-07,MT,fashion_bags_accessories,49.9
2018-07,MT,fashion_shoes,220.7
2018-07,MT,furniture_decor,112.0
2018-07,MT,health_beauty,577.97
2018-07,MT,home_appliances,120.0
2018-07,MT,home_confort,329.0
2018-07,MT,home_construction,200.0
2018-07,MT,housewares,429.72
2018-07,MT,musical_instruments,1660.0
2018-07,MT,office_furniture,219.98
2018-07,MT,perfumery,88.0
2018-07,MT,pet_shop,840.0
2018-07,MT,sports_leisure,102.0
2018-07,MT,stationery,140.98
2018-07,MT,telephony,1445.99
2018-07,MT,toys,212.1
2018-07,MT,watches_gifts,981.0
2018-07,PA,agro_industry_and_commerce,699.98
2018-07,PA,art,99.99
2018-07,PA,auto,653.9
2018-07,PA,baby,173.69
2018-07,PA,books_imported,129.98
2018-07,PA,computers_accessories,1109.9
2018-07,PA,consoles_games,59.99
2018-07,PA,construction_tools_lights,29.0
2018-07,PA,cool_stuff,150.99
2018-07,PA,fashion_bags_accessories,49.9
2018-07,PA,furniture_decor,196.8
2018-07,PA,garden_tools,78.18
2018-07,PA,health_beauty,1594.62
2018-07,PA,home_construction,119.85
2018-07,PA,luggage_accessories,679.5
2018-07,PA,office_furniture,149.94
2018-07,PA,perfumery,54.89
2018-07,PA,pet_shop,49.9
2018-07,PA,signaling_and_security,149.7
2018-07,PA,small_appliances,80.56
2018-07,PA,sports_leisure,588.6
2018-07,PA,stationery,733.3
2018-07,PA,telephony,29.99
2018-07,PA,watches_gifts,5532.79
2018-07,PB,auto,503.75
2018-07,PB,baby,925.89
2018-07,PB,bed_bath_table,281.69
2018-07,PB,books_general_interest,30.0
2018-07,PB,computers_accessories,421.9
2018-07,PB,diapers_and_hygiene,47.0
2018-07,PB,electronics,184.9
2018-07,PB,food,27.9
2018-07,PB,furniture_decor,351.99
2018-07,PB,furniture_living_room,142.98
2018-07,PB,garden_tools,49.91
2018-07,PB,health_beauty,2378.39
2018-07,PB,home_construction,375.0
2018-07,PB,housewares,848.89
2018-07,PB,industry_commerce_and_business,3089.0
2018-07,PB,musical_instruments,203.9
2018-07,PB,pet_shop,148.0
2018-07,PB,signaling_and_security,1050.0
2018-07,PB,sports_leisure,828.7
2018-07,PB,stationery,109.0
2018-07,PB,toys,594.99
2018-07,PB,watches_gifts,2594.9
2018-07,PE,auto,1329.79
2018-07,PE,baby,501.03
2018-07,PE,bed_bath_table,358.57
2018-07,PE,computers,1300.0
2018-07,PE,computers_accessories,729.78
2018-07,PE,construction_tools_construction,319.99
2018-07,PE,cool_stuff,1168.87
2018-07,PE,costruction_tools_garden,693.0
2018-07,PE,electronics,39.55
2018-07,PE,fashion_bags_accessories,295.7
2018-07,PE,fashion_shoes,239.9
2018-07,PE,food,79.99
2018-07,PE,furniture_decor,1012.84
2018-07,PE,garden_tools,954.13
2018-07,PE,health_beauty,3829.76
2018-07,PE,home_confort,44.9
2018-07,PE,home_construction,79.9
2018-07,PE,housewares,1263.44
2018-07,PE,luggage_accessories,306.4
2018-07,PE,office_furniture,798.0
2018-07,PE,perfumery,1435.86
2018-07,PE,pet_shop,36.99
2018-07,PE,small_appliances,545.0
2018-07,PE,sports_leisure,486.2
2018-07,PE,stationery,400.87
2018-07,PE,telephony,1713.33
2018-07,PE,toys,449.89
2018-07,PE,unknown,139.77
2018-07,PE,watches_gifts,3805.59
2018-07,PI,agro_industry_and_commerce,29.99
2018-07,PI,audio,14.9
2018-07,PI,auto,125.49
2018-07,PI,computers,770.0
2018-07,PI,computers_accessories,144.75
2018-07,PI,consoles_games,599.0
2018-07,PI,costruction_tools_garden,128.0
2018-07,PI,electronics,22.0
2018-07,PI,fixed_telephony,185.0
2018-07,PI,health_beauty,1489.97
2018-07,PI,home_construction,150.0
2018-07,PI,perfumery,166.0
2018-07,PI,pet_shop,209.9
2018-07,PI,sports_leisure,270.0
2018-07,PI,stationery,99.8
2018-07,PI,telephony,1049.99
2018-07,PI,toys,468.99
2018-07,PI,unknown,219.99
2018-07,PI,watches_gifts,789.7
2018-07,PR,agro_industry_and_commerce,415.17
2018-07,PR,art,99.99
2018-07,PR,audio,14.9
2018-07,PR,auto,2309.27
2018-07,PR,baby,982.55
2018-07,PR,bed_bath_table,1763.8
2018-07,PR,books_general_interest,334.9
2018-07,PR,books_imported,44.99
2018-07,PR,books_technical,93.99
2018-07,PR,computers_accessories,1676.89
2018-07,PR,consoles_games,608.98
2018-07,PR,construction_tools_construction,306.8
2018-07,PR,construction_tools_lights,554.0
2018-07,PR,construction_tools_safety,198.0
2018-07,PR,cool_stuff,998.03
2018-07,PR,costruction_tools_garden,24.7
2018-07,PR,drinks,140.0
2018-07,PR,electronics,903.88
2018-07,PR,fashion_bags_accessories,118.9
2018-07,PR,food,340.53
2018-07,PR,furniture_decor,2803.19
2018-07,PR,furniture_living_room,150.0
2018-07,PR,garden_tools,729.77
2018-07,PR,health_beauty,2517.47
2018-07,PR,home_appliances,189.09
2018-07,PR,home_appliances_2,818.05
2018-07,PR,home_construction,398.34
2018-07,PR,housewares,5933.9
2018-07,PR,kitchen_dining_laundry_garden_furniture,1208.9
2018-07,PR,luggage_accessories,226.89
2018-07,PR,music,68.9
2018-07,PR,musical_instruments,1474.76
2018-07,PR,perfumery,2105.24
2018-07,PR,pet_shop,234.9
2018-07,PR,small_appliances,532.4
2018-07,PR,sports_leisure,5027.45
2018-07,PR,stationery,1016.9
2018-07,PR,telephony,355.29
2018-07,PR,toys,1089.34
2018-07,PR,watches_gifts,6297.9
2018-07,RJ,agro_industry_and_commerce,161.63
2018-07,RJ,air_conditioning,439.89
2018-07,RJ,art,299.97
2018-07,RJ,audio,797.0
2018-07,RJ,auto,3244.93
2018-07,RJ,baby,2694.49
2018-07,RJ,bed_bath_table,7177.54
2018-07,RJ,books_technical,380.41
2018-07,RJ,christmas_supplies,31.78
2018-07,RJ,computers,650.0
2018-07,RJ,computers_accessories,5110.42
2018-07,RJ,consoles_games,648.5
2018-07,RJ,construction_tools_construction,1716.36
2018-07,RJ,construction_tools_lights,1197.0
2018-07,RJ,cool_stuff,2817.95
2018-07,RJ,costruction_tools_garden,111.35
2018-07,RJ,costruction_tools_tools,118.0
2018-07,RJ,drinks,177.8
2018-07,RJ,electronics,769.49
2018-07,RJ,fashion_bags_accessories,841.89
2018-07,RJ,fixed_telephony,1295.0
2018-07,RJ,food,254.73
2018-07,RJ,food_drink,188.99
2018-07,RJ,furniture_bedroom,190.0
2018-07,RJ,furniture_decor,8184.96
2018-07,RJ,furniture_living_room,1726.79
2018-07,RJ,garden_tools,4865.75
2018-07,RJ,health_beauty,7218.05
2018-07,RJ,home_appliances,600.38
2018-07,RJ,home_appliances_2,2510.35
2018-07,RJ,home_confort,420.59
2018-07,RJ,home_construction,671.85
2018-07,RJ,housewares,5272.31
2018-07,RJ,industry_commerce_and_business,258.0
2018-07,RJ,kitchen_dining_laundry_garden_furniture,362.9
2018-07,RJ,luggage_accessories,304.39
2018-07,RJ,market_place,47.9
2018-07,RJ,office_furniture,4444.25
2018-07,RJ,perfumery,1540.91
2018-07,RJ,pet_shop,1668.2
2018-07,RJ,small_appliances,1773.42
2018-07,RJ,small_appliances_home_oven_and_coffee,1625.19
2018-07,RJ,sports_leisure,5214.73
2018-07,RJ,stationery,1502.39
2018-07,RJ,telephony,2078.68
2018-07,RJ,toys,1361.64
2018-07,RJ,unknown,1048.11
2018-07,RJ,watches_gifts,11016.54
2018-07,RN,auto,2147.28
2018-07,RN,baby,250.0
2018-07,RN,bed_bath_table,54.72
2018-07,RN,books_general_interest,34.0
2018-07,RN,computers_accessories,137.98
2018-07,RN,construction_tools_construction,821.7
2018-07,RN,cool_stuff,189.9
2018-07,RN,health_beauty,706.89
2018-07,RN,housewares,51.0
2018-07,RN,industry_commerce_and_business,150.0
2018-07,RN,office_furniture,169.99
2018-07,RN,sports_leisure,411.0
2018-07,RN,telephony,1249.9
2018-07,RN,watches_gifts,2041.07
2018-07,RO,auto,39.49
2018-07,RO,baby,168.8
2018-07,RO,construction_tools_construction,749.9
2018-07,RO,fashion_shoes,169.79
2018-07,RO,food,98.99
2018-07,RO,health_beauty,2682.89
2018-07,RO,home_appliances,89.19
2018-07,RO,housewares,160.0
2018-07,RO,telephony,21.99
2018-07,RO,toys,79.99
2018-07,RO,unknown,137.77
2018-07,RO,watches_gifts,105.0
2018-07,RR,auto,219.9
2018-07,RR,bed_bath_table,539.8
2018-07,RR,computers_accessories,349.0
2018-07,RR,furniture_decor,70.0
2018-07,RR,sports_leisure,336.0
2018-07,RS,agro_industry_and_commerce,925.58
2018-07,RS,air_conditioning,99.0
2018-07,RS,audio,56.9
2018-07,RS,auto,1356.5
2018-07,RS,baby,1308.16
2018-07,RS,bed_bath_table,2865.91
2018-07,RS,books_technical,215.98
2018-07,RS,computers_accessories,2686.21
2018-07,RS,consoles_games,1483.3
2018-07,RS,construction_tools_construction,145.9
2018-07,RS,construction_tools_lights,235.78
2018-07,RS,cool_stuff,406.24
2018-07,RS,drinks,47.49
2018-07,RS,electronics,1592.5
2018-07,RS,fashion_bags_accessories,463.89
2018-07,RS,flowers,30.0
2018-07,RS,food,214.29
2018-07,RS,furniture_decor,2387.58
2018-07,RS,furniture_living_room,588.88
2018-07,RS,garden_tools,1324.73
2018-07,RS,health_beauty,3959.39
2018-07,RS,home_appliances,311.27
2018-07,RS,home_appliances_2,2959.98
2018-07,RS,home_construction,338.9
2018-07,RS,housewares,4226.01
2018-07,RS,kitchen_dining_laundry_garden_furniture,139.0
2018-07,RS,luggage_accessories,475.29
2018-07,RS,musical_instruments,119.8
2018-07,RS,office_furniture,119.98
2018-07,RS,perfumery,1154.13
2018-07,RS,pet_shop,831.76
2018-07,RS,signaling_and_security,149.7
2018-07,RS,small_appliances,235.72
2018-07,RS,sports_leisure,1105.58
2018-07,RS,stationery,620.03
2018-07,RS,telephony,1456.8
2018-07,RS,toys,1079.43
2018-07,RS,unknown,36.9
2018-07,RS,watches_gifts,1578.65
2018-07,SC,agro_industry_and_commerce,429.98
2018-07,SC,auto,1163.89
2018-07,SC,baby,531.58
2018-07,SC,bed_bath_table,948.5
2018-07,SC,books_technical,132.91
2018-07,SC,christmas_supplies,79.9
2018-07,SC,computers,580.0
2018-07,SC,computers_accessories,1087.11
2018-07,SC,consoles_games,598.9
2018-07,SC,construction_tools_construction,225.38
2018-07,SC,construction_tools_lights,449.39
2018-07,SC,construction_tools_safety,558.0
2018-07,SC,cool_stuff,3919.97
2018-07,SC,costruction_tools_garden,16.4
2018-07,SC,drinks,49.49
2018-07,SC,electronics,203.69
2018-07,SC,fashion_bags_accessories,114.8
2018-07,SC,food,27.9
2018-07,SC,food_drink,18.9
2018-07,SC,furniture_decor,2316.54
2018-07,SC,garden_tools,1356.97
2018-07,SC,health_beauty,2595.99
2018-07,SC,home_appliances,337.2
2018-07,SC,home_construction,79.9
2018-07,SC,housewares,2008.27
2018-07,SC,luggage_accessories,132.99
2018-07,SC,market_place,47.9
2018-07,SC,musical_instruments,299.9
2018-07,SC,office_furniture,139.99
2018-07,SC,perfumery,689.9
2018-07,SC,pet_shop,327.72
2018-07,SC,signaling_and_security,79.9
2018-07,SC,small_appliances,2462.3
2018-07,SC,sports_leisure,2653.97
2018-07,SC,stationery,1372.89
2018-07,SC,telephony,198.87
2018-07,SC,toys,479.96
2018-07,SC,unknown,373.57
2018-07,SC,watches_gifts,1832.57
2018-07,SE,auto,563.9
2018-07,SE,bed_bath_table,149.0
2018-07,SE,computers_accessories,129.0
2018-07,SE,construction_tools_construction,779.9
2018-07,SE,cool_stuff,265.0
2018-07,SE,electronics,22.0
2018-07,SE,fashion_bags_accessories,49.9
2018-07,SE,furniture_living_room,74.99
2018-07,SE,health_beauty,452.99
2018-07,SE,home_appliances_2,119.99
2018-07,SE,housewares,444.9
2018-07,SE,industry_commerce_and_business,114.0
2018-07,SE,office_furniture,149.98
2018-07,SE,sports_leisure,278.9
2018-07,SE,telephony,465.0
2018-07,SE,watches_gifts,259.9
2018-07,SP,agro_industry_and_commerce,2033.09
2018-07,SP,air_conditioning,1124.97
2018-07,SP,art,678.93
2018-07,SP,arts_and_craftmanship,467.18
2018-07,SP,audio,236.05
2018-07,SP,auto,11388.24
2018-07,SP,baby,8023.8
2018-07,SP,bed_bath_table,27106.04
2018-07,SP,books_general_interest,2213.76
2018-07,SP,books_imported,182.82
2018-07,SP,books_technical,649.72
2018-07,SP,christmas_supplies,397.88
2018-07,SP,cine_photo,288.65
2018-07,SP,computers,560.0
2018-07,SP,computers_accessories,17272.09
2018-07,SP,consoles_games,3051.95
2018-07,SP,construction_tools_construction,5781.12
2018-07,SP,construction_tools_lights,3071.49
2018-07,SP,construction_tools_safety,338.9
2018-07,SP,cool_stuff,7362.05
2018-07,SP,costruction_tools_garden,783.32
2018-07,SP,costruction_tools_tools,2221.2
2018-07,SP,diapers_and_hygiene,74.0
2018-07,SP,drinks,624.49
2018-07,SP,dvds_blu_ray,83.99
2018-07,SP,electronics,3260.8
2018-07,SP,fashion_bags_accessories,2182.54
2018-07,SP,fashion_male_clothing,114.9
2018-07,SP,fashion_shoes,99.9
2018-07,SP,fashion_underwear_beach,59.9
2018-07,SP,fixed_telephony,536.49
2018-07,SP,food,1510.99
2018-07,SP,food_drink,323.9
2018-07,SP,furniture_bedroom,868.9
2018-07,SP,furniture_decor,17430.67
2018-07,SP,furniture_living_room,3480.34
2018-07,SP,furniture_mattress_and_upholstery,129.9
2018-07,SP,garden_tools,9511.54
2018-07,SP,health_beauty,35838.01
2018-07,SP,home_appliances,2566.26
2018-07,SP,home_appliances_2,4188.78
2018-07,SP,home_comfort_2,25.8
2018-07,SP,home_confort,1480.49
2018-07,SP,home_construction,2072.41
2018-07,SP,housewares,26921.99
2018-07,SP,industry_commerce_and_business,955.0
2018-07,SP,kitchen_dining_laundry_garden_furniture,1321.3
2018-07,SP,luggage_accessories,1908.37
2018-07,SP,music,780.4
2018-07,SP,musical_instruments,2218.77
2018-07,SP,office_furniture,5683.43
2018-07,SP,party_supplies,57.5
2018-07,SP,pc_gamer,438.0
2018-07,SP,perfumery,8226.72
2018-07,SP,pet_shop,10944.97
2018-07,SP,portable_kitchen_food_preparers,115.61
2018-07,SP,signaling_and_security,1555.7
2018-07,SP,small_appliances,1668.05
2018-07,SP,small_appliances_home_oven_and_coffee,1984.39
2018-07,SP,sports_leisure,19816.57
2018-07,SP,stationery,7554.42
2018-07,SP,telephony,9485.75
2018-07,SP,toys,7130.45
2018-07,SP,unknown,1783.52
2018-07,SP,watches_gifts,29398.09
2018-07,TO,auto,229.99
2018-07,TO,baby,69.9
2018-07,TO,bed_bath_table,136.7
2018-07,TO,computers_accessories,129.0
2018-07,TO,electronics,22.0
2018-07,TO,furniture_decor,24.9
2018-07,TO,health_beauty,1300.96
2018-07,TO,home_construction,79.9
2018-07,TO,housewares,209.79
2018-07,TO,industry_commerce_and_business,69.0
2018-07,TO,sports_leisure,178.98
2018-07,TO,telephony,52.98
2018-07,TO,watches_gifts,109.57
2018-08,AC,fashion_shoes,220.7
2018-08,AC,health_beauty,225.99
2018-08,AL,auto,185.9
2018-08,AL,books_general_interest,61.0
2018-08,AL,computers_accessories,568.9
2018-08,AL,cool_stuff,65.0
2018-08,AL,fashion_bags_accessories,63.9
2018-08,AL,food,189.9
2018-08,AL,health_beauty,412.89
2018-08,AL,musical_instruments,367.0
2018-08,AL,sports_leisure,40.0
2018-08,AL,stationery,25.89
2018-08,AL,telephony,170.0
2018-08,AL,watches_gifts,102.9
2018-08,AM,home_appliances,120.9
2018-08,AM,home_construction,150.0
2018-08,AM,housewares,59.9
2018-08,AM,sports_leisure,49.9
2018-08,AP,computers_accessories,99.0
2018-08,AP,stationery,95.0
2018-08,BA,agro_industry_and_commerce,996.0
2018-08,BA,audio,258.0
2018-08,BA,auto,604.37
2018-08,BA,baby,424.8
2018-08,BA,bed_bath_table,976.28
2018-08,BA,books_technical,132.35
2018-08,BA,christmas_supplies,295.0
2018-08,BA,cine_photo,84.9
2018-08,BA,computers,650.0
2018-08,BA,computers_accessories,497.59
2018-08,BA,consoles_games,55.93
2018-08,BA,construction_tools_construction,148.99
2018-08,BA,construction_tools_lights,154.9
2018-08,BA,cool_stuff,304.89
2018-08,BA,costruction_tools_tools,250.0
2018-08,BA,drinks,139.0
2018-08,BA,electronics,530.58
2018-08,BA,fashion_bags_accessories,118.0
2018-08,BA,fixed_telephony,16.99
2018-08,BA,food,35.33
2018-08,BA,furniture_decor,923.8
2018-08,BA,garden_tools,238.8
2018-08,BA,health_beauty,3898.13
2018-08,BA,home_appliances,129.19
2018-08,BA,housewares,978.78
2018-08,BA,musical_instruments,1123.8
2018-08,BA,office_furniture,739.98
2018-08,BA,perfumery,884.66
2018-08,BA,pet_shop,571.48
2018-08,BA,small_appliances,132.9
2018-08,BA,sports_leisure,893.32
2018-08,BA,stationery,317.5
2018-08,BA,telephony,1758.72
2018-08,BA,toys,49.99
2018-08,BA,watches_gifts,1798.9
2018-08,CE,audio,14.9
2018-08,CE,auto,697.5
2018-08,CE,baby,194.0
2018-08,CE,bed_bath_table,158.89
2018-08,CE,computers_accessories,387.8
2018-08,CE,construction_tools_construction,54.0
2018-08,CE,construction_tools_lights,219.9
2018-08,CE,construction_tools_safety,146.99
2018-08,CE,cool_stuff,188.0
2018-08,CE,costruction_tools_garden,1500.8
2018-08,CE,electronics,114.79
2018-08,CE,fashion_bags_accessories,139.99
2018-08,CE,furniture_decor,324.89
2018-08,CE,garden_tools,139.0
2018-08,CE,health_beauty,1306.04
2018-08,CE,housewares,132.9
2018-08,CE,perfumery,96.99
2018-08,CE,sports_leisure,275.5
2018-08,CE,stationery,573.9
2018-08,CE,telephony,139.98
2018-08,CE,toys,141.49
2018-08,CE,watches_gifts,2508.79
2018-08,DF,art,139.0
2018-08,DF,audio,14.9
2018-08,DF,auto,263.87
2018-08,DF,baby,497.06
2018-08,DF,bed_bath_table,677.1
2018-08,DF,books_general_interest,19.95
2018-08,DF,computers,1798.0
2018-08,DF,computers_accessories,1545.76
2018-08,DF,construction_tools_safety,495.18
2018-08,DF,cool_stuff,380.38
2018-08,DF,drinks,119.9
2018-08,DF,electronics,201.68
2018-08,DF,fashion_bags_accessories,299.69
2018-08,DF,food,189.9
2018-08,DF,furniture_decor,691.18
2018-08,DF,furniture_living_room,159.0
2018-08,DF,garden_tools,868.74
2018-08,DF,health_beauty,3152.27
2018-08,DF,home_construction,15.0
2018-08,DF,housewares,1325.83
2018-08,DF,luggage_accessories,174.99
2018-08,DF,party_supplies,231.2
2018-08,DF,perfumery,1173.03
2018-08,DF,pet_shop,456.89
2018-08,DF,signaling_and_security,319.9
2018-08,DF,small_appliances,429.8
2018-08,DF,sports_leisure,1341.41
2018-08,DF,stationery,288.8
2018-08,DF,telephony,886.73
2018-08,DF,toys,502.78
2018-08,DF,watches_gifts,1221.68
2018-08,ES,auto,961.06
2018-08,ES,baby,298.9
2018-08,ES,bed_bath_table,925.33
2018-08,ES,computers,730.0
2018-08,ES,computers_accessories,438.41
2018-08,ES,construction_tools_construction,487.16
2018-08,ES,cool_stuff,278.9
2018-08,ES,costruction_tools_garden,104.8
2018-08,ES,costruction_tools_tools,232.75
2018-08,ES,drinks,139.45
2018-08,ES,electronics,25.32
2018-08,ES,fashion_bags_accessories,738.7
2018-08,ES,fixed_telephony,812.99
2018-08,ES,food,167.0
2018-08,ES,furniture_decor,990.8
2018-08,ES,garden_tools,1459.8
2018-08,ES,health_beauty,985.59
2018-08,ES,housewares,488.89
2018-08,ES,luggage_accessories,119.0
2018-08,ES,office_furniture,139.98
2018-08,ES,party_supplies,22.5
2018-08,ES,perfumery,179.9
2018-08,ES,pet_shop,292.87
2018-08,ES,signaling_and_security,105.0
2018-08,ES,sports_leisure,760.6
2018-08,ES,stationery,58.9
2018-08,ES,telephony,1750.64
2018-08,ES,toys,108.99
2018-08,ES,unknown,28.45
2018-08,ES,watches_gifts,2614.36
2018-08,GO,air_conditioning,537.9
2018-08,GO,auto,640.0
2018-08,GO,baby,134.9
2018-08,GO,bed_bath_table,1050.27
2018-08,GO,books_general_interest,29.9
2018-08,GO,computers_accessories,596.7
2018-08,GO,consoles_games,342.89
2018-08,GO,construction_tools_safety,29.9
2018-08,GO,costruction_tools_garden,144.9
2018-08,GO,costruction_tools_tools,59.9
2018-08,GO,electronics,51.78
2018-08,GO,fashion_bags_accessories,78.9
2018-08,GO,fashion_male_clothing,198.8
2018-08,GO,food,86.0
2018-08,GO,furniture_decor,371.7
2018-08,GO,furniture_living_room,49.99
2018-08,GO,garden_tools,2264.88
2018-08,GO,health_beauty,3565.21
2018-08,GO,home_confort,129.0
2018-08,GO,home_construction,360.0
2018-08,GO,housewares,1481.48
2018-08,GO,musical_instruments,70.9
2018-08,GO,perfumery,488.79
2018-08,GO,pet_shop,119.0
2018-08,GO,small_appliances,109.9
2018-08,GO,sports_leisure,456.39
2018-08,GO,stationery,243.98
2018-08,GO,telephony,807.88
2018-08,GO,unknown,25.9
2018-08,GO,watches_gifts,3501.25
2018-08,MA,auto,635.82
2018-08,MA,baby,48.99
2018-08,MA,books_imported,749.0
2018-08,MA,computers_accessories,426.8
2018-08,MA,cool_stuff,150.99
2018-08,MA,fashion_bags_accessories,59.0
2018-08,MA,furniture_decor,70.0
2018-08,MA,garden_tools,348.99
2018-08,MA,health_beauty,317.35
2018-08,MA,home_appliances,100.0
2018-08,MA,housewares,25.99
2018-08,MA,luggage_accessories,81.0
2018-08,MA,telephony,442.47
2018-08,MA,watches_gifts,687.9
2018-08,MG,agro_industry_and_commerce,2048.9
2018-08,MG,air_conditioning,699.0
2018-08,MG,art,194.98
2018-08,MG,arts_and_craftmanship,263.0
2018-08,MG,audio,14.9
2018-08,MG,auto,4791.15
2018-08,MG,baby,1614.34
2018-08,MG,bed_bath_table,6490.2
2018-08,MG,books_general_interest,89.9
2018-08,MG,books_technical,88.99
2018-08,MG,christmas_supplies,53.89
2018-08,MG,computers,1300.0
2018-08,MG,computers_accessories,5716.69
2018-08,MG,consoles_games,316.89
2018-08,MG,construction_tools_construction,1318.37
2018-08,MG,construction_tools_lights,650.33
2018-08,MG,construction_tools_safety,254.9
2018-08,MG,cool_stuff,796.61
2018-08,MG,costruction_tools_garden,398.8
2018-08,MG,drinks,142.0
2018-08,MG,electronics,2087.09
2018-08,MG,fashion_bags_accessories,1172.07
2018-08,MG,fashion_shoes,220.7
2018-08,MG,food,169.29
2018-08,MG,food_drink,120.99
2018-08,MG,furniture_decor,4283.26
2018-08,MG,furniture_living_room,838.88
2018-08,MG,garden_tools,1760.45
2018-08,MG,health_beauty,12010.35
2018-08,MG,home_appliances,352.07
2018-08,MG,home_construction,643.25
2018-08,MG,housewares,6577.25
2018-08,MG,kitchen_dining_laundry_garden_furniture,175.0
2018-08,MG,luggage_accessories,874.56
2018-08,MG,music,52.61
2018-08,MG,musical_instruments,154.7
2018-08,MG,office_furniture,1056.8
2018-08,MG,party_supplies,90.0
2018-08,MG,perfumery,3227.16
2018-08,MG,pet_shop,7377.85
2018-08,MG,portable_kitchen_food_preparers,1099.0
2018-08,MG,signaling_and_security,8.9
2018-08,MG,small_appliances,399.53
2018-08,MG,small_appliances_home_oven_and_coffee,254.29
2018-08,MG,sports_leisure,7147.42
2018-08,MG,stationery,2056.9
2018-08,MG,telephony,4367.29
2018-08,MG,toys,1435.77
2018-08,MG,unknown,571.46
2018-08,MG,watches_gifts,7479.66
2018-08,MS,auto,213.0
2018-08,MS,baby,146.89
2018-08,MS,bed_bath_table,179.8
2018-08,MS,books_technical,71.95
2018-08,MS,computers_accessories,334.69
2018-08,MS,construction_tools_construction,39.9
2018-08,MS,construction_tools_lights,169.99
2018-08,MS,cool_stuff,297.0
2018-08,MS,fashion_bags_accessories,49.9
2018-08,MS,food,226.37
2018-08,MS,furniture_decor,197.7
2018-08,MS,garden_tools,22.9
2018-08,MS,health_beauty,2167.59
2018-08,MS,home_appliances_2,499.99
2018-08,MS,luggage_accessories,189.9
2018-08,MS,perfumery,68.0
2018-08,MS,sports_leisure,140.0
2018-08,MS,telephony,87.97
2018-08,MS,toys,199.99
2018-08,MS,watches_gifts,247.9
2018-08,MT,art,69.99
2018-08,MT,auto,391.78
2018-08,MT,bed_bath_table,244.89
2018-08,MT,electronics,88.9
2018-08,MT,fashio_female_clothing,34.99
2018-08,MT,fashion_bags_accessories,54.98
2018-08,MT,food,215.31
2018-08,MT,furniture_decor,59.9
2018-08,MT,garden_tools,174.99
2018-08,MT,health_beauty,944.8
2018-08,MT,home_construction,119.85
2018-08,MT,housewares,654.98
2018-08,MT,musical_instruments,59.9
2018-08,MT,perfumery,39.9
2018-08,MT,sports_leisure,203.7
2018-08,MT,stationery,153.29
2018-08,MT,telephony,29.99
2018-08,MT,toys,84.2
2018-08,MT,watches_gifts,992.9
2018-08,PA,auto,300.7
2018-08,PA,baby,399.79
2018-08,PA,computers_accessories,578.7
2018-08,PA,electronics,17.0
2018-08,PA,fashion_bags_accessories,49.0
2018-08,PA,furniture_decor,1419.0
2018-08,PA,health_beauty,3551.08
2018-08,PA,housewares,312.2
2018-08,PA,sports_leisure,935.82
2018-08,PA,stationery,315.7
2018-08,PA,telephony,99.8
2018-08,PA,toys,349.99
2018-08,PA,watches_gifts,600.0
2018-08,PB,auto,1033.9
2018-08,PB,computers_accessories,638.7
2018-08,PB,electronics,169.99
2018-08,PB,furniture_decor,963.9
2018-08,PB,health_beauty,770.65
2018-08,PB,home_appliances,2090.0
2018-08,PB,housewares,99.99
2018-08,PB,sports_leisure,199.9
2018-08,PB,stationery,129.9
2018-08,PB,telephony,258.89
2018-08,PB,toys,118.9
2018-08,PB,watches_gifts,1194.91
2018-08,PE,auto,439.79
2018-08,PE,baby,134.89
2018-08,PE,bed_bath_table,176.0
2018-08,PE,computers_accessories,457.02
2018-08,PE,consoles_games,107.0
2018-08,PE,construction_tools_construction,250.8
2018-08,PE,construction_tools_safety,396.18
2018-08,PE,cool_stuff,259.99
2018-08,PE,costruction_tools_garden,197.8
2018-08,PE,electronics,199.6
2018-08,PE,furniture_decor,509.3
2018-08,PE,garden_tools,304.79
2018-08,PE,health_beauty,3588.29
2018-08,PE,home_construction,450.0
2018-08,PE,housewares,138.9
2018-08,PE,musical_instruments,235.0
2018-08,PE,office_furniture,389.88
2018-08,PE,perfumery,195.4
2018-08,PE,pet_shop,245.0
2018-08,PE,sports_leisure,207.92
2018-08,PE,stationery,133.0
2018-08,PE,telephony,948.34
2018-08,PE,toys,74.9
2018-08,PE,watches_gifts,1608.44
2018-08,PI,auto,481.91
2018-08,PI,bed_bath_table,52.9
2018-08,PI,health_beauty,1430.64
2018-08,PI,luggage_accessories,129.9
2018-08,PI,perfumery,65.0
2018-08,PI,sports_leisure,230.0
2018-08,PI,telephony,199.99
2018-08,PI,unknown,29.99
2018-08,PI,watches_gifts,302.9
2018-08,PR,agro_industry_and_commerce,33.9
2018-08,PR,art,69.99
2018-08,PR,audio,254.0
2018-08,PR,auto,1822.22
2018-08,PR,baby,1293.16
2018-08,PR,bed_bath_table,2152.63
2018-08,PR,books_technical,159.0
2018-08,PR,christmas_supplies,35.0
2018-08,PR,computers_accessories,2613.6
2018-08,PR,consoles_games,108.89
2018-08,PR,construction_tools_construction,1072.64
2018-08,PR,construction_tools_lights,307.99
2018-08,PR,cool_stuff,503.74
2018-08,PR,costruction_tools_garden,50.0
2018-08,PR,costruction_tools_tools,22.38
2018-08,PR,drinks,34.0
2018-08,PR,electronics,690.2
2018-08,PR,fashion_bags_accessories,214.89
2018-08,PR,food,649.29
2018-08,PR,furniture_decor,3815.37
2018-08,PR,furniture_living_room,169.99
2018-08,PR,garden_tools,702.13
2018-08,PR,health_beauty,5749.18
2018-08,PR,home_appliances,501.77
2018-08,PR,home_confort,77.9
2018-08,PR,housewares,2789.51
2018-08,PR,industry_commerce_and_business,110.0
2018-08,PR,kitchen_dining_laundry_garden_furniture,481.9
2018-08,PR,luggage_accessories,79.8
2018-08,PR,music,116.0
2018-08,PR,musical_instruments,257.7
2018-08,PR,office_furniture,429.8
2018-08,PR,party_supplies,60.0
2018-08,PR,perfumery,1088.68
2018-08,PR,pet_shop,716.99
2018-08,PR,small_appliances,230.8
2018-08,PR,small_appliances_home_oven_and_coffee,194.0
2018-08,PR,sports_leisure,2322.35
2018-08,PR,stationery,517.4
2018-08,PR,telephony,447.47
2018-08,PR,toys,1246.6
2018-08,PR,unknown,118.0
2018-08,PR,watches_gifts,4189.54
2018-08,RJ,agro_industry_and_commerce,12.99
2018-08,RJ,air_conditioning,459.6
2018-08,RJ,art,69.99
2018-08,RJ,audio,1006.5
2018-08,RJ,auto,7114.69
2018-08,RJ,baby,2582.9
2018-08,RJ,bed_bath_table,5580.63
2018-08,RJ,books_general_interest,112.8
2018-08,RJ,books_technical,106.81
2018-08,RJ,cine_photo,128.0
2018-08,RJ,computers,34.5
2018-08,RJ,computers_accessories,4070.35
2018-08,RJ,consoles_games,561.59
2018-08,RJ,construction_tools_construction,3726.96
2018-08,RJ,construction_tools_lights,609.73
2018-08,RJ,construction_tools_safety,100.0
2018-08,RJ,cool_stuff,1502.56
2018-08,RJ,costruction_tools_tools,240.99
2018-08,RJ,drinks,68.0
2018-08,RJ,electronics,2157.71
2018-08,RJ,fashion_bags_accessories,902.78
2018-08,RJ,fashion_male_clothing,129.99
2018-08,RJ,food,574.77
2018-08,RJ,food_drink,110.94
2018-08,RJ,furniture_bedroom,348.0
2018-08,RJ,furniture_decor,4135.63
2018-08,RJ,furniture_living_room,1073.65
2018-08,RJ,garden_tools,967.28
2018-08,RJ,health_beauty,13098.25
2018-08,RJ,home_appliances,431.7
2018-08,RJ,home_appliances_2,643.0
2018-08,RJ,home_confort,284.79
2018-08,RJ,home_construction,381.25
2018-08,RJ,housewares,8818.39
2018-08,RJ,kitchen_dining_laundry_garden_furniture,791.87
2018-08,RJ,luggage_accessories,1525.68
2018-08,RJ,musical_instruments,64.89
2018-08,RJ,office_furniture,99.9
2018-08,RJ,party_supplies,90.0
2018-08,RJ,perfumery,3181.11
2018-08,RJ,pet_shop,2695.26
2018-08,RJ,portable_kitchen_food_preparers,83.9
2018-08,RJ,signaling_and_security,123.95
2018-08,RJ,small_appliances,34.9
2018-08,RJ,small_appliances_home_oven_and_coffee,98.0
2018-08,RJ,sports_leisure,5512.61
2018-08,RJ,stationery,1085.5
2018-08,RJ,telephony,5679.07
2018-08,RJ,toys,2315.36
2018-08,RJ,unknown,375.89
2018-08,RJ,watches_gifts,7864.94
2018-08,RN,auto,307.9
2018-08,RN,bed_bath_table,29.9
2018-08,RN,electronics,59.89
2018-08,RN,furniture_decor,351.78
2018-08,RN,health_beauty,2157.8
2018-08,RN,sports_leisure,1469.9
2018-08,RN,stationery,156.51
2018-08,RN,telephony,29.99
2018-08,RN,toys,59.9
2018-08,RN,watches_gifts,612.8
2018-08,RO,auto,161.0
2018-08,RO,computers_accessories,673.99
2018-08,RO,health_beauty,1358.4
2018-08,RO,home_appliances,172.39
2018-08,RO,home_confort,229.0
2018-08,RO,pet_shop,195.0
2018-08,RS,art,195.0
2018-08,RS,auto,1487.26
2018-08,RS,baby,1561.89
2018-08,RS,bed_bath_table,2651.38
2018-08,RS,books_general_interest,87.9
2018-08,RS,books_technical,50.0
2018-08,RS,cine_photo,15.9
2018-08,RS,computers_accessories,1733.07
2018-08,RS,consoles_games,442.79
2018-08,RS,construction_tools_construction,999.7
2018-08,RS,construction_tools_lights,681.83
2018-08,RS,cool_stuff,1240.0
2018-08,RS,drinks,155.0
2018-08,RS,electronics,481.86
2018-08,RS,fashion_bags_accessories,59.0
2018-08,RS,fixed_telephony,178.9
2018-08,RS,food,245.39
2018-08,RS,furniture_decor,3565.26
2018-08,RS,furniture_living_room,119.04
2018-08,RS,garden_tools,923.31
2018-08,RS,health_beauty,3485.21
2018-08,RS,home_appliances,226.2
2018-08,RS,home_appliances_2,3145.0
2018-08,RS,home_confort,405.9
2018-08,RS,home_construction,617.23
2018-08,RS,housewares,3081.42
2018-08,RS,kitchen_dining_laundry_garden_furniture,56.9
2018-08,RS,market_place,199.8
2018-08,RS,musical_instruments,194.6
2018-08,RS,office_furniture,345.6
2018-08,RS,pc_gamer,219.0
2018-08,RS,perfumery,941.47
2018-08,RS,pet_shop,741.59
2018-08,RS,signaling_and_security,389.68
2018-08,RS,small_appliances_home_oven_and_coffee,280.0
2018-08,RS,sports_leisure,1641.94
2018-08,RS,stationery,680.58
2018-08,RS,telephony,4863.08
2018-08,RS,toys,1218.67
2018-08,RS,unknown,110.76
2018-08,RS,watches_gifts,3125.36
2018-08,SC,arts_and_craftmanship,289.49
2018-08,SC,auto,3052.04
2018-08,SC,baby,951.05
2018-08,SC,bed_bath_table,2199.13
2018-08,SC,cine_photo,84.9
2018-08,SC,computers_accessories,705.37
2018-08,SC,consoles_games,229.0
2018-08,SC,construction_tools_construction,491.94
2018-08,SC,construction_tools_lights,169.99
2018-08,SC,construction_tools_safety,620.74
2018-08,SC,cool_stuff,386.47
2018-08,SC,electronics,486.71
2018-08,SC,fashion_bags_accessories,196.9
2018-08,SC,food,162.8
2018-08,SC,furniture_decor,1111.92
2018-08,SC,furniture_living_room,329.9
2018-08,SC,garden_tools,336.89
2018-08,SC,health_beauty,5104.13
2018-08,SC,home_appliances,291.67
2018-08,SC,home_appliances_2,199.0
2018-08,SC,home_construction,448.29
2018-08,SC,housewares,3864.62
2018-08,SC,industry_commerce_and_business,109.99
2018-08,SC,luggage_accessories,357.99
2018-08,SC,musical_instruments,245.8
2018-08,SC,party_supplies,258.9
2018-08,SC,perfumery,712.36
2018-08,SC,pet_shop,1394.18
2018-08,SC,small_appliances_home_oven_and_coffee,98.0
2018-08,SC,sports_leisure,2651.77
2018-08,SC,stationery,550.7
2018-08,SC,telephony,659.75
2018-08,SC,toys,1085.55
2018-08,SC,unknown,127.2
2018-08,SC,watches_gifts,2255.79
2018-08,SE,auto,232.9
2018-08,SE,baby,119.9
2018-08,SE,bed_bath_table,39.97
2018-08,SE,computers_accessories,576.22
2018-08,SE,fashion_bags_accessories,39.9
2018-08,SE,furniture_decor,527.0
2018-08,SE,health_beauty,420.58
2018-08,SE,market_place,143.8
2018-08,SE,small_appliances,1349.0
2018-08,SE,sports_leisure,204.98
2018-08,SE,telephony,497.99
2018-08,SE,watches_gifts,405.8
2018-08,SP,agro_industry_and_commerce,1929.3
2018-08,SP,air_conditioning,1860.4
2018-08,SP,art,742.44
2018-08,SP,arts_and_craftmanship,349.27
2018-08,SP,audio,506.2
2018-08,SP,auto,19186.93
2018-08,SP,baby,10863.11
2018-08,SP,bed_bath_table,37305.79
2018-08,SP,books_general_interest,1163.33
2018-08,SP,books_technical,874.69
2018-08,SP,christmas_supplies,145.48
2018-08,SP,cine_photo,281.59
2018-08,SP,computers,4199.0
2018-08,SP,computers_accessories,17369.38
2018-08,SP,consoles_games,2044.43
2018-08,SP,construction_tools_construction,14326.7
2018-08,SP,construction_tools_lights,5019.87
2018-08,SP,construction_tools_safety,1926.33
2018-08,SP,cool_stuff,9440.36
2018-08,SP,costruction_tools_garden,1291.66
2018-08,SP,costruction_tools_tools,449.75
2018-08,SP,diapers_and_hygiene,231.89
2018-08,SP,drinks,625.91
2018-08,SP,dvds_blu_ray,8.9
2018-08,SP,electronics,3350.58
2018-08,SP,fashio_female_clothing,94.98
2018-08,SP,fashion_bags_accessories,3847.03
2018-08,SP,fashion_male_clothing,52.9
2018-08,SP,fashion_shoes,29.9
2018-08,SP,fashion_sport,69.9
2018-08,SP,fashion_underwear_beach,160.0
2018-08,SP,fixed_telephony,1715.29
2018-08,SP,food,5262.83
2018-08,SP,food_drink,796.68
2018-08,SP,furniture_bedroom,1849.0
2018-08,SP,furniture_decor,16210.16
2018-08,SP,furniture_living_room,2302.99
2018-08,SP,garden_tools,5801.75
2018-08,SP,health_beauty,49676.6
2018-08,SP,home_appliances,2027.96
2018-08,SP,home_appliances_2,3045.77
2018-08,SP,home_confort,1114.69
2018-08,SP,home_construction,3101.29
2018-08,SP,housewares,27888.43
2018-08,SP,industry_commerce_and_business,2144.7
2018-08,SP,kitchen_dining_laundry_garden_furniture,505.8
2018-08,SP,luggage_accessories,3066.93
2018-08,SP,market_place,605.67
2018-08,SP,music,329.2
2018-08,SP,musical_instruments,7745.05
2018-08,SP,office_furniture,3556.93
2018-08,SP,party_supplies,532.69
2018-08,SP,perfumery,12497.29
2018-08,SP,pet_shop,9801.96
2018-08,SP,portable_kitchen_food_preparers,620.7
2018-08,SP,signaling_and_security,878.16
2018-08,SP,small_appliances,3481.23
2018-08,SP,small_appliances_home_oven_and_coffee,2072.43
2018-08,SP,sports_leisure,24174.75
2018-08,SP,stationery,8062.2
2018-08,SP,telephony,12197.87
2018-08,SP,toys,7861.87
2018-08,SP,unknown,811.4
2018-08,SP,watches_gifts,26245.44
2018-08,TO,auto,26.89
2018-08,TO,computers_accessories,23.9
2018-08,TO,consoles_games,171.9
2018-08,TO,construction_tools_lights,228.0
2018-08,TO,electronics,25.89
2018-08,TO,fashion_bags_accessories,42.9
2018-08,TO,furniture_decor,646.0
2018-08,TO,furniture_living_room,179.9
2018-08,TO,health_beauty,13.99
2018-08,TO,housewares,43.9
2018-08,TO,telephony,249.0
2018-08,TO,toys,68.8
2018-08,TO,watches_gifts,204.9
